account_id,customer_id,branch_id,account_type,account_status,opened_date
200001,102967,B003,Premium Savings,Active,2021-10-13
200002,103642,B006,Current,Active,2024-11-17
200003,100412,B002,Savings,Active,2023-01-30
200004,104963,B019,Current,Active,2025-09-03
200005,103041,B012,Salary,Active,2024-07-18
200006,103092,B007,Salary,Active,2021-11-18
200007,104414,B007,Salary,Active,2024-11-01
200008,102454,B002,Current,Active,2021-01-11
200009,100152,B010,Savings,Active,2023-04-14
200010,100666,B002,Salary,Active,2021-06-03
200011,104738,B015,Premium Savings,Active,2024-11-12
200012,104935,B005,Salary,Dormant,2025-01-05
200013,100420,B003,Savings,Active,2025-09-10
200014,103425,B003,Salary,Active,2021-04-09
200015,103304,B001,Savings,Active,2025-03-27
200016,100826,B008,Premium Savings,Active,2024-09-24
200017,103937,B002,Savings,Active,2025-04-06
200018,102299,B002,Savings,Active,2023-01-10
200019,101153,B005,Savings,Dormant,2024-04-06
200020,102802,B012,Salary,Active,2023-02-17
200021,104526,B005,Current,Closed,2024-05-21
200022,101085,B009,Salary,Active,2024-08-26
200023,103095,B009,Savings,Active,2022-06-19
200024,103663,B012,Salary,Active,2022-08-08
200025,103127,B001,Savings,Active,2025-12-01
200026,103252,B020,Savings,Active,2025-01-19
200027,103629,B002,Salary,Active,2021-04-08
200028,101169,B020,Current,Active,2021-06-22
200029,100509,B006,Current,Active,2024-12-18
200030,104949,B009,Savings,Active,2024-08-04
200031,101599,B002,Salary,Active,2022-01-26
200032,104744,B008,Savings,Active,2025-07-08
200033,101343,B018,Current,Active,2021-02-01
200034,101328,B014,Savings,Active,2021-10-27
200035,100125,B013,Salary,Active,2023-10-04
200036,102210,B008,Savings,Closed,2023-10-10
200037,104725,B019,Savings,Active,2022-01-27
200038,104474,B016,Savings,Active,2024-03-15
200039,101524,B006,Current,Active,2025-03-13
200040,102032,B013,Savings,Active,2021-08-31
200041,103348,B008,Salary,Active,2024-12-03
200042,104775,B004,Savings,Active,2023-09-19
200043,103021,B014,Savings,Active,2025-07-03
200044,101003,B009,Current,Active,2022-04-06
200045,101781,B002,Savings,Active,2024-06-04
200046,103621,B018,Salary,Active,2024-10-07
200047,100118,B013,Current,Active,2022-10-19
200048,102998,B012,Salary,Active,2023-11-03
200049,103846,B020,Current,Active,2024-08-31
200050,101731,B015,Savings,Active,2023-01-20
200051,102695,B020,Savings,Active,2024-04-20
200052,103589,B015,Savings,Closed,2024-09-17
200053,102976,B004,Salary,Active,2022-03-12
200054,100122,B010,Savings,Active,2024-08-28
200055,102928,B011,Savings,Closed,2023-12-19
200056,101155,B006,Salary,Dormant,2022-01-20
200057,103700,B007,Current,Active,2025-03-17
200058,101307,B012,Premium Savings,Active,2021-02-16
200059,104891,B009,Savings,Active,2024-01-15
200060,100588,B003,Salary,Active,2022-03-30
200061,104454,B012,Salary,Active,2024-07-18
200062,100170,B012,Salary,Closed,2025-05-30
200063,103415,B017,Savings,Active,2024-04-29
200064,101765,B003,Savings,Active,2022-12-26
200065,100977,B010,Savings,Dormant,2024-03-13
200066,101092,B019,Salary,Active,2022-01-03
200067,100193,B006,Savings,Active,2021-06-04
200068,100665,B015,Savings,Active,2022-11-05
200069,101961,B007,Savings,Active,2024-01-26
200070,100787,B004,Salary,Active,2022-12-01
200071,104841,B015,Savings,Active,2021-07-24
200072,104132,B016,Savings,Active,2023-04-09
200073,102362,B019,Salary,Active,2025-05-08
200074,100475,B015,Salary,Active,2023-04-02
200075,104931,B007,Salary,Active,2023-04-20
200076,103625,B015,Current,Active,2022-06-29
200077,100917,B001,Savings,Active,2023-05-20
200078,100270,B007,Savings,Active,2022-07-01
200079,103099,B005,Savings,Closed,2025-10-13
200080,100204,B011,Savings,Active,2024-12-30
200081,103072,B014,Savings,Active,2024-07-04
200082,102212,B012,Current,Active,2024-04-25
200083,104403,B004,Savings,Active,2022-08-17
200084,101910,B008,Salary,Active,2024-05-24
200085,102240,B002,Savings,Active,2025-10-21
200086,102729,B012,Premium Savings,Dormant,2021-12-14
200087,104916,B015,Salary,Active,2025-04-20
200088,103514,B005,Savings,Dormant,2025-12-16
200089,103347,B011,Savings,Active,2021-04-24
200090,101550,B018,Premium Savings,Active,2021-06-08
200091,102417,B003,Premium Savings,Active,2023-06-08
200092,100973,B020,Savings,Active,2024-05-30
200093,101959,B007,Savings,Active,2023-08-10
200094,104111,B007,Premium Savings,Active,2024-09-18
200095,100498,B015,Current,Active,2025-02-10
200096,100827,B007,Salary,Active,2022-05-03
200097,102930,B009,Savings,Active,2023-08-09
200098,103993,B005,Salary,Active,2021-05-21
200099,104876,B003,Current,Dormant,2021-08-04
200100,102936,B018,Savings,Active,2024-09-07
200101,103285,B002,Salary,Active,2025-06-25
200102,101447,B004,Savings,Active,2023-10-30
200103,102050,B017,Savings,Active,2024-08-23
200104,101572,B016,Current,Closed,2025-10-29
200105,100546,B005,Current,Active,2021-05-23
200106,101854,B017,Premium Savings,Active,2024-08-21
200107,101088,B015,Current,Active,2024-02-12
200108,102956,B007,Savings,Active,2025-08-24
200109,103769,B002,Savings,Active,2022-07-05
200110,104899,B016,Current,Active,2024-03-03
200111,104401,B014,Savings,Active,2025-03-18
200112,101592,B010,Current,Active,2023-06-28
200113,104693,B006,Savings,Closed,2022-05-08
200114,104710,B007,Savings,Active,2025-09-21
200115,102518,B006,Savings,Active,2021-10-13
200116,101026,B018,Current,Active,2025-02-03
200117,103888,B005,Savings,Active,2025-03-10
200118,100565,B010,Current,Active,2021-03-05
200119,101806,B013,Savings,Active,2022-10-04
200120,102661,B002,Salary,Active,2023-12-01
200121,104319,B011,Current,Active,2021-07-05
200122,104883,B013,Salary,Active,2021-09-30
200123,104090,B011,Salary,Active,2022-08-27
200124,102425,B014,Salary,Active,2025-09-27
200125,100425,B010,Salary,Active,2023-02-21
200126,104000,B013,Savings,Active,2024-05-18
200127,104284,B020,Savings,Dormant,2024-01-11
200128,102363,B008,Salary,Active,2023-04-04
200129,102771,B008,Current,Active,2021-06-06
200130,104251,B014,Current,Active,2025-10-18
200131,100661,B002,Salary,Active,2023-09-08
200132,104064,B006,Savings,Active,2022-09-06
200133,102564,B004,Savings,Active,2023-03-20
200134,103431,B010,Current,Active,2023-03-22
200135,100953,B003,Current,Active,2025-11-22
200136,103078,B005,Salary,Active,2022-12-30
200137,101342,B009,Salary,Active,2025-12-04
200138,102591,B013,Savings,Active,2021-08-29
200139,102625,B009,Savings,Active,2022-01-02
200140,104784,B017,Savings,Active,2021-10-01
200141,103351,B016,Savings,Active,2025-09-24
200142,102787,B002,Salary,Active,2023-12-15
200143,102010,B014,Salary,Active,2023-06-15
200144,101686,B001,Salary,Active,2021-05-07
200145,103262,B004,Current,Active,2021-10-31
200146,104412,B016,Savings,Active,2025-08-27
200147,102863,B012,Current,Active,2025-10-25
200148,103301,B007,Savings,Active,2022-08-21
200149,101640,B004,Savings,Active,2024-07-21
200150,102791,B007,Current,Active,2022-08-09
200151,102860,B016,Savings,Active,2025-10-26
200152,103411,B012,Savings,Active,2021-09-12
200153,101582,B003,Salary,Active,2021-06-15
200154,101745,B010,Current,Active,2022-10-03
200155,101797,B005,Savings,Active,2021-11-22
200156,102105,B003,Salary,Active,2024-06-15
200157,101461,B002,Savings,Active,2025-08-01
200158,100978,B016,Current,Active,2025-10-14
200159,102502,B004,Current,Active,2025-11-28
200160,104276,B004,Current,Active,2021-12-18
200161,100159,B018,Salary,Active,2021-04-05
200162,103328,B017,Savings,Active,2021-11-21
200163,104083,B011,Savings,Active,2024-10-16
200164,104122,B016,Current,Active,2021-09-11
200165,104264,B001,Savings,Active,2024-06-01
200166,101587,B004,Savings,Active,2023-11-14
200167,100505,B008,Savings,Active,2024-12-12
200168,104978,B016,Savings,Active,2021-08-02
200169,103500,B002,Savings,Active,2023-03-13
200170,101787,B014,Current,Active,2021-06-10
200171,104261,B002,Salary,Dormant,2021-02-10
200172,101769,B020,Salary,Active,2024-09-19
200173,103747,B005,Salary,Active,2023-10-06
200174,104804,B015,Salary,Active,2024-12-18
200175,103840,B013,Current,Active,2021-05-24
200176,103276,B008,Salary,Active,2022-07-29
200177,100956,B016,Salary,Active,2021-09-07
200178,104668,B013,Salary,Active,2023-11-28
200179,102129,B010,Salary,Active,2023-10-24
200180,103116,B014,Salary,Active,2024-09-16
200181,103060,B006,Savings,Active,2021-06-13
200182,101233,B015,Premium Savings,Dormant,2021-03-31
200183,103016,B015,Savings,Active,2025-04-10
200184,101954,B010,Savings,Active,2024-03-04
200185,101748,B014,Savings,Active,2021-08-04
200186,104295,B017,Current,Active,2022-06-07
200187,103610,B013,Savings,Active,2023-01-17
200188,102448,B006,Savings,Active,2023-01-17
200189,100096,B006,Savings,Active,2024-08-31
200190,103545,B020,Current,Dormant,2022-10-13
200191,103691,B017,Savings,Active,2023-12-26
200192,100833,B007,Current,Active,2024-08-03
200193,103785,B015,Salary,Active,2021-07-05
200194,101999,B001,Salary,Active,2023-05-06
200195,103664,B014,Salary,Active,2022-04-11
200196,104198,B005,Savings,Active,2024-10-19
200197,103502,B007,Premium Savings,Active,2021-08-28
200198,104706,B019,Salary,Active,2022-07-29
200199,100382,B003,Savings,Dormant,2024-02-06
200200,101622,B016,Savings,Active,2023-09-15
200201,100297,B009,Current,Active,2021-03-13
200202,100863,B009,Salary,Active,2025-07-14
200203,101869,B010,Salary,Active,2021-05-21
200204,100118,B019,Salary,Active,2023-03-11
200205,101981,B011,Premium Savings,Dormant,2021-04-21
200206,100637,B005,Salary,Active,2023-11-18
200207,100567,B001,Savings,Active,2022-10-10
200208,104179,B005,Savings,Dormant,2024-05-08
200209,103721,B004,Savings,Active,2024-02-19
200210,102279,B003,Savings,Active,2025-07-23
200211,102837,B020,Savings,Active,2021-03-24
200212,101459,B009,Savings,Active,2024-03-06
200213,102429,B020,Salary,Active,2022-09-13
200214,103879,B011,Savings,Closed,2024-01-23
200215,102608,B005,Salary,Dormant,2025-10-22
200216,103968,B003,Premium Savings,Dormant,2025-03-02
200217,102424,B016,Savings,Active,2025-11-12
200218,101811,B003,Savings,Active,2025-12-16
200219,104475,B002,Savings,Active,2024-11-22
200220,104507,B008,Salary,Active,2025-06-29
200221,101144,B007,Salary,Active,2024-06-06
200222,102316,B005,Savings,Active,2021-08-16
200223,103863,B011,Salary,Active,2025-06-20
200224,101307,B012,Salary,Dormant,2024-05-19
200225,103745,B009,Savings,Active,2025-04-27
200226,104499,B011,Current,Active,2022-08-23
200227,101180,B014,Current,Active,2023-12-06
200228,100765,B004,Savings,Active,2023-01-27
200229,104724,B008,Salary,Active,2021-01-22
200230,104980,B001,Savings,Active,2024-03-23
200231,104293,B020,Salary,Active,2022-07-08
200232,103067,B013,Salary,Active,2021-09-22
200233,100428,B017,Savings,Active,2022-01-20
200234,104577,B016,Salary,Active,2024-06-18
200235,100995,B001,Savings,Active,2024-07-25
200236,100895,B010,Savings,Active,2022-06-20
200237,103586,B018,Savings,Active,2022-09-15
200238,101946,B012,Salary,Active,2025-02-04
200239,104339,B012,Premium Savings,Active,2023-05-16
200240,104367,B020,Savings,Active,2022-11-10
200241,104027,B015,Savings,Active,2025-04-10
200242,104186,B016,Premium Savings,Active,2021-04-02
200243,102730,B016,Salary,Active,2024-05-23
200244,104360,B007,Savings,Active,2023-12-29
200245,104577,B020,Savings,Active,2022-12-27
200246,101403,B018,Savings,Active,2024-09-30
200247,102127,B001,Savings,Active,2022-05-26
200248,103089,B011,Current,Active,2024-01-31
200249,104297,B005,Salary,Dormant,2022-04-15
200250,101948,B011,Salary,Active,2024-11-22
200251,101301,B017,Savings,Active,2023-02-02
200252,101604,B014,Salary,Closed,2025-01-07
200253,103998,B016,Current,Active,2023-11-26
200254,102601,B009,Salary,Active,2021-03-19
200255,101275,B002,Savings,Active,2024-01-29
200256,103576,B018,Savings,Active,2021-01-04
200257,103301,B002,Savings,Active,2024-08-31
200258,102593,B004,Savings,Active,2022-02-14
200259,103099,B015,Salary,Active,2025-11-28
200260,101153,B009,Current,Active,2022-02-15
200261,100914,B010,Savings,Active,2023-04-09
200262,104038,B002,Current,Active,2023-10-25
200263,103401,B004,Salary,Active,2021-09-18
200264,104889,B015,Salary,Active,2022-02-23
200265,104695,B012,Salary,Active,2025-11-10
200266,101815,B006,Salary,Active,2022-10-28
200267,102313,B009,Salary,Active,2024-11-08
200268,104247,B009,Savings,Active,2023-04-08
200269,100017,B019,Salary,Active,2022-01-23
200270,104320,B018,Savings,Active,2024-01-02
200271,100839,B010,Salary,Active,2021-09-11
200272,101303,B004,Premium Savings,Active,2025-12-25
200273,102410,B012,Savings,Dormant,2024-05-17
200274,103527,B001,Savings,Active,2024-06-10
200275,101770,B013,Savings,Active,2021-02-17
200276,104693,B012,Premium Savings,Dormant,2022-05-01
200277,103915,B018,Savings,Active,2022-12-07
200278,103700,B009,Salary,Active,2022-10-03
200279,103863,B012,Savings,Active,2021-07-27
200280,100151,B002,Savings,Active,2021-03-21
200281,104115,B017,Savings,Active,2023-12-23
200282,103023,B006,Salary,Dormant,2023-02-05
200283,100932,B016,Savings,Active,2022-03-14
200284,103893,B005,Premium Savings,Active,2023-12-12
200285,100529,B007,Salary,Active,2025-12-14
200286,103091,B006,Salary,Dormant,2025-09-29
200287,102847,B018,Savings,Active,2025-05-21
200288,100144,B016,Current,Active,2022-05-04
200289,101874,B015,Savings,Dormant,2021-11-07
200290,100601,B007,Savings,Active,2022-03-21
200291,104733,B015,Current,Active,2022-07-21
200292,104009,B010,Savings,Active,2021-02-01
200293,104980,B015,Premium Savings,Active,2022-07-28
200294,102441,B006,Savings,Active,2023-11-15
200295,101644,B011,Savings,Active,2022-04-02
200296,104790,B020,Current,Active,2025-12-23
200297,101534,B002,Current,Active,2025-03-30
200298,102075,B016,Savings,Active,2022-11-09
200299,100669,B014,Premium Savings,Active,2023-01-23
200300,104109,B009,Savings,Active,2023-06-28
200301,100599,B019,Current,Active,2022-08-29
200302,100178,B015,Savings,Active,2021-04-17
200303,104167,B011,Savings,Active,2022-12-03
200304,104206,B007,Current,Active,2023-11-09
200305,104269,B014,Salary,Active,2022-04-10
200306,104296,B002,Current,Active,2022-01-19
200307,100709,B006,Savings,Active,2023-08-09
200308,101811,B009,Savings,Closed,2021-01-29
200309,103827,B005,Premium Savings,Active,2024-09-12
200310,101548,B012,Savings,Closed,2024-06-02
200311,103892,B018,Current,Active,2025-10-29
200312,104550,B007,Savings,Active,2021-09-27
200313,104807,B009,Savings,Active,2024-12-27
200314,103889,B009,Savings,Active,2021-07-04
200315,103987,B015,Savings,Closed,2024-11-05
200316,102990,B015,Current,Active,2022-02-21
200317,100391,B005,Savings,Active,2025-02-08
200318,102182,B018,Salary,Active,2021-09-09
200319,104767,B013,Savings,Active,2025-01-20
200320,104561,B018,Savings,Active,2024-02-11
200321,101194,B018,Savings,Active,2021-03-25
200322,103737,B012,Savings,Dormant,2022-05-03
200323,101536,B015,Savings,Active,2023-05-18
200324,102085,B013,Savings,Active,2024-05-09
200325,103245,B013,Savings,Active,2024-09-02
200326,102484,B011,Savings,Dormant,2023-09-24
200327,103022,B005,Savings,Dormant,2024-06-15
200328,100493,B008,Savings,Dormant,2022-10-08
200329,101484,B015,Savings,Active,2022-08-20
200330,104054,B015,Savings,Active,2021-12-20
200331,103097,B010,Savings,Active,2024-05-02
200332,104209,B003,Current,Active,2024-05-12
200333,104827,B003,Savings,Active,2025-07-26
200334,101779,B018,Premium Savings,Dormant,2023-08-16
200335,101322,B003,Savings,Active,2024-01-26
200336,101549,B006,Savings,Active,2024-08-08
200337,102862,B002,Salary,Active,2025-05-11
200338,101262,B005,Savings,Active,2023-07-13
200339,101952,B017,Savings,Closed,2024-09-25
200340,100868,B006,Salary,Active,2025-01-03
200341,101929,B017,Current,Active,2023-11-30
200342,104739,B017,Current,Active,2023-10-01
200343,102120,B015,Savings,Active,2024-05-02
200344,103796,B006,Savings,Active,2025-01-24
200345,102153,B020,Savings,Active,2023-10-15
200346,102168,B013,Salary,Active,2023-10-01
200347,103293,B016,Savings,Active,2022-02-02
200348,100551,B007,Current,Active,2025-10-22
200349,101777,B014,Premium Savings,Active,2021-04-15
200350,100698,B014,Premium Savings,Dormant,2025-04-07
200351,100995,B012,Savings,Active,2022-12-01
200352,103549,B012,Current,Active,2022-04-09
200353,100874,B015,Salary,Active,2022-02-18
200354,101016,B020,Salary,Active,2024-08-21
200355,102864,B018,Premium Savings,Active,2022-06-13
200356,101740,B007,Salary,Active,2021-08-29
200357,100614,B018,Salary,Closed,2023-04-21
200358,104786,B007,Savings,Active,2025-07-21
200359,104617,B005,Current,Active,2025-05-05
200360,102906,B004,Current,Closed,2022-09-23
200361,102625,B015,Salary,Active,2024-03-25
200362,104042,B010,Current,Active,2023-05-22
200363,104870,B017,Savings,Active,2022-12-28
200364,100520,B017,Current,Active,2021-02-07
200365,100489,B011,Premium Savings,Closed,2021-10-12
200366,101652,B005,Savings,Active,2025-05-03
200367,101523,B003,Salary,Active,2025-10-24
200368,104479,B020,Current,Active,2025-09-27
200369,102542,B007,Savings,Closed,2025-10-11
200370,104053,B001,Savings,Active,2023-05-09
200371,103337,B008,Current,Dormant,2021-05-01
200372,103618,B017,Salary,Active,2021-12-09
200373,104783,B002,Savings,Dormant,2024-12-20
200374,102938,B014,Premium Savings,Active,2024-06-20
200375,103882,B009,Salary,Active,2025-12-10
200376,101345,B019,Savings,Active,2022-06-26
200377,101299,B009,Savings,Active,2022-12-29
200378,102928,B011,Savings,Active,2025-10-19
200379,104509,B010,Savings,Active,2025-07-28
200380,100254,B014,Savings,Active,2022-07-22
200381,102506,B002,Savings,Active,2025-10-14
200382,101012,B001,Premium Savings,Active,2023-11-17
200383,104423,B012,Current,Active,2025-12-17
200384,102592,B008,Salary,Active,2021-04-01
200385,100211,B004,Current,Active,2023-11-18
200386,100010,B016,Current,Active,2025-12-12
200387,103199,B015,Salary,Active,2025-10-23
200388,101162,B003,Savings,Active,2023-11-18
200389,100207,B004,Salary,Active,2021-03-19
200390,100762,B016,Salary,Dormant,2025-11-15
200391,100772,B010,Premium Savings,Active,2021-10-16
200392,101728,B007,Savings,Active,2022-07-03
200393,103591,B011,Salary,Active,2025-05-19
200394,104292,B008,Current,Active,2023-08-21
200395,102661,B002,Savings,Active,2022-04-16
200396,104738,B013,Savings,Active,2021-02-03
200397,103957,B014,Savings,Active,2021-11-29
200398,100826,B002,Savings,Active,2024-11-07
200399,103678,B005,Savings,Active,2024-07-31
200400,101156,B013,Savings,Closed,2021-10-31
200401,104817,B016,Salary,Closed,2025-07-03
200402,104235,B019,Salary,Active,2023-02-16
200403,100322,B013,Salary,Active,2024-06-30
200404,100864,B002,Current,Dormant,2024-05-07
200405,102208,B008,Premium Savings,Active,2021-07-30
200406,103707,B006,Current,Active,2021-05-30
200407,102762,B020,Savings,Active,2024-01-24
200408,100428,B001,Savings,Active,2024-12-01
200409,103143,B008,Savings,Active,2025-09-10
200410,103242,B011,Current,Active,2025-01-10
200411,104649,B006,Savings,Active,2023-12-07
200412,101329,B015,Premium Savings,Active,2023-08-28
200413,100192,B003,Savings,Active,2023-01-08
200414,103748,B019,Savings,Active,2024-01-10
200415,103514,B009,Savings,Active,2025-10-15
200416,102597,B008,Savings,Active,2021-06-21
200417,103461,B019,Premium Savings,Active,2023-05-24
200418,100895,B003,Current,Active,2023-03-31
200419,100629,B010,Savings,Active,2022-07-10
200420,102012,B001,Current,Active,2025-03-16
200421,104471,B011,Savings,Active,2023-09-26
200422,102572,B007,Savings,Active,2021-06-12
200423,103197,B015,Savings,Active,2024-06-23
200424,104980,B011,Savings,Active,2025-12-10
200425,101514,B013,Current,Active,2021-12-09
200426,102402,B019,Salary,Active,2023-06-06
200427,103429,B020,Savings,Active,2022-03-15
200428,100757,B005,Current,Active,2021-01-24
200429,102010,B011,Salary,Active,2023-02-25
200430,102777,B016,Savings,Active,2022-09-13
200431,101519,B003,Current,Active,2025-07-05
200432,101102,B010,Savings,Closed,2023-07-03
200433,102190,B012,Savings,Active,2024-02-25
200434,104398,B018,Savings,Active,2025-10-17
200435,102081,B002,Savings,Active,2023-08-26
200436,104171,B018,Current,Active,2024-07-11
200437,103383,B005,Salary,Active,2023-08-17
200438,100644,B018,Savings,Active,2023-11-27
200439,104571,B014,Premium Savings,Active,2022-01-16
200440,102942,B009,Savings,Active,2025-10-30
200441,102845,B003,Savings,Active,2022-07-13
200442,103483,B007,Current,Active,2022-06-23
200443,100209,B015,Current,Active,2022-09-09
200444,101259,B005,Premium Savings,Active,2022-11-24
200445,103974,B014,Savings,Active,2022-10-05
200446,103132,B005,Savings,Active,2024-11-02
200447,101948,B002,Current,Active,2024-08-12
200448,102314,B013,Current,Active,2023-12-21
200449,103099,B017,Salary,Active,2022-06-30
200450,102411,B020,Salary,Active,2022-02-04
200451,102287,B011,Savings,Active,2024-05-30
200452,102757,B013,Salary,Active,2024-10-02
200453,101408,B014,Salary,Active,2023-01-04
200454,102851,B009,Current,Dormant,2022-05-03
200455,103461,B001,Savings,Active,2023-04-12
200456,103549,B005,Salary,Active,2023-10-17
200457,103102,B008,Salary,Active,2021-04-18
200458,102263,B014,Savings,Active,2025-04-12
200459,103276,B007,Savings,Active,2024-08-03
200460,103614,B005,Salary,Active,2022-05-18
200461,101552,B019,Premium Savings,Active,2025-02-28
200462,102430,B002,Current,Active,2024-10-21
200463,103390,B016,Salary,Active,2023-07-13
200464,103315,B002,Savings,Active,2025-04-21
200465,102481,B007,Savings,Active,2022-01-08
200466,101316,B018,Salary,Active,2022-08-02
200467,104551,B017,Savings,Active,2025-12-24
200468,102709,B008,Savings,Active,2021-12-25
200469,102705,B001,Salary,Active,2025-04-06
200470,102340,B019,Savings,Active,2025-04-30
200471,103801,B018,Savings,Active,2022-11-23
200472,101511,B010,Savings,Active,2023-05-02
200473,104687,B001,Savings,Active,2025-09-07
200474,100312,B014,Savings,Closed,2022-07-23
200475,100063,B016,Savings,Active,2022-11-08
200476,102551,B017,Premium Savings,Active,2021-01-19
200477,104297,B015,Current,Active,2022-10-15
200478,100049,B018,Salary,Dormant,2021-12-21
200479,103395,B011,Savings,Active,2022-01-08
200480,101950,B004,Savings,Active,2023-07-25
200481,100109,B014,Salary,Active,2024-11-07
200482,101854,B005,Current,Active,2025-02-21
200483,103234,B013,Salary,Active,2022-11-16
200484,103169,B004,Savings,Active,2023-07-06
200485,104245,B001,Current,Active,2021-05-21
200486,104938,B009,Current,Active,2022-05-20
200487,100273,B012,Savings,Dormant,2022-07-23
200488,104291,B004,Salary,Active,2025-08-23
200489,100049,B016,Savings,Active,2025-03-31
200490,104876,B014,Savings,Closed,2022-11-05
200491,103870,B017,Savings,Active,2021-11-11
200492,104755,B008,Current,Active,2021-10-25
200493,100339,B014,Salary,Active,2023-07-24
200494,100371,B020,Savings,Active,2025-09-22
200495,104928,B004,Premium Savings,Active,2023-12-29
200496,101410,B017,Savings,Active,2022-12-25
200497,101908,B013,Salary,Active,2025-02-21
200498,101485,B015,Salary,Active,2023-05-31
200499,100784,B013,Premium Savings,Active,2022-02-02
200500,100356,B014,Salary,Active,2025-02-23
200501,100677,B016,Current,Active,2025-07-23
200502,104234,B001,Savings,Active,2022-06-10
200503,100135,B001,Salary,Dormant,2025-11-25
200504,104477,B002,Salary,Active,2023-08-23
200505,101101,B019,Current,Active,2022-03-16
200506,103025,B009,Salary,Active,2025-04-30
200507,101287,B020,Savings,Active,2021-09-15
200508,104455,B019,Savings,Active,2022-04-13
200509,100203,B007,Savings,Dormant,2022-11-01
200510,103572,B002,Current,Active,2025-06-21
200511,104673,B017,Salary,Active,2025-09-29
200512,102203,B009,Salary,Active,2021-12-16
200513,102254,B006,Current,Active,2021-01-30
200514,100750,B016,Savings,Active,2025-04-09
200515,104394,B010,Savings,Active,2023-09-02
200516,104793,B007,Savings,Active,2022-12-20
200517,102483,B008,Savings,Active,2021-01-15
200518,103462,B019,Current,Active,2023-09-28
200519,103791,B007,Salary,Active,2021-09-02
200520,101771,B019,Salary,Active,2023-10-04
200521,100020,B012,Savings,Active,2021-10-05
200522,100644,B002,Salary,Active,2022-01-09
200523,104485,B003,Current,Active,2021-08-18
200524,103995,B013,Savings,Active,2021-11-12
200525,100475,B003,Salary,Active,2024-07-02
200526,104011,B003,Premium Savings,Active,2024-07-22
200527,104416,B010,Savings,Active,2023-04-17
200528,102716,B009,Current,Active,2025-02-15
200529,102257,B019,Savings,Active,2025-10-21
200530,105000,B018,Savings,Active,2021-09-07
200531,104360,B019,Savings,Active,2022-02-25
200532,101933,B002,Savings,Active,2024-10-03
200533,102385,B017,Salary,Active,2023-12-12
200534,104711,B019,Savings,Active,2022-08-20
200535,104608,B013,Salary,Active,2023-11-26
200536,103152,B020,Salary,Active,2023-12-21
200537,103243,B017,Salary,Active,2023-12-18
200538,103683,B014,Savings,Active,2023-09-03
200539,101445,B009,Savings,Active,2021-02-26
200540,104586,B008,Savings,Active,2024-09-18
200541,101471,B008,Savings,Active,2021-12-09
200542,104156,B006,Savings,Active,2023-09-17
200543,104101,B012,Current,Active,2023-09-02
200544,101444,B009,Current,Active,2021-06-20
200545,104039,B006,Savings,Closed,2022-06-10
200546,104337,B004,Savings,Active,2022-05-25
200547,102484,B011,Salary,Active,2022-01-02
200548,102699,B001,Premium Savings,Active,2022-12-28
200549,102547,B008,Current,Active,2022-06-19
200550,100225,B002,Current,Active,2023-11-10
200551,102703,B007,Current,Active,2021-04-23
200552,103370,B014,Savings,Active,2021-11-06
200553,102807,B013,Salary,Active,2023-07-30
200554,102499,B001,Savings,Dormant,2022-09-08
200555,102507,B015,Salary,Active,2023-01-28
200556,102684,B007,Savings,Closed,2021-04-26
200557,104646,B010,Salary,Dormant,2022-04-10
200558,102058,B014,Salary,Active,2022-08-12
200559,101122,B001,Salary,Active,2021-02-10
200560,100321,B004,Savings,Active,2023-07-24
200561,104354,B004,Current,Active,2021-04-02
200562,100902,B007,Current,Active,2025-09-06
200563,102086,B001,Salary,Active,2021-03-14
200564,103783,B001,Current,Active,2021-11-21
200565,100893,B011,Current,Active,2023-08-09
200566,101172,B003,Salary,Active,2021-02-20
200567,103177,B009,Savings,Active,2024-02-13
200568,103139,B005,Current,Active,2022-11-20
200569,101217,B020,Savings,Active,2021-02-05
200570,102710,B003,Salary,Active,2024-01-14
200571,103521,B010,Savings,Active,2021-05-17
200572,101107,B010,Salary,Active,2024-01-14
200573,102217,B015,Savings,Active,2024-04-28
200574,101403,B003,Savings,Active,2022-09-23
200575,104701,B020,Savings,Active,2024-01-13
200576,101918,B007,Salary,Active,2021-03-10
200577,104280,B001,Savings,Active,2025-05-08
200578,104401,B015,Current,Active,2025-08-05
200579,100839,B011,Savings,Active,2021-11-06
200580,104707,B014,Salary,Active,2023-07-05
200581,100246,B019,Savings,Active,2023-01-28
200582,101934,B008,Current,Active,2024-11-18
200583,100795,B019,Savings,Active,2022-01-28
200584,100231,B019,Savings,Active,2022-12-26
200585,102760,B011,Savings,Active,2022-11-12
200586,103005,B016,Current,Active,2025-02-26
200587,102910,B001,Savings,Active,2023-08-05
200588,102088,B013,Premium Savings,Active,2024-12-03
200589,103935,B002,Savings,Active,2021-05-18
200590,102462,B009,Current,Active,2021-06-23
200591,102676,B015,Savings,Active,2025-09-21
200592,102210,B002,Savings,Active,2021-04-04
200593,101037,B009,Salary,Active,2024-05-07
200594,103273,B009,Salary,Active,2021-09-30
200595,104146,B005,Current,Active,2023-08-02
200596,101523,B011,Salary,Active,2025-02-10
200597,102318,B017,Savings,Active,2023-05-17
200598,104464,B020,Premium Savings,Active,2022-05-07
200599,101033,B019,Savings,Active,2021-10-27
200600,102107,B020,Salary,Active,2022-12-24
200601,101348,B005,Salary,Active,2025-09-20
200602,101709,B003,Savings,Active,2023-11-22
200603,102297,B004,Current,Active,2023-04-28
200604,104615,B020,Premium Savings,Active,2024-04-04
200605,100063,B005,Savings,Dormant,2023-08-27
200606,101791,B016,Savings,Active,2023-02-18
200607,104330,B009,Current,Active,2021-10-30
200608,100416,B014,Savings,Active,2023-03-31
200609,102533,B016,Savings,Active,2022-05-10
200610,100777,B019,Salary,Dormant,2022-08-22
200611,102797,B002,Premium Savings,Active,2022-07-07
200612,103572,B007,Current,Active,2021-06-21
200613,103177,B003,Premium Savings,Active,2023-08-09
200614,102812,B008,Savings,Active,2021-09-28
200615,103714,B008,Savings,Active,2023-01-16
200616,102674,B018,Savings,Active,2025-06-13
200617,103065,B015,Savings,Active,2025-03-22
200618,100410,B003,Current,Active,2025-11-15
200619,100107,B009,Savings,Active,2021-09-30
200620,100821,B015,Savings,Active,2025-02-15
200621,102700,B015,Salary,Active,2025-01-26
200622,101982,B017,Current,Active,2022-07-13
200623,101831,B005,Current,Active,2022-10-27
200624,102241,B018,Current,Active,2021-11-22
200625,104948,B019,Premium Savings,Active,2025-10-30
200626,101883,B005,Salary,Active,2023-07-19
200627,102221,B014,Salary,Active,2022-06-11
200628,102514,B014,Premium Savings,Active,2021-06-22
200629,103872,B018,Salary,Active,2023-07-02
200630,103668,B002,Savings,Active,2025-07-28
200631,104897,B005,Current,Active,2022-11-28
200632,103179,B018,Savings,Active,2024-11-02
200633,104770,B001,Savings,Active,2022-09-09
200634,103057,B010,Current,Active,2025-11-12
200635,102692,B006,Savings,Active,2024-03-05
200636,102789,B013,Current,Active,2025-04-12
200637,102401,B010,Salary,Active,2024-01-01
200638,101005,B018,Savings,Active,2023-01-17
200639,101832,B002,Premium Savings,Active,2021-03-27
200640,103024,B011,Salary,Active,2022-07-28
200641,103031,B011,Salary,Active,2022-02-18
200642,100793,B011,Savings,Active,2025-03-03
200643,104018,B002,Premium Savings,Active,2023-11-02
200644,103565,B010,Savings,Active,2023-12-09
200645,102626,B018,Salary,Active,2025-11-15
200646,102262,B013,Savings,Active,2025-05-23
200647,102789,B003,Savings,Active,2024-05-11
200648,102908,B015,Savings,Active,2022-08-17
200649,102140,B019,Salary,Dormant,2021-07-18
200650,104314,B017,Salary,Active,2023-09-25
200651,100792,B002,Salary,Active,2025-12-10
200652,101866,B001,Salary,Active,2023-04-24
200653,101989,B004,Savings,Active,2025-11-27
200654,100499,B007,Premium Savings,Dormant,2021-12-01
200655,100446,B019,Savings,Active,2021-04-23
200656,104457,B009,Premium Savings,Active,2023-09-15
200657,103873,B020,Salary,Active,2022-11-14
200658,101825,B002,Savings,Active,2021-06-02
200659,101331,B016,Savings,Active,2025-09-17
200660,102033,B016,Salary,Active,2022-11-16
200661,103525,B020,Premium Savings,Active,2022-04-10
200662,101481,B011,Salary,Active,2023-09-01
200663,100332,B013,Salary,Closed,2025-03-23
200664,102101,B001,Premium Savings,Active,2021-09-23
200665,102994,B018,Savings,Active,2022-10-30
200666,102605,B013,Current,Active,2024-10-07
200667,100862,B015,Current,Active,2024-05-01
200668,104217,B007,Savings,Active,2021-12-15
200669,103158,B002,Salary,Active,2021-02-20
200670,103601,B015,Savings,Active,2024-08-22
200671,104788,B015,Salary,Active,2022-01-18
200672,102567,B004,Current,Active,2021-02-13
200673,102895,B017,Salary,Dormant,2025-05-24
200674,103820,B001,Current,Active,2024-06-11
200675,103870,B014,Current,Active,2023-04-10
200676,104239,B002,Savings,Closed,2023-01-01
200677,103523,B016,Salary,Dormant,2025-05-09
200678,100291,B009,Savings,Active,2024-12-12
200679,101752,B007,Current,Active,2023-08-22
200680,102962,B015,Salary,Dormant,2023-10-23
200681,102225,B017,Savings,Active,2023-09-07
200682,100217,B013,Savings,Active,2022-11-25
200683,101338,B015,Savings,Active,2023-07-03
200684,101541,B001,Current,Active,2024-04-26
200685,100181,B017,Savings,Active,2024-03-26
200686,103813,B012,Savings,Closed,2022-12-09
200687,101890,B004,Savings,Active,2025-02-18
200688,103957,B010,Savings,Active,2022-10-13
200689,104352,B013,Savings,Active,2024-09-08
200690,104420,B016,Current,Active,2023-02-16
200691,104542,B011,Current,Active,2025-09-18
200692,102492,B006,Current,Active,2024-07-20
200693,101213,B006,Savings,Active,2024-08-01
200694,100421,B015,Salary,Active,2024-01-28
200695,103120,B018,Current,Active,2021-11-23
200696,100634,B013,Salary,Active,2025-07-31
200697,101207,B016,Current,Active,2024-07-09
200698,101222,B013,Savings,Active,2021-01-01
200699,101368,B010,Salary,Closed,2022-07-01
200700,101861,B009,Savings,Active,2021-10-21
200701,101657,B010,Premium Savings,Active,2021-09-03
200702,102633,B001,Current,Closed,2023-06-21
200703,104787,B012,Savings,Closed,2024-12-20
200704,103230,B004,Savings,Active,2024-05-07
200705,103381,B019,Salary,Active,2025-08-31
200706,100813,B017,Savings,Dormant,2021-06-13
200707,100571,B010,Savings,Active,2024-02-16
200708,100945,B013,Premium Savings,Active,2022-06-21
200709,104243,B001,Savings,Active,2021-01-27
200710,100865,B012,Savings,Active,2025-12-10
200711,104920,B018,Savings,Active,2021-08-21
200712,103775,B011,Current,Active,2022-08-21
200713,104146,B018,Current,Active,2023-08-01
200714,101511,B002,Current,Active,2022-11-25
200715,100782,B020,Premium Savings,Active,2021-10-09
200716,100834,B007,Savings,Active,2022-03-12
200717,104289,B001,Savings,Active,2024-05-30
200718,102157,B013,Savings,Dormant,2021-02-01
200719,102046,B013,Savings,Dormant,2021-04-20
200720,101238,B003,Savings,Active,2022-06-05
200721,101782,B007,Savings,Dormant,2025-11-17
200722,101847,B019,Salary,Active,2021-10-21
200723,103748,B004,Savings,Active,2024-04-06
200724,104121,B002,Premium Savings,Active,2022-11-27
200725,102336,B017,Premium Savings,Dormant,2023-07-20
200726,101670,B014,Current,Active,2022-03-01
200727,102259,B010,Salary,Active,2025-08-08
200728,100875,B007,Salary,Active,2023-01-08
200729,100343,B018,Savings,Active,2021-03-21
200730,101163,B018,Current,Active,2022-05-07
200731,100123,B001,Savings,Active,2022-08-10
200732,100172,B017,Current,Active,2025-07-29
200733,101193,B010,Salary,Active,2021-02-21
200734,104506,B007,Current,Active,2022-06-16
200735,100926,B007,Savings,Closed,2021-11-24
200736,103485,B010,Salary,Active,2021-12-11
200737,100736,B012,Premium Savings,Closed,2025-12-05
200738,102317,B020,Savings,Active,2024-10-22
200739,103035,B001,Savings,Active,2025-09-24
200740,102805,B013,Savings,Active,2025-01-21
200741,103999,B002,Premium Savings,Active,2025-04-19
200742,101271,B001,Current,Active,2023-10-25
200743,103714,B007,Savings,Active,2023-08-14
200744,102019,B016,Current,Active,2022-09-22
200745,102227,B007,Current,Dormant,2021-05-11
200746,101600,B008,Savings,Active,2025-03-03
200747,104985,B019,Salary,Active,2022-11-25
200748,104123,B006,Salary,Active,2024-05-07
200749,102315,B016,Savings,Active,2025-10-16
200750,103718,B017,Premium Savings,Active,2022-11-27
200751,104579,B013,Savings,Active,2021-09-11
200752,101420,B020,Savings,Active,2022-12-16
200753,101631,B020,Savings,Active,2025-10-06
200754,103812,B002,Savings,Active,2021-01-05
200755,101420,B004,Current,Active,2022-04-17
200756,100470,B008,Savings,Active,2021-04-16
200757,102977,B014,Savings,Active,2024-11-04
200758,101013,B006,Premium Savings,Active,2021-09-04
200759,102934,B013,Savings,Active,2022-05-04
200760,100532,B018,Savings,Active,2022-03-28
200761,102393,B001,Savings,Dormant,2021-03-20
200762,101192,B018,Salary,Active,2025-08-18
200763,102644,B010,Savings,Active,2022-12-03
200764,101131,B019,Savings,Active,2025-02-08
200765,101257,B014,Salary,Active,2023-08-10
200766,104503,B001,Savings,Active,2021-03-16
200767,104910,B019,Salary,Active,2021-12-03
200768,101637,B002,Current,Active,2021-01-28
200769,103229,B006,Salary,Active,2022-03-26
200770,101777,B012,Savings,Active,2023-12-06
200771,100851,B019,Premium Savings,Active,2021-08-16
200772,100499,B004,Savings,Active,2022-11-19
200773,104453,B011,Savings,Dormant,2021-02-22
200774,100330,B003,Salary,Dormant,2025-01-03
200775,102461,B007,Savings,Active,2022-10-05
200776,101097,B006,Savings,Active,2025-11-11
200777,103802,B009,Current,Active,2022-08-20
200778,100673,B015,Savings,Active,2023-06-22
200779,102885,B015,Savings,Active,2023-07-02
200780,101724,B014,Current,Active,2021-11-20
200781,102605,B001,Savings,Active,2024-09-11
200782,100931,B016,Current,Active,2025-06-18
200783,100585,B013,Salary,Active,2025-04-16
200784,100891,B002,Savings,Active,2023-02-10
200785,102883,B019,Savings,Active,2024-10-30
200786,103238,B016,Savings,Active,2023-02-01
200787,104523,B014,Savings,Active,2021-09-23
200788,104711,B010,Savings,Active,2024-07-08
200789,103763,B016,Current,Active,2023-01-14
200790,100063,B007,Savings,Dormant,2022-11-07
200791,103518,B015,Salary,Active,2021-05-16
200792,103528,B013,Savings,Active,2022-03-05
200793,103531,B013,Savings,Dormant,2023-01-29
200794,103296,B016,Savings,Active,2024-09-15
200795,103438,B004,Savings,Dormant,2022-12-23
200796,102926,B003,Salary,Active,2021-12-06
200797,103098,B012,Salary,Active,2022-12-27
200798,103462,B017,Premium Savings,Active,2021-03-13
200799,100218,B006,Savings,Active,2023-04-21
200800,102544,B012,Savings,Active,2023-06-28
200801,100639,B020,Salary,Active,2024-07-07
200802,104635,B013,Salary,Closed,2021-03-03
200803,104949,B002,Savings,Active,2024-02-29
200804,100792,B018,Savings,Dormant,2024-12-14
200805,104458,B020,Savings,Active,2025-01-17
200806,102368,B015,Savings,Active,2025-11-19
200807,103362,B013,Current,Active,2024-05-21
200808,103266,B012,Savings,Closed,2025-09-28
200809,100589,B013,Premium Savings,Active,2022-09-16
200810,104544,B007,Current,Active,2021-09-29
200811,103204,B013,Salary,Active,2021-01-01
200812,102438,B011,Savings,Active,2025-08-28
200813,103075,B016,Current,Active,2021-08-05
200814,104885,B017,Salary,Active,2021-07-24
200815,103237,B015,Savings,Closed,2024-09-01
200816,103283,B020,Current,Active,2022-10-09
200817,104384,B009,Savings,Dormant,2023-07-27
200818,103497,B016,Savings,Active,2021-06-03
200819,100715,B007,Salary,Active,2023-02-14
200820,104092,B016,Salary,Active,2025-02-10
200821,104499,B006,Salary,Closed,2023-11-15
200822,103670,B014,Savings,Active,2022-02-13
200823,100762,B001,Salary,Active,2021-10-05
200824,102614,B016,Current,Dormant,2024-04-28
200825,100271,B006,Savings,Active,2024-07-04
200826,103864,B005,Salary,Dormant,2024-10-23
200827,104787,B007,Savings,Active,2021-08-12
200828,100179,B009,Savings,Active,2022-11-26
200829,100546,B003,Salary,Active,2021-04-25
200830,104664,B012,Savings,Active,2024-12-11
200831,103999,B003,Savings,Active,2022-04-07
200832,104116,B011,Savings,Active,2022-08-18
200833,101043,B008,Salary,Active,2023-10-31
200834,103189,B012,Savings,Active,2021-09-28
200835,104144,B004,Savings,Active,2024-11-09
200836,100344,B020,Savings,Active,2023-04-20
200837,101419,B001,Savings,Active,2023-10-19
200838,101475,B018,Savings,Active,2024-07-20
200839,102708,B008,Salary,Active,2024-04-19
200840,101269,B017,Salary,Active,2021-03-14
200841,101710,B012,Salary,Active,2021-06-29
200842,101286,B017,Salary,Dormant,2025-01-11
200843,100319,B012,Savings,Active,2025-05-24
200844,103361,B016,Savings,Active,2022-04-12
200845,103194,B014,Current,Active,2021-02-09
200846,104381,B014,Savings,Active,2024-05-28
200847,102881,B012,Current,Closed,2025-12-02
200848,103409,B006,Savings,Active,2021-07-28
200849,101797,B017,Salary,Active,2021-06-15
200850,101944,B018,Savings,Active,2022-12-12
200851,102062,B015,Savings,Active,2024-01-30
200852,104847,B006,Premium Savings,Active,2023-04-29
200853,102363,B009,Savings,Active,2023-05-07
200854,104313,B015,Savings,Active,2023-05-05
200855,101604,B004,Savings,Active,2025-12-10
200856,103428,B003,Savings,Dormant,2022-05-14
200857,101371,B009,Current,Active,2021-06-25
200858,101988,B011,Premium Savings,Active,2023-08-24
200859,104295,B018,Salary,Active,2023-05-21
200860,103420,B007,Salary,Active,2022-05-22
200861,102432,B005,Salary,Active,2025-10-30
200862,102040,B015,Savings,Active,2021-10-31
200863,103999,B018,Premium Savings,Active,2021-09-04
200864,100776,B018,Current,Active,2021-09-01
200865,104244,B013,Savings,Active,2025-09-13
200866,103095,B001,Premium Savings,Dormant,2025-06-21
200867,101645,B014,Current,Active,2025-10-11
200868,103491,B003,Savings,Active,2021-08-27
200869,104956,B016,Salary,Active,2021-02-14
200870,101747,B019,Savings,Active,2022-12-23
200871,101966,B013,Savings,Active,2023-05-20
200872,104647,B005,Savings,Active,2022-04-05
200873,101722,B006,Current,Active,2024-01-29
200874,104272,B015,Savings,Dormant,2024-01-30
200875,104499,B016,Savings,Active,2024-05-14
200876,102915,B017,Savings,Dormant,2022-09-24
200877,100411,B003,Savings,Active,2021-02-27
200878,100302,B015,Current,Dormant,2022-06-07
200879,101405,B020,Savings,Active,2021-11-09
200880,100087,B001,Savings,Active,2025-11-04
200881,103814,B009,Savings,Active,2025-03-15
200882,103200,B015,Savings,Closed,2025-12-25
200883,102274,B011,Current,Closed,2024-10-07
200884,104070,B020,Salary,Active,2021-08-31
200885,100668,B014,Savings,Active,2023-04-08
200886,102502,B008,Savings,Dormant,2024-06-18
200887,101693,B013,Savings,Active,2021-05-01
200888,100118,B015,Current,Active,2025-06-12
200889,102393,B016,Savings,Active,2025-03-28
200890,100725,B006,Salary,Active,2025-11-07
200891,100230,B019,Salary,Active,2022-07-01
200892,101057,B020,Savings,Active,2022-06-29
200893,100974,B005,Savings,Active,2024-02-23
200894,103139,B005,Premium Savings,Active,2024-12-02
200895,103966,B008,Savings,Active,2022-05-10
200896,102431,B007,Current,Active,2022-08-22
200897,103206,B004,Current,Active,2022-09-27
200898,100512,B004,Savings,Active,2024-02-09
200899,103934,B015,Salary,Active,2021-07-16
200900,102509,B020,Savings,Active,2023-07-26
200901,102143,B002,Savings,Active,2022-03-18
200902,104348,B012,Current,Active,2024-07-15
200903,101569,B006,Premium Savings,Active,2024-09-18
200904,102196,B005,Savings,Active,2025-07-24
200905,104631,B012,Current,Active,2022-10-22
200906,100749,B003,Savings,Active,2021-07-25
200907,102610,B002,Current,Active,2022-02-28
200908,102891,B018,Savings,Active,2022-02-11
200909,103501,B009,Savings,Active,2021-01-06
200910,104647,B002,Premium Savings,Active,2023-12-05
200911,101720,B018,Salary,Active,2024-04-15
200912,100580,B013,Savings,Active,2022-10-14
200913,101996,B015,Premium Savings,Active,2022-06-05
200914,100783,B013,Savings,Closed,2023-10-16
200915,103640,B010,Salary,Active,2021-10-06
200916,102835,B016,Salary,Active,2024-11-29
200917,103788,B007,Salary,Active,2022-03-03
200918,101700,B014,Savings,Dormant,2024-06-30
200919,104773,B018,Salary,Active,2024-05-15
200920,104478,B017,Current,Active,2024-10-31
200921,104579,B012,Savings,Active,2023-09-05
200922,103564,B001,Premium Savings,Active,2021-10-22
200923,100936,B001,Savings,Active,2021-03-19
200924,100736,B009,Savings,Active,2021-02-25
200925,104786,B014,Current,Dormant,2021-09-11
200926,104354,B002,Savings,Active,2025-05-10
200927,104404,B009,Salary,Active,2021-07-16
200928,103212,B009,Savings,Active,2023-04-05
200929,104284,B010,Savings,Active,2023-06-08
200930,102469,B012,Salary,Active,2024-03-06
200931,100811,B006,Salary,Active,2021-08-11
200932,101283,B012,Salary,Active,2021-05-14
200933,104258,B010,Savings,Active,2025-03-23
200934,103249,B019,Savings,Active,2024-07-15
200935,104988,B007,Salary,Active,2024-01-18
200936,104493,B019,Salary,Active,2021-07-05
200937,103797,B020,Current,Active,2024-07-11
200938,100193,B007,Current,Active,2024-12-07
200939,100926,B009,Savings,Active,2025-03-23
200940,101876,B014,Savings,Active,2021-04-21
200941,100179,B010,Savings,Active,2023-10-26
200942,104679,B015,Savings,Active,2021-06-01
200943,101141,B006,Savings,Closed,2022-09-04
200944,101915,B020,Current,Active,2022-09-19
200945,103373,B014,Current,Active,2021-09-07
200946,100180,B002,Savings,Active,2022-01-22
200947,103182,B005,Salary,Active,2025-09-02
200948,100508,B013,Savings,Active,2025-12-02
200949,104513,B006,Salary,Active,2023-08-02
200950,103454,B009,Salary,Dormant,2023-04-04
200951,101679,B013,Salary,Active,2025-11-11
200952,103501,B007,Salary,Active,2023-05-06
200953,101571,B019,Salary,Active,2023-03-01
200954,100576,B013,Savings,Active,2021-03-26
200955,100049,B009,Current,Active,2021-09-16
200956,101097,B006,Salary,Active,2023-06-16
200957,103539,B006,Savings,Active,2022-07-29
200958,102820,B001,Salary,Active,2021-04-27
200959,101366,B002,Savings,Active,2024-08-28
200960,103433,B016,Current,Closed,2024-02-21
200961,101942,B016,Savings,Closed,2021-04-21
200962,100784,B002,Salary,Active,2025-11-27
200963,103396,B012,Savings,Active,2022-04-06
200964,102282,B007,Savings,Active,2022-08-25
200965,103323,B014,Savings,Active,2021-11-15
200966,102811,B012,Salary,Active,2025-01-14
200967,100507,B016,Salary,Closed,2025-10-07
200968,100249,B013,Savings,Active,2025-10-29
200969,100504,B004,Savings,Active,2021-06-28
200970,101119,B014,Salary,Active,2025-11-02
200971,101121,B017,Current,Active,2021-04-12
200972,104595,B020,Savings,Active,2024-09-23
200973,103916,B015,Current,Active,2024-04-11
200974,104400,B009,Salary,Active,2025-05-07
200975,102372,B011,Savings,Dormant,2023-09-03
200976,101613,B003,Current,Active,2022-10-04
200977,102015,B013,Savings,Dormant,2024-04-19
200978,104340,B003,Premium Savings,Dormant,2023-12-02
200979,101778,B006,Salary,Active,2021-11-30
200980,103163,B011,Current,Active,2024-04-24
200981,100724,B010,Premium Savings,Active,2024-06-09
200982,104909,B008,Savings,Active,2022-02-01
200983,103209,B013,Salary,Active,2024-03-05
200984,104832,B019,Salary,Active,2022-07-26
200985,101474,B019,Salary,Active,2023-08-19
200986,103085,B011,Salary,Active,2022-10-22
200987,101371,B012,Savings,Dormant,2024-04-29
200988,102340,B010,Savings,Active,2021-04-30
200989,101615,B018,Savings,Active,2021-12-19
200990,100712,B018,Salary,Active,2023-04-14
200991,102211,B002,Savings,Active,2024-05-14
200992,102652,B016,Current,Active,2024-11-30
200993,100786,B001,Savings,Active,2021-12-10
200994,101992,B015,Current,Active,2024-03-31
200995,100469,B007,Savings,Active,2025-12-07
200996,103229,B011,Current,Active,2024-02-15
200997,101565,B016,Savings,Active,2021-04-05
200998,100448,B005,Savings,Active,2024-01-11
200999,102567,B003,Savings,Active,2022-11-24
201000,104175,B012,Premium Savings,Active,2021-02-11
201001,104957,B017,Current,Active,2023-01-23
201002,104836,B003,Current,Active,2021-01-07
201003,100869,B008,Premium Savings,Active,2021-08-02
201004,101047,B011,Current,Active,2021-11-05
201005,104465,B005,Current,Active,2022-02-15
201006,103164,B018,Current,Active,2025-07-25
201007,102716,B012,Savings,Active,2022-03-28
201008,104010,B011,Savings,Dormant,2025-04-14
201009,100324,B003,Salary,Active,2021-10-27
201010,102773,B002,Savings,Active,2023-11-19
201011,102863,B004,Savings,Active,2022-08-29
201012,104678,B001,Salary,Dormant,2022-12-05
201013,102337,B011,Savings,Active,2023-08-08
201014,102560,B018,Current,Active,2025-10-25
201015,104004,B016,Salary,Active,2024-06-19
201016,101353,B005,Savings,Active,2021-05-01
201017,100350,B004,Savings,Active,2025-08-27
201018,102359,B011,Savings,Active,2021-06-27
201019,103053,B016,Salary,Active,2023-05-12
201020,102440,B016,Salary,Active,2024-02-08
201021,103532,B011,Salary,Active,2023-09-30
201022,101269,B006,Savings,Active,2023-09-27
201023,100072,B010,Savings,Active,2024-07-13
201024,103935,B015,Current,Active,2025-11-26
201025,104254,B018,Salary,Active,2022-02-05
201026,103089,B002,Savings,Closed,2025-01-04
201027,101570,B016,Savings,Active,2021-01-13
201028,101852,B015,Savings,Active,2025-09-09
201029,102399,B005,Savings,Active,2022-12-26
201030,102109,B002,Salary,Active,2024-08-10
201031,101119,B007,Premium Savings,Active,2022-04-06
201032,101859,B006,Savings,Active,2025-08-19
201033,101491,B003,Current,Active,2023-08-23
201034,102240,B006,Savings,Closed,2024-06-07
201035,101878,B004,Savings,Active,2022-02-15
201036,102641,B018,Savings,Active,2023-08-18
201037,104034,B002,Savings,Active,2024-10-22
201038,101655,B011,Savings,Active,2023-11-25
201039,100290,B007,Salary,Active,2021-11-13
201040,104091,B017,Current,Active,2025-07-03
201041,100932,B010,Current,Active,2022-03-19
201042,104642,B012,Current,Active,2021-07-11
201043,102644,B008,Savings,Active,2024-03-03
201044,102615,B017,Savings,Active,2023-10-29
201045,102045,B014,Savings,Active,2023-04-25
201046,103557,B012,Savings,Active,2022-12-17
201047,103265,B008,Savings,Active,2021-01-26
201048,104653,B009,Premium Savings,Active,2024-04-24
201049,100083,B006,Premium Savings,Active,2022-01-30
201050,100960,B014,Salary,Dormant,2024-01-07
201051,101389,B006,Current,Active,2025-06-30
201052,100949,B006,Salary,Active,2022-12-31
201053,104742,B010,Current,Active,2023-11-01
201054,100364,B019,Current,Active,2024-06-11
201055,100607,B009,Savings,Active,2023-11-29
201056,102211,B019,Premium Savings,Active,2023-09-06
201057,101322,B011,Salary,Active,2023-04-09
201058,101656,B002,Savings,Active,2021-12-09
201059,103020,B012,Current,Active,2024-05-09
201060,102803,B019,Salary,Dormant,2024-03-10
201061,104322,B018,Premium Savings,Active,2023-01-29
201062,102256,B004,Savings,Active,2021-02-18
201063,104687,B006,Current,Active,2021-01-25
201064,100951,B014,Savings,Active,2025-02-10
201065,100973,B009,Savings,Active,2021-07-21
201066,101956,B017,Savings,Active,2025-07-13
201067,100585,B011,Savings,Active,2021-04-12
201068,100145,B005,Savings,Active,2021-05-23
201069,101857,B007,Savings,Active,2022-02-02
201070,102687,B003,Salary,Active,2022-04-14
201071,101389,B006,Current,Active,2022-07-31
201072,101356,B016,Savings,Active,2021-08-20
201073,100487,B005,Savings,Active,2021-07-22
201074,100562,B009,Salary,Active,2024-11-09
201075,104417,B004,Current,Active,2025-08-24
201076,100330,B010,Current,Dormant,2021-05-10
201077,103514,B020,Savings,Active,2024-01-29
201078,103573,B016,Savings,Active,2023-09-15
201079,101017,B016,Premium Savings,Active,2024-06-09
201080,101237,B006,Savings,Active,2022-12-10
201081,101839,B007,Savings,Active,2022-02-17
201082,103294,B002,Savings,Active,2024-10-02
201083,100184,B019,Current,Active,2024-03-28
201084,104078,B020,Salary,Active,2024-03-12
201085,101705,B007,Salary,Active,2021-09-28
201086,102500,B014,Salary,Active,2023-09-21
201087,104550,B005,Savings,Dormant,2025-08-22
201088,100666,B014,Savings,Active,2023-07-08
201089,104739,B002,Premium Savings,Active,2025-06-19
201090,103073,B007,Savings,Closed,2024-11-15
201091,102135,B008,Salary,Active,2022-12-02
201092,100359,B020,Current,Active,2023-05-21
201093,100338,B010,Savings,Active,2022-07-15
201094,104086,B005,Premium Savings,Active,2023-02-06
201095,102010,B001,Savings,Active,2021-12-07
201096,103808,B004,Current,Active,2021-02-16
201097,104167,B005,Savings,Active,2024-08-30
201098,102011,B007,Current,Dormant,2022-05-06
201099,101583,B003,Current,Active,2025-06-23
201100,101346,B015,Savings,Active,2022-11-07
201101,103184,B008,Premium Savings,Active,2024-03-26
201102,103548,B005,Savings,Active,2023-11-23
201103,101748,B011,Savings,Dormant,2022-04-13
201104,102837,B007,Savings,Active,2024-05-13
201105,102700,B014,Salary,Active,2023-03-23
201106,100726,B011,Savings,Active,2025-10-23
201107,102629,B019,Current,Active,2022-11-26
201108,103796,B013,Salary,Active,2022-05-20
201109,104811,B008,Salary,Active,2021-02-08
201110,101670,B003,Premium Savings,Active,2023-09-21
201111,101194,B003,Salary,Active,2023-07-20
201112,104470,B014,Savings,Active,2024-10-11
201113,104598,B001,Salary,Active,2021-11-16
201114,104148,B008,Savings,Active,2022-07-21
201115,101678,B001,Savings,Active,2022-03-10
201116,101380,B007,Savings,Active,2023-09-29
201117,103125,B018,Savings,Closed,2022-05-16
201118,101277,B002,Current,Active,2023-02-03
201119,103848,B020,Savings,Dormant,2025-08-22
201120,101990,B020,Current,Active,2022-12-26
201121,101636,B018,Premium Savings,Active,2025-11-12
201122,104023,B014,Savings,Active,2021-04-25
201123,101776,B004,Savings,Active,2023-04-06
201124,100654,B002,Savings,Active,2021-02-14
201125,103975,B019,Savings,Active,2023-10-12
201126,101581,B008,Premium Savings,Active,2022-06-24
201127,103277,B009,Savings,Active,2021-12-06
201128,103296,B002,Savings,Active,2025-07-23
201129,100416,B002,Savings,Closed,2024-04-17
201130,100168,B011,Savings,Active,2021-12-18
201131,104102,B009,Current,Active,2024-07-19
201132,100280,B015,Premium Savings,Active,2021-04-25
201133,101660,B017,Salary,Active,2023-07-30
201134,103811,B002,Savings,Active,2024-02-06
201135,100889,B020,Salary,Active,2021-09-09
201136,102612,B019,Salary,Active,2025-10-16
201137,100579,B012,Savings,Dormant,2021-06-09
201138,102789,B008,Salary,Active,2021-04-15
201139,103568,B004,Current,Active,2023-06-27
201140,101245,B005,Salary,Active,2024-09-22
201141,101410,B015,Savings,Active,2023-09-23
201142,102659,B003,Salary,Active,2021-07-18
201143,103957,B020,Salary,Active,2021-06-12
201144,102726,B003,Salary,Active,2021-09-04
201145,103508,B016,Savings,Active,2025-11-29
201146,102069,B017,Savings,Active,2025-09-05
201147,100644,B006,Salary,Active,2021-05-28
201148,104823,B010,Current,Active,2024-07-03
201149,103982,B012,Premium Savings,Active,2025-01-31
201150,100247,B016,Savings,Closed,2023-10-18
201151,101380,B002,Savings,Active,2021-10-13
201152,102075,B005,Salary,Active,2021-10-28
201153,100408,B003,Salary,Closed,2024-06-19
201154,104288,B007,Current,Active,2023-10-18
201155,100864,B014,Salary,Active,2021-11-15
201156,101032,B009,Savings,Active,2021-04-24
201157,101584,B010,Savings,Active,2023-03-02
201158,104675,B010,Savings,Closed,2022-12-21
201159,101130,B001,Savings,Closed,2025-11-27
201160,102128,B002,Current,Closed,2024-07-09
201161,103412,B005,Savings,Active,2023-02-14
201162,100783,B001,Salary,Active,2023-11-04
201163,100446,B017,Savings,Active,2023-08-05
201164,100466,B020,Salary,Active,2024-05-17
201165,100919,B010,Current,Active,2023-12-01
201166,101636,B014,Savings,Active,2021-07-31
201167,104704,B002,Current,Active,2023-08-16
201168,104599,B002,Premium Savings,Active,2024-10-16
201169,102847,B013,Premium Savings,Active,2025-07-12
201170,104696,B016,Savings,Active,2025-10-12
201171,100145,B019,Current,Closed,2024-05-01
201172,102817,B008,Savings,Active,2025-07-15
201173,102221,B009,Savings,Active,2021-02-04
201174,100591,B016,Savings,Dormant,2021-06-10
201175,102766,B003,Premium Savings,Active,2021-12-18
201176,102283,B019,Current,Active,2021-06-29
201177,103818,B006,Savings,Dormant,2024-04-08
201178,102089,B001,Premium Savings,Active,2023-07-26
201179,102146,B016,Salary,Active,2023-09-22
201180,101156,B020,Savings,Active,2023-08-15
201181,102363,B010,Salary,Active,2023-06-08
201182,100381,B004,Current,Active,2025-04-14
201183,102832,B004,Savings,Active,2022-01-15
201184,101908,B006,Savings,Active,2022-11-05
201185,101369,B011,Savings,Active,2021-06-22
201186,101860,B013,Savings,Dormant,2023-07-28
201187,104460,B014,Salary,Active,2022-09-28
201188,103520,B015,Savings,Active,2022-01-07
201189,104263,B005,Savings,Active,2023-09-29
201190,101972,B004,Premium Savings,Active,2025-09-24
201191,101969,B020,Premium Savings,Active,2024-11-04
201192,100066,B003,Salary,Active,2021-08-09
201193,103411,B011,Salary,Active,2022-10-02
201194,100101,B006,Premium Savings,Active,2025-07-08
201195,104862,B015,Salary,Active,2022-01-16
201196,103438,B007,Savings,Active,2025-06-14
201197,102328,B003,Savings,Active,2025-06-23
201198,103304,B007,Savings,Active,2021-04-03
201199,104969,B003,Savings,Active,2025-12-10
201200,100802,B004,Savings,Active,2024-11-16
201201,103730,B010,Savings,Active,2023-06-28
201202,104332,B020,Savings,Active,2022-09-08
201203,102933,B005,Current,Active,2023-04-23
201204,103314,B016,Savings,Active,2022-02-15
201205,102531,B011,Savings,Dormant,2024-11-16
201206,100771,B020,Current,Active,2023-01-05
201207,104905,B011,Savings,Active,2023-03-16
201208,101439,B003,Savings,Active,2025-08-14
201209,101929,B009,Savings,Active,2021-03-30
201210,104869,B002,Salary,Active,2022-12-30
201211,100284,B005,Salary,Active,2024-01-18
201212,102039,B011,Savings,Active,2022-03-19
201213,102780,B019,Salary,Active,2021-11-14
201214,101184,B013,Salary,Active,2023-08-16
201215,103351,B008,Premium Savings,Active,2021-12-03
201216,102621,B013,Salary,Active,2023-01-18
201217,101311,B005,Current,Active,2021-06-03
201218,101028,B002,Savings,Active,2021-02-04
201219,101434,B015,Savings,Active,2024-09-04
201220,103959,B017,Savings,Active,2021-12-06
201221,102605,B013,Savings,Active,2021-02-22
201222,103972,B010,Premium Savings,Active,2021-02-01
201223,103592,B010,Savings,Active,2023-11-02
201224,104005,B008,Current,Active,2023-08-12
201225,104276,B020,Premium Savings,Active,2023-11-29
201226,103087,B011,Savings,Active,2024-03-16
201227,101802,B018,Savings,Active,2024-04-09
201228,103471,B001,Savings,Active,2024-08-03
201229,104723,B008,Savings,Active,2025-04-05
201230,101608,B005,Current,Active,2022-01-15
201231,102439,B003,Savings,Active,2021-06-17
201232,104395,B020,Current,Active,2025-01-09
201233,102987,B002,Savings,Dormant,2021-05-04
201234,100721,B012,Salary,Active,2023-01-21
201235,101753,B005,Savings,Active,2024-01-27
201236,101273,B002,Savings,Active,2021-03-31
201237,102388,B020,Savings,Active,2025-11-14
201238,104964,B006,Salary,Active,2025-08-21
201239,104197,B008,Current,Active,2025-03-10
201240,104802,B004,Savings,Active,2024-06-19
201241,103708,B014,Current,Dormant,2024-12-18
201242,102539,B019,Savings,Active,2023-10-24
201243,103300,B007,Salary,Active,2024-10-03
201244,102496,B017,Premium Savings,Active,2021-03-15
201245,100206,B009,Savings,Dormant,2022-01-15
201246,100585,B011,Current,Active,2021-01-26
201247,102775,B017,Savings,Active,2021-08-13
201248,103299,B020,Salary,Active,2023-10-28
201249,101269,B013,Savings,Active,2024-10-23
201250,100156,B008,Current,Active,2025-05-23
201251,100349,B010,Salary,Closed,2021-10-19
201252,101572,B018,Savings,Active,2024-03-27
201253,104306,B008,Salary,Active,2024-09-20
201254,102092,B010,Savings,Active,2021-01-11
201255,104867,B016,Premium Savings,Active,2022-08-20
201256,104470,B017,Salary,Active,2024-03-10
201257,104292,B009,Savings,Active,2021-09-06
201258,104843,B019,Savings,Active,2022-09-29
201259,101211,B018,Current,Active,2023-04-17
201260,104870,B010,Salary,Active,2021-08-11
201261,104620,B006,Savings,Active,2021-05-03
201262,103995,B004,Premium Savings,Dormant,2025-01-21
201263,100963,B003,Salary,Active,2021-06-09
201264,101450,B004,Premium Savings,Active,2023-11-19
201265,103262,B002,Savings,Active,2023-02-01
201266,100227,B006,Savings,Active,2024-08-14
201267,104109,B020,Savings,Closed,2025-06-21
201268,102129,B005,Savings,Active,2021-10-29
201269,100109,B008,Savings,Active,2025-09-20
201270,101487,B008,Savings,Active,2021-07-31
201271,101976,B011,Salary,Active,2025-05-25
201272,103276,B011,Savings,Active,2023-07-28
201273,103012,B012,Savings,Active,2021-03-25
201274,101856,B002,Current,Active,2023-08-22
201275,103097,B007,Salary,Dormant,2025-05-19
201276,104454,B019,Salary,Active,2023-11-29
201277,101751,B020,Current,Active,2021-06-26
201278,101871,B001,Savings,Active,2024-09-20
201279,100509,B013,Current,Active,2025-03-22
201280,101890,B003,Current,Active,2024-04-26
201281,101421,B011,Savings,Active,2023-01-18
201282,103796,B001,Savings,Active,2024-05-19
201283,100566,B016,Premium Savings,Active,2022-09-05
201284,102951,B020,Savings,Active,2021-11-16
201285,103861,B003,Savings,Active,2025-04-11
201286,101277,B009,Savings,Active,2023-02-03
201287,100339,B004,Salary,Active,2024-10-26
201288,103384,B004,Current,Active,2023-12-31
201289,102942,B016,Premium Savings,Active,2025-05-28
201290,102815,B003,Salary,Active,2023-08-05
201291,104399,B003,Salary,Active,2022-07-12
201292,100521,B008,Savings,Active,2022-07-10
201293,100989,B007,Savings,Active,2023-08-08
201294,102337,B020,Salary,Active,2025-09-20
201295,102811,B008,Premium Savings,Active,2021-12-12
201296,104594,B011,Salary,Active,2021-09-13
201297,103094,B003,Premium Savings,Active,2022-04-18
201298,101059,B008,Current,Active,2025-11-14
201299,104260,B005,Current,Active,2024-01-25
201300,102074,B008,Current,Active,2024-11-28
201301,104342,B007,Savings,Active,2023-10-31
201302,101380,B003,Savings,Closed,2023-12-25
201303,103958,B012,Savings,Active,2024-02-20
201304,102685,B011,Savings,Active,2021-08-21
201305,102779,B011,Savings,Active,2024-02-23
201306,104876,B009,Savings,Active,2023-10-27
201307,100772,B011,Salary,Closed,2025-02-13
201308,101550,B015,Current,Active,2021-06-10
201309,100916,B006,Current,Active,2023-07-17
201310,104165,B004,Salary,Active,2025-08-28
201311,104253,B014,Savings,Active,2025-01-30
201312,104192,B003,Savings,Active,2022-06-06
201313,101191,B008,Current,Active,2024-08-22
201314,101298,B012,Savings,Active,2022-12-31
201315,102011,B012,Current,Active,2024-12-18
201316,103864,B015,Salary,Active,2024-03-08
201317,103757,B010,Savings,Dormant,2023-05-30
201318,104941,B010,Salary,Active,2021-02-04
201319,103922,B001,Savings,Active,2024-10-20
201320,104771,B016,Current,Active,2023-09-17
201321,101332,B005,Salary,Active,2023-08-31
201322,103029,B017,Salary,Closed,2024-07-28
201323,102666,B013,Current,Active,2025-07-23
201324,100759,B019,Current,Closed,2022-01-14
201325,104736,B018,Savings,Active,2025-07-03
201326,100597,B008,Salary,Active,2021-10-09
201327,104275,B008,Current,Active,2024-03-17
201328,101335,B019,Savings,Closed,2023-06-09
201329,101108,B018,Savings,Active,2024-10-13
201330,103007,B015,Premium Savings,Active,2023-09-07
201331,102338,B019,Savings,Active,2023-11-30
201332,101932,B013,Salary,Active,2023-03-13
201333,104517,B001,Savings,Active,2024-04-19
201334,103496,B012,Savings,Active,2022-06-24
201335,103045,B008,Current,Closed,2022-06-15
201336,103939,B001,Current,Active,2023-01-18
201337,104017,B012,Current,Active,2022-01-04
201338,100903,B012,Savings,Active,2022-07-24
201339,102207,B015,Current,Active,2021-05-29
201340,104527,B016,Salary,Dormant,2022-04-01
201341,104073,B007,Savings,Active,2023-01-19
201342,100303,B020,Current,Active,2023-05-12
201343,101232,B009,Savings,Active,2024-02-27
201344,101325,B009,Savings,Active,2022-12-24
201345,102567,B004,Savings,Active,2024-02-03
201346,104075,B020,Savings,Active,2023-03-06
201347,102416,B008,Salary,Active,2023-03-12
201348,100919,B004,Premium Savings,Active,2021-01-01
201349,102787,B017,Savings,Active,2024-11-26
201350,101101,B020,Savings,Active,2024-06-18
201351,103391,B005,Premium Savings,Active,2021-04-15
201352,104879,B012,Savings,Active,2021-03-27
201353,103162,B019,Savings,Active,2024-09-07
201354,104562,B014,Salary,Active,2022-01-13
201355,102723,B009,Savings,Active,2025-06-25
201356,104064,B012,Current,Active,2025-01-06
201357,104701,B003,Salary,Active,2023-01-25
201358,100870,B020,Current,Active,2025-12-02
201359,103329,B011,Salary,Active,2023-08-27
201360,101276,B001,Savings,Closed,2025-12-15
201361,100424,B007,Savings,Active,2021-04-05
201362,101176,B009,Salary,Closed,2023-12-17
201363,100713,B020,Premium Savings,Active,2025-01-31
201364,100946,B018,Salary,Active,2022-04-19
201365,100034,B007,Savings,Active,2025-02-26
201366,104853,B004,Salary,Active,2025-03-04
201367,102202,B001,Savings,Active,2024-11-29
201368,100831,B012,Current,Active,2024-04-01
201369,101717,B009,Salary,Active,2021-06-18
201370,103734,B011,Savings,Active,2025-12-05
201371,103161,B006,Savings,Active,2025-05-30
201372,100256,B017,Salary,Dormant,2023-09-30
201373,100740,B011,Salary,Dormant,2022-12-29
201374,102720,B019,Savings,Active,2023-08-19
201375,104850,B005,Savings,Active,2025-12-01
201376,100355,B006,Current,Active,2021-03-21
201377,104312,B012,Savings,Closed,2023-05-27
201378,100309,B014,Savings,Active,2021-12-21
201379,102478,B006,Savings,Active,2025-01-28
201380,101152,B011,Savings,Dormant,2024-05-02
201381,102118,B011,Savings,Active,2025-07-26
201382,104629,B014,Premium Savings,Active,2025-12-19
201383,101079,B013,Salary,Active,2021-08-01
201384,103195,B005,Current,Active,2023-05-19
201385,101667,B003,Savings,Active,2025-08-27
201386,103258,B006,Salary,Active,2021-02-23
201387,100275,B003,Savings,Active,2025-05-09
201388,101489,B011,Salary,Dormant,2022-12-31
201389,104789,B011,Current,Active,2023-09-05
201390,103619,B001,Salary,Dormant,2021-08-19
201391,104684,B017,Savings,Active,2022-09-15
201392,103408,B015,Salary,Active,2025-10-18
201393,100927,B010,Salary,Dormant,2025-08-18
201394,102309,B004,Savings,Active,2021-09-15
201395,104390,B004,Premium Savings,Active,2023-10-24
201396,103414,B019,Savings,Active,2021-08-04
201397,102602,B005,Savings,Active,2025-12-11
201398,104336,B018,Salary,Active,2023-04-16
201399,100568,B014,Current,Dormant,2022-04-17
201400,104802,B013,Savings,Active,2023-09-16
201401,100631,B017,Savings,Active,2022-01-03
201402,104983,B018,Savings,Active,2024-08-02
201403,104023,B006,Savings,Closed,2022-09-26
201404,102442,B020,Savings,Active,2022-11-03
201405,102382,B003,Savings,Active,2024-10-12
201406,100164,B016,Current,Active,2025-06-26
201407,101585,B008,Current,Active,2022-01-08
201408,101146,B013,Salary,Active,2023-12-29
201409,103534,B017,Premium Savings,Active,2022-07-15
201410,100985,B009,Savings,Active,2021-03-28
201411,104030,B002,Savings,Active,2022-04-12
201412,101503,B017,Savings,Active,2021-03-04
201413,104252,B003,Savings,Active,2024-11-28
201414,101803,B015,Current,Active,2023-05-06
201415,103763,B009,Savings,Active,2023-09-20
201416,103344,B010,Salary,Active,2023-03-13
201417,104948,B006,Premium Savings,Active,2022-05-09
201418,102629,B011,Savings,Active,2023-04-06
201419,101764,B004,Savings,Active,2021-10-06
201420,103249,B005,Salary,Active,2021-04-15
201421,100149,B010,Salary,Active,2021-10-14
201422,104860,B016,Savings,Active,2021-04-08
201423,103391,B011,Current,Active,2023-10-08
201424,100246,B018,Savings,Active,2021-04-21
201425,100863,B006,Current,Active,2022-12-12
201426,100072,B001,Salary,Active,2024-09-01
201427,103336,B007,Savings,Active,2023-11-18
201428,103328,B003,Savings,Closed,2024-01-03
201429,100815,B011,Current,Dormant,2022-06-09
201430,102732,B020,Current,Active,2021-09-07
201431,102449,B010,Salary,Active,2021-10-10
201432,102414,B004,Current,Active,2023-02-26
201433,103091,B012,Salary,Closed,2025-06-15
201434,104267,B015,Salary,Active,2025-09-17
201435,104573,B018,Salary,Active,2021-09-06
201436,100795,B010,Savings,Closed,2021-05-07
201437,104721,B009,Savings,Active,2023-04-29
201438,102869,B011,Current,Active,2021-12-12
201439,100906,B005,Savings,Active,2021-09-08
201440,104660,B003,Savings,Active,2022-12-13
201441,101849,B016,Savings,Active,2025-10-22
201442,102230,B003,Premium Savings,Dormant,2022-03-07
201443,104836,B014,Salary,Active,2021-06-05
201444,102900,B012,Salary,Active,2021-10-17
201445,100716,B010,Premium Savings,Active,2024-02-08
201446,100350,B008,Salary,Active,2025-11-12
201447,104103,B020,Current,Active,2025-10-20
201448,101746,B016,Savings,Active,2024-10-30
201449,100499,B004,Salary,Active,2023-08-24
201450,100207,B020,Salary,Active,2024-08-23
201451,104728,B003,Salary,Active,2021-04-23
201452,102862,B017,Current,Active,2025-08-29
201453,102621,B009,Salary,Active,2024-12-05
201454,102953,B009,Savings,Active,2021-12-08
201455,102094,B011,Savings,Active,2022-06-25
201456,104755,B010,Savings,Active,2025-06-12
201457,103011,B003,Savings,Active,2023-09-16
201458,103193,B004,Savings,Dormant,2025-11-29
201459,104468,B015,Salary,Active,2022-12-29
201460,100015,B014,Savings,Active,2023-12-07
201461,101596,B008,Salary,Active,2021-01-08
201462,104167,B009,Savings,Active,2025-07-07
201463,100482,B008,Savings,Active,2025-03-02
201464,101649,B018,Current,Active,2025-01-29
201465,100818,B002,Savings,Active,2024-10-10
201466,103572,B014,Savings,Active,2022-08-04
201467,104219,B007,Savings,Active,2021-03-05
201468,101321,B004,Current,Active,2022-08-30
201469,103438,B004,Savings,Active,2024-05-14
201470,103802,B009,Current,Active,2024-05-18
201471,104528,B003,Savings,Active,2025-04-20
201472,104638,B014,Savings,Dormant,2023-10-05
201473,102278,B007,Savings,Closed,2022-09-16
201474,100397,B018,Savings,Closed,2022-12-04
201475,103723,B003,Salary,Active,2025-11-25
201476,102722,B008,Savings,Active,2021-03-27
201477,102297,B008,Current,Active,2024-04-13
201478,102703,B014,Salary,Dormant,2021-02-11
201479,103220,B006,Savings,Active,2023-04-26
201480,101433,B004,Salary,Active,2021-06-28
201481,101642,B009,Salary,Active,2022-02-15
201482,101709,B019,Salary,Active,2023-01-08
201483,102466,B017,Salary,Active,2022-08-16
201484,103381,B012,Savings,Active,2021-02-20
201485,100211,B020,Current,Active,2024-12-04
201486,101464,B016,Current,Active,2021-09-28
201487,103641,B016,Salary,Active,2024-07-23
201488,100154,B008,Savings,Active,2025-11-02
201489,103977,B010,Savings,Active,2022-03-28
201490,103846,B019,Premium Savings,Active,2023-04-03
201491,101596,B019,Savings,Active,2024-03-24
201492,103126,B015,Savings,Active,2025-08-31
201493,102452,B002,Savings,Active,2022-11-25
201494,101253,B004,Current,Dormant,2021-12-13
201495,100747,B010,Savings,Active,2021-07-21
201496,104808,B012,Savings,Active,2022-10-17
201497,104298,B013,Premium Savings,Active,2025-02-26
201498,104493,B006,Savings,Active,2024-05-09
201499,100704,B016,Savings,Active,2022-02-21
201500,104822,B017,Salary,Active,2025-12-12
201501,103130,B005,Savings,Active,2024-03-16
201502,102562,B016,Savings,Active,2024-07-01
201503,101710,B004,Current,Active,2021-01-05
201504,101176,B010,Salary,Dormant,2025-07-05
201505,101627,B018,Savings,Active,2021-05-10
201506,100870,B007,Salary,Active,2021-03-31
201507,103951,B014,Salary,Active,2024-06-16
201508,104743,B018,Current,Active,2022-07-09
201509,104836,B010,Current,Closed,2025-08-31
201510,104455,B018,Salary,Active,2025-05-31
201511,100662,B013,Savings,Closed,2023-09-24
201512,103705,B011,Current,Active,2023-08-13
201513,104290,B003,Savings,Active,2021-11-01
201514,102553,B015,Savings,Active,2021-11-07
201515,102791,B007,Premium Savings,Active,2021-01-22
201516,101923,B006,Savings,Active,2021-11-06
201517,104113,B019,Savings,Active,2023-03-18
201518,103518,B007,Savings,Closed,2024-10-16
201519,103146,B008,Current,Active,2021-05-14
201520,100048,B019,Salary,Active,2021-10-16
201521,104803,B006,Savings,Active,2022-11-19
201522,102622,B015,Salary,Active,2023-06-28
201523,104780,B011,Savings,Dormant,2023-02-15
201524,103394,B002,Salary,Active,2021-11-27
201525,102605,B012,Salary,Active,2024-10-08
201526,103769,B010,Savings,Active,2022-01-16
201527,101234,B015,Salary,Active,2021-08-03
201528,102256,B008,Savings,Dormant,2022-12-27
201529,100126,B005,Current,Active,2025-12-11
201530,103726,B005,Savings,Active,2021-08-04
201531,101621,B011,Savings,Active,2021-08-19
201532,100480,B020,Premium Savings,Active,2024-04-18
201533,103982,B010,Salary,Active,2024-02-09
201534,101167,B003,Current,Active,2021-10-31
201535,101120,B017,Premium Savings,Active,2024-04-01
201536,100724,B007,Savings,Active,2024-10-04
201537,103018,B009,Savings,Active,2024-03-08
201538,101700,B017,Salary,Active,2023-08-10
201539,102854,B003,Savings,Active,2023-04-20
201540,101721,B003,Salary,Active,2022-09-25
201541,103767,B005,Savings,Active,2021-05-05
201542,101870,B008,Savings,Active,2024-01-26
201543,103965,B018,Savings,Active,2024-12-15
201544,102330,B013,Savings,Closed,2023-01-14
201545,100075,B016,Savings,Dormant,2024-09-02
201546,102182,B007,Savings,Active,2021-05-31
201547,101226,B009,Savings,Active,2021-07-01
201548,102453,B009,Salary,Active,2022-07-19
201549,100624,B003,Savings,Active,2022-09-25
201550,103763,B012,Savings,Active,2023-08-16
201551,103123,B007,Savings,Active,2021-02-27
201552,100711,B020,Savings,Active,2021-07-10
201553,104892,B014,Savings,Dormant,2024-08-19
201554,101754,B018,Savings,Dormant,2024-08-29
201555,101050,B004,Savings,Active,2024-11-05
201556,100001,B003,Premium Savings,Active,2022-10-13
201557,101234,B009,Savings,Active,2024-05-12
201558,100142,B012,Savings,Active,2022-01-09
201559,102416,B012,Salary,Active,2025-05-05
201560,103033,B014,Savings,Active,2021-01-15
201561,101851,B017,Savings,Active,2024-01-24
201562,104381,B007,Savings,Active,2021-06-04
201563,104831,B006,Current,Dormant,2025-02-15
201564,101530,B006,Salary,Active,2022-03-10
201565,103189,B008,Savings,Active,2021-02-08
201566,102010,B012,Salary,Closed,2022-11-01
201567,101369,B017,Current,Active,2025-06-26
201568,101050,B009,Salary,Active,2021-10-07
201569,102608,B009,Savings,Active,2022-05-12
201570,100714,B019,Salary,Active,2023-09-22
201571,103363,B007,Savings,Active,2025-05-09
201572,104421,B004,Savings,Active,2021-12-21
201573,101841,B007,Current,Active,2022-10-26
201574,102861,B001,Premium Savings,Active,2025-10-09
201575,104881,B008,Savings,Active,2024-06-27
201576,103525,B018,Savings,Active,2023-10-28
201577,102020,B017,Premium Savings,Active,2022-10-23
201578,104410,B018,Salary,Active,2024-12-24
201579,100213,B007,Salary,Active,2025-09-15
201580,102942,B009,Savings,Closed,2023-02-09
201581,101263,B017,Savings,Active,2025-10-07
201582,100902,B016,Premium Savings,Active,2022-01-09
201583,102585,B004,Savings,Dormant,2025-03-20
201584,103567,B017,Salary,Active,2023-04-01
201585,103691,B003,Current,Active,2022-01-20
201586,103740,B006,Premium Savings,Active,2023-01-23
201587,101444,B011,Current,Active,2023-01-12
201588,102070,B014,Savings,Active,2024-02-13
201589,100566,B016,Salary,Active,2024-12-25
201590,103085,B015,Premium Savings,Active,2025-07-20
201591,104020,B006,Salary,Active,2021-09-08
201592,102423,B008,Savings,Active,2022-03-09
201593,101564,B015,Savings,Active,2025-03-02
201594,101665,B019,Salary,Active,2021-06-26
201595,103251,B018,Current,Active,2022-06-30
201596,103363,B020,Savings,Dormant,2024-07-29
201597,102382,B014,Savings,Active,2023-09-05
201598,101238,B010,Savings,Active,2021-01-01
201599,102053,B016,Savings,Active,2021-09-27
201600,101638,B002,Savings,Closed,2024-12-21
201601,100490,B019,Premium Savings,Active,2022-09-13
201602,102029,B019,Salary,Active,2024-08-21
201603,104245,B011,Savings,Active,2024-05-12
201604,103074,B011,Current,Active,2025-02-16
201605,100668,B011,Savings,Active,2023-11-24
201606,104262,B003,Salary,Active,2021-06-15
201607,101068,B005,Salary,Active,2021-08-19
201608,103075,B015,Savings,Active,2022-01-07
201609,102839,B001,Premium Savings,Active,2021-11-27
201610,103631,B014,Savings,Active,2023-10-04
201611,103832,B007,Salary,Active,2023-04-22
201612,101464,B003,Salary,Active,2022-08-21
201613,103889,B012,Salary,Dormant,2023-11-05
201614,102938,B006,Savings,Active,2025-03-24
201615,101749,B009,Savings,Active,2022-11-12
201616,100520,B018,Savings,Active,2023-04-17
201617,102843,B014,Savings,Active,2025-06-01
201618,102317,B020,Savings,Active,2023-02-23
201619,102353,B008,Savings,Active,2021-05-31
201620,103450,B009,Current,Active,2021-12-04
201621,103545,B014,Savings,Active,2022-05-07
201622,100899,B003,Savings,Active,2023-10-23
201623,101482,B018,Salary,Active,2023-01-06
201624,104511,B008,Savings,Active,2022-09-24
201625,102971,B010,Current,Active,2025-02-25
201626,102086,B011,Salary,Active,2023-04-03
201627,104863,B002,Current,Active,2023-05-20
201628,103356,B007,Savings,Active,2022-05-11
201629,104248,B003,Salary,Dormant,2023-04-27
201630,102350,B013,Current,Dormant,2024-01-17
201631,100818,B015,Current,Active,2025-08-04
201632,103662,B001,Salary,Active,2025-03-10
201633,104083,B001,Salary,Active,2021-01-08
201634,102922,B017,Savings,Active,2021-02-07
201635,102165,B007,Savings,Dormant,2025-03-05
201636,100613,B017,Salary,Active,2022-02-26
201637,101229,B014,Current,Active,2021-02-15
201638,104624,B016,Salary,Active,2024-05-21
201639,100843,B008,Savings,Closed,2025-11-10
201640,103301,B007,Savings,Active,2024-07-13
201641,103317,B015,Current,Closed,2021-09-04
201642,102361,B013,Salary,Active,2022-06-22
201643,104984,B012,Savings,Active,2022-06-12
201644,103384,B008,Premium Savings,Active,2022-06-07
201645,104834,B013,Salary,Active,2024-02-17
201646,101305,B008,Salary,Active,2024-09-24
201647,103704,B018,Salary,Active,2022-06-19
201648,103845,B015,Savings,Active,2023-10-17
201649,104595,B008,Savings,Active,2023-06-07
201650,102057,B017,Savings,Active,2022-12-11
201651,101662,B002,Savings,Active,2021-11-30
201652,104026,B017,Savings,Active,2021-04-12
201653,103595,B009,Salary,Dormant,2025-09-17
201654,101371,B005,Salary,Active,2024-04-06
201655,101523,B017,Savings,Active,2025-03-15
201656,103952,B014,Current,Active,2022-06-19
201657,102848,B002,Salary,Active,2022-01-22
201658,104534,B006,Salary,Active,2023-11-20
201659,103153,B010,Premium Savings,Dormant,2024-06-24
201660,104905,B013,Savings,Active,2024-08-11
201661,101637,B017,Savings,Active,2023-09-25
201662,103884,B008,Salary,Active,2023-04-26
201663,100951,B017,Savings,Dormant,2023-10-27
201664,103521,B016,Salary,Active,2022-04-08
201665,102088,B008,Savings,Active,2021-10-23
201666,102600,B019,Savings,Active,2022-01-26
201667,104039,B019,Current,Dormant,2022-09-05
201668,100529,B006,Salary,Active,2024-07-10
201669,101119,B012,Savings,Active,2025-05-06
201670,102800,B018,Salary,Active,2025-06-16
201671,102072,B011,Salary,Active,2022-12-22
201672,102817,B015,Salary,Active,2025-11-24
201673,102153,B016,Premium Savings,Active,2025-12-03
201674,100324,B012,Salary,Dormant,2025-01-05
201675,104683,B008,Salary,Active,2021-05-07
201676,103454,B011,Current,Active,2024-01-05
201677,103051,B017,Salary,Active,2022-06-03
201678,100745,B007,Premium Savings,Active,2025-04-27
201679,100988,B017,Current,Active,2022-02-14
201680,102984,B005,Savings,Active,2022-12-13
201681,100264,B010,Savings,Closed,2022-04-02
201682,102364,B002,Salary,Active,2025-05-29
201683,104447,B018,Premium Savings,Active,2023-11-10
201684,104376,B015,Savings,Active,2023-02-25
201685,102574,B003,Premium Savings,Active,2025-01-27
201686,101162,B005,Savings,Active,2023-12-23
201687,100370,B011,Savings,Active,2024-01-11
201688,100857,B010,Salary,Active,2021-11-07
201689,101404,B003,Premium Savings,Active,2022-11-19
201690,102756,B018,Current,Active,2023-06-27
201691,103629,B010,Premium Savings,Active,2023-02-06
201692,102302,B014,Salary,Dormant,2022-09-16
201693,104133,B016,Salary,Active,2025-12-05
201694,100807,B004,Salary,Active,2022-10-31
201695,102118,B007,Savings,Active,2023-12-27
201696,103069,B015,Savings,Active,2023-12-28
201697,100270,B016,Savings,Active,2022-01-20
201698,104530,B005,Savings,Active,2025-05-29
201699,104976,B007,Savings,Active,2021-10-08
201700,103702,B016,Savings,Active,2025-02-16
201701,103515,B007,Savings,Active,2023-12-22
201702,101048,B002,Current,Active,2022-09-29
201703,100915,B010,Savings,Active,2022-05-07
201704,101193,B003,Savings,Active,2024-09-01
201705,100676,B012,Savings,Dormant,2023-03-31
201706,102788,B019,Savings,Active,2023-09-27
201707,104787,B003,Salary,Active,2022-10-21
201708,103388,B006,Salary,Active,2022-09-28
201709,104407,B012,Salary,Active,2022-05-05
201710,104895,B004,Salary,Dormant,2025-07-16
201711,103311,B011,Premium Savings,Active,2025-06-04
201712,100525,B005,Salary,Closed,2021-10-22
201713,104653,B013,Savings,Active,2021-09-05
201714,102732,B008,Savings,Active,2025-01-09
201715,102737,B019,Current,Active,2022-10-18
201716,104937,B017,Current,Active,2022-01-23
201717,103420,B020,Salary,Active,2022-01-27
201718,100555,B004,Savings,Active,2025-06-17
201719,103825,B019,Premium Savings,Dormant,2022-04-27
201720,104863,B001,Current,Active,2024-08-09
201721,101188,B005,Premium Savings,Active,2023-04-12
201722,102311,B018,Current,Active,2023-04-29
201723,100519,B018,Savings,Closed,2022-09-08
201724,103587,B006,Savings,Active,2021-05-22
201725,100715,B017,Savings,Active,2021-06-09
201726,102127,B002,Savings,Active,2021-11-25
201727,103254,B007,Salary,Active,2022-06-09
201728,104206,B001,Savings,Active,2021-10-29
201729,101598,B011,Savings,Active,2022-05-25
201730,104543,B018,Savings,Active,2024-10-21
201731,100122,B013,Current,Active,2021-01-19
201732,100834,B011,Savings,Active,2024-02-10
201733,100595,B004,Savings,Active,2023-08-10
201734,103737,B013,Salary,Active,2022-02-02
201735,101810,B007,Savings,Active,2022-06-08
201736,100104,B013,Premium Savings,Dormant,2022-11-03
201737,103941,B003,Savings,Active,2022-05-11
201738,101385,B011,Current,Active,2022-07-19
201739,103412,B010,Salary,Active,2023-02-08
201740,102762,B016,Savings,Active,2024-04-05
201741,100558,B019,Salary,Dormant,2024-03-17
201742,103017,B019,Savings,Active,2022-08-26
201743,104306,B007,Savings,Active,2022-06-15
201744,101827,B013,Salary,Dormant,2024-11-03
201745,104168,B014,Premium Savings,Active,2024-10-27
201746,101353,B017,Savings,Active,2024-06-22
201747,101415,B017,Salary,Active,2024-06-10
201748,100859,B001,Savings,Active,2022-03-19
201749,101059,B017,Savings,Active,2024-04-27
201750,101199,B010,Savings,Active,2022-08-14
201751,103249,B020,Current,Active,2023-08-29
201752,100652,B013,Salary,Active,2023-09-30
201753,102723,B008,Current,Active,2024-12-22
201754,101306,B005,Premium Savings,Active,2025-07-15
201755,100734,B019,Salary,Active,2023-02-06
201756,104107,B004,Savings,Active,2021-07-23
201757,102700,B002,Savings,Active,2021-02-04
201758,101438,B003,Current,Closed,2022-10-17
201759,103193,B012,Savings,Active,2023-02-25
201760,104539,B006,Savings,Active,2023-12-30
201761,101414,B012,Savings,Active,2022-10-10
201762,101227,B017,Savings,Active,2022-08-16
201763,103414,B006,Current,Active,2024-09-02
201764,102460,B001,Current,Active,2022-06-13
201765,103369,B008,Salary,Active,2021-03-25
201766,100838,B013,Premium Savings,Active,2023-02-28
201767,104665,B015,Salary,Active,2024-02-03
201768,100086,B002,Savings,Active,2021-12-18
201769,101369,B018,Current,Active,2021-01-20
201770,103128,B012,Savings,Active,2024-01-07
201771,102602,B010,Premium Savings,Active,2021-12-13
201772,101689,B006,Current,Active,2025-05-22
201773,104885,B020,Savings,Active,2022-09-04
201774,101726,B004,Salary,Active,2025-07-21
201775,103393,B009,Current,Active,2021-06-09
201776,102039,B010,Premium Savings,Active,2023-05-11
201777,102203,B011,Savings,Active,2023-01-24
201778,103889,B005,Savings,Active,2022-06-20
201779,101772,B019,Premium Savings,Active,2022-10-22
201780,101999,B008,Savings,Active,2022-11-29
201781,103910,B015,Savings,Active,2021-04-18
201782,100433,B013,Current,Active,2022-02-21
201783,102162,B005,Salary,Active,2022-05-19
201784,101394,B019,Savings,Active,2023-12-29
201785,102412,B010,Savings,Active,2022-06-17
201786,102881,B013,Savings,Active,2021-09-03
201787,102146,B013,Savings,Dormant,2024-06-10
201788,104968,B011,Savings,Active,2022-08-04
201789,104564,B013,Savings,Active,2021-02-06
201790,100716,B012,Salary,Active,2021-11-08
201791,103217,B015,Current,Active,2023-10-06
201792,101618,B010,Savings,Active,2022-01-10
201793,103576,B017,Savings,Active,2025-08-18
201794,102428,B012,Savings,Active,2024-05-10
201795,104768,B020,Savings,Active,2022-06-29
201796,104724,B012,Premium Savings,Active,2025-12-17
201797,100284,B012,Savings,Active,2024-07-30
201798,100543,B010,Salary,Active,2024-05-17
201799,100115,B008,Current,Active,2021-05-16
201800,103970,B016,Salary,Active,2022-03-22
201801,101144,B013,Salary,Active,2024-01-11
201802,103615,B008,Salary,Active,2023-01-14
201803,101662,B017,Current,Active,2025-04-03
201804,101533,B003,Savings,Active,2024-02-20
201805,103021,B002,Salary,Active,2021-05-25
201806,103869,B013,Savings,Active,2025-05-02
201807,102833,B010,Savings,Active,2025-09-02
201808,102875,B016,Salary,Active,2024-07-27
201809,103683,B014,Current,Closed,2024-11-02
201810,100857,B016,Savings,Active,2021-09-23
201811,102961,B006,Salary,Active,2024-09-08
201812,101429,B006,Savings,Active,2024-01-08
201813,100775,B006,Salary,Active,2021-08-18
201814,101642,B013,Salary,Active,2021-12-26
201815,100962,B014,Savings,Active,2023-09-30
201816,101616,B020,Savings,Dormant,2022-11-15
201817,100118,B005,Premium Savings,Active,2023-11-20
201818,103732,B003,Savings,Active,2025-10-27
201819,101742,B020,Premium Savings,Active,2024-02-22
201820,103302,B011,Savings,Active,2025-06-17
201821,103748,B008,Savings,Active,2021-02-23
201822,104100,B007,Current,Active,2022-04-14
201823,100389,B018,Current,Dormant,2025-06-14
201824,102554,B016,Savings,Active,2024-08-22
201825,102084,B004,Current,Active,2022-10-16
201826,101753,B007,Savings,Active,2022-08-25
201827,104034,B018,Savings,Dormant,2024-09-22
201828,100339,B015,Salary,Closed,2021-01-15
201829,101551,B017,Current,Active,2021-05-27
201830,103972,B004,Salary,Active,2025-04-01
201831,101974,B012,Current,Active,2024-10-05
201832,100374,B002,Current,Dormant,2025-02-10
201833,100868,B010,Savings,Active,2023-05-22
201834,101508,B003,Premium Savings,Active,2022-06-21
201835,101241,B006,Savings,Active,2022-12-18
201836,103345,B006,Premium Savings,Active,2024-11-10
201837,100857,B004,Salary,Active,2022-03-14
201838,103821,B017,Salary,Closed,2021-02-27
201839,101558,B008,Savings,Active,2023-06-27
201840,100343,B004,Savings,Active,2023-09-13
201841,100057,B020,Savings,Active,2023-02-05
201842,103039,B001,Salary,Active,2025-11-27
201843,103675,B003,Savings,Active,2024-01-12
201844,100686,B018,Savings,Active,2024-12-09
201845,101546,B010,Current,Active,2022-03-05
201846,103787,B008,Savings,Active,2023-11-17
201847,104340,B007,Savings,Active,2022-10-13
201848,103650,B012,Current,Active,2022-10-30
201849,103089,B008,Savings,Active,2021-07-05
201850,103741,B002,Savings,Active,2024-09-04
201851,101486,B020,Savings,Active,2023-04-18
201852,100319,B019,Current,Active,2025-11-16
201853,102822,B004,Premium Savings,Active,2023-12-04
201854,102798,B011,Savings,Dormant,2021-12-17
201855,104017,B010,Salary,Active,2024-08-05
201856,101205,B002,Savings,Active,2021-04-01
201857,104446,B008,Current,Active,2024-09-25
201858,102480,B013,Savings,Active,2022-11-20
201859,102211,B003,Salary,Active,2021-03-13
201860,104948,B008,Salary,Active,2023-08-02
201861,102718,B006,Salary,Dormant,2023-05-29
201862,100453,B008,Savings,Active,2022-03-24
201863,101269,B013,Salary,Active,2021-07-14
201864,102971,B009,Savings,Active,2024-01-31
201865,101152,B016,Current,Closed,2023-04-09
201866,100825,B011,Salary,Closed,2022-07-13
201867,101484,B014,Current,Closed,2023-10-20
201868,102551,B013,Salary,Active,2025-11-28
201869,100464,B017,Salary,Active,2025-05-07
201870,102605,B003,Salary,Active,2022-04-30
201871,103637,B020,Savings,Active,2022-11-03
201872,102282,B016,Savings,Active,2025-01-05
201873,103471,B004,Current,Active,2021-08-26
201874,103199,B001,Current,Active,2025-10-27
201875,102482,B001,Salary,Active,2023-01-23
201876,104871,B014,Current,Active,2023-07-01
201877,103059,B009,Salary,Active,2025-11-09
201878,104027,B004,Savings,Active,2021-12-30
201879,103205,B007,Savings,Active,2021-10-30
201880,104793,B009,Premium Savings,Active,2025-06-13
201881,102156,B001,Savings,Active,2024-08-13
201882,100948,B012,Savings,Active,2023-01-05
201883,100908,B001,Salary,Active,2021-07-13
201884,104967,B013,Savings,Active,2023-09-21
201885,103993,B002,Savings,Active,2024-10-26
201886,101526,B016,Salary,Closed,2021-03-31
201887,102238,B006,Current,Dormant,2022-01-31
201888,100171,B011,Salary,Active,2022-09-28
201889,104766,B008,Salary,Active,2022-05-28
201890,102182,B018,Current,Active,2023-10-12
201891,101924,B016,Premium Savings,Dormant,2025-12-05
201892,101231,B020,Savings,Active,2024-06-18
201893,100412,B015,Savings,Active,2023-07-29
201894,103811,B020,Salary,Active,2025-10-02
201895,101115,B005,Current,Active,2025-02-01
201896,100435,B007,Savings,Active,2023-12-01
201897,104893,B017,Savings,Active,2021-04-06
201898,102741,B001,Savings,Active,2022-05-11
201899,100386,B004,Savings,Active,2025-08-16
201900,101447,B015,Savings,Closed,2023-10-14
201901,102769,B008,Premium Savings,Active,2025-08-17
201902,101034,B006,Salary,Active,2021-05-10
201903,104951,B007,Current,Active,2021-11-25
201904,104379,B016,Savings,Active,2021-09-28
201905,104429,B010,Savings,Active,2021-06-27
201906,102578,B001,Savings,Active,2022-10-05
201907,104942,B011,Current,Active,2025-12-29
201908,101628,B016,Salary,Active,2021-02-10
201909,102777,B004,Savings,Active,2025-09-01
201910,103731,B002,Premium Savings,Active,2021-05-18
201911,102527,B013,Salary,Active,2021-01-29
201912,104266,B018,Savings,Active,2021-01-14
201913,100520,B002,Salary,Active,2024-11-10
201914,102211,B014,Savings,Active,2021-11-28
201915,104150,B016,Premium Savings,Active,2021-07-20
201916,100911,B004,Current,Active,2025-02-15
201917,101926,B006,Savings,Active,2024-03-15
201918,104972,B011,Savings,Active,2022-10-04
201919,103068,B013,Current,Active,2024-10-30
201920,101795,B011,Salary,Active,2025-07-05
201921,101816,B004,Salary,Active,2023-09-05
201922,101028,B018,Savings,Active,2025-06-04
201923,103674,B009,Salary,Active,2022-09-22
201924,100517,B011,Savings,Active,2025-04-25
201925,101041,B011,Savings,Active,2024-03-17
201926,100620,B012,Savings,Active,2022-01-22
201927,103770,B006,Salary,Active,2024-02-21
201928,104716,B007,Current,Active,2022-09-17
201929,100436,B003,Savings,Active,2021-05-08
201930,104734,B015,Salary,Active,2023-05-05
201931,104582,B007,Salary,Active,2021-04-24
201932,102540,B002,Savings,Active,2023-02-27
201933,100186,B001,Savings,Active,2025-06-24
201934,103461,B020,Savings,Dormant,2021-05-26
201935,102624,B009,Savings,Active,2024-05-20
201936,104164,B013,Savings,Dormant,2022-03-12
201937,101475,B011,Salary,Active,2023-12-22
201938,102788,B017,Savings,Active,2024-02-06
201939,104460,B018,Salary,Active,2024-10-17
201940,103335,B016,Premium Savings,Active,2024-05-19
201941,103232,B020,Savings,Active,2022-04-01
201942,104835,B005,Savings,Dormant,2022-10-28
201943,102448,B009,Savings,Active,2023-11-13
201944,100863,B006,Salary,Dormant,2022-06-27
201945,104881,B017,Current,Active,2025-03-22
201946,100694,B006,Current,Active,2023-12-06
201947,102756,B016,Salary,Dormant,2024-06-02
201948,103766,B005,Salary,Active,2024-04-25
201949,103936,B014,Current,Active,2022-10-08
201950,103517,B001,Salary,Active,2024-07-21
201951,102127,B016,Premium Savings,Active,2024-03-28
201952,100930,B017,Current,Active,2025-01-20
201953,100192,B012,Savings,Dormant,2022-09-12
201954,101513,B011,Salary,Dormant,2023-12-02
201955,104861,B010,Salary,Active,2025-06-25
201956,103427,B012,Current,Active,2022-11-23
201957,102035,B012,Salary,Active,2025-03-13
201958,102472,B010,Savings,Active,2022-09-27
201959,101671,B011,Current,Active,2021-08-25
201960,104468,B003,Salary,Active,2021-03-04
201961,102268,B010,Salary,Active,2023-06-18
201962,104186,B009,Savings,Dormant,2023-01-30
201963,100256,B018,Savings,Active,2022-04-06
201964,102436,B006,Savings,Active,2025-05-05
201965,103015,B020,Savings,Active,2025-03-05
201966,103335,B018,Salary,Active,2024-02-20
201967,100119,B016,Savings,Active,2024-11-05
201968,103218,B015,Salary,Active,2023-12-19
201969,104197,B007,Current,Dormant,2024-03-22
201970,100461,B004,Salary,Active,2022-02-13
201971,101654,B016,Current,Dormant,2021-02-02
201972,102128,B015,Salary,Active,2023-12-24
201973,101272,B017,Savings,Active,2021-07-30
201974,102200,B011,Savings,Dormant,2021-11-26
201975,104466,B018,Current,Active,2023-08-06
201976,104487,B002,Savings,Dormant,2022-09-15
201977,103007,B003,Savings,Active,2022-12-20
201978,104427,B002,Premium Savings,Active,2023-12-03
201979,104076,B007,Salary,Active,2025-03-26
201980,100289,B003,Savings,Active,2021-03-24
201981,101935,B001,Salary,Dormant,2022-05-21
201982,104226,B017,Savings,Active,2022-07-23
201983,102213,B004,Savings,Active,2022-03-26
201984,103059,B017,Savings,Active,2021-06-11
201985,102061,B013,Savings,Active,2022-05-04
201986,100082,B013,Savings,Active,2021-10-27
201987,102825,B003,Current,Active,2025-05-23
201988,101909,B001,Savings,Closed,2022-10-05
201989,103870,B003,Savings,Active,2022-09-21
201990,104441,B007,Savings,Active,2024-06-18
201991,100523,B020,Savings,Active,2023-12-25
201992,101792,B009,Current,Active,2022-05-04
201993,101964,B005,Savings,Active,2022-06-29
201994,103383,B006,Current,Dormant,2021-02-06
201995,101982,B007,Savings,Active,2022-02-05
201996,102829,B012,Savings,Active,2022-12-30
201997,104542,B017,Salary,Active,2023-02-18
201998,102950,B002,Salary,Active,2022-02-08
201999,100493,B016,Salary,Active,2025-05-01
202000,102405,B001,Savings,Active,2024-11-21
202001,104433,B007,Savings,Active,2023-03-12
202002,102412,B012,Current,Active,2025-02-09
202003,104915,B003,Premium Savings,Active,2022-07-26
202004,104514,B006,Savings,Active,2024-05-09
202005,101320,B013,Salary,Active,2024-12-10
202006,102070,B014,Savings,Active,2024-01-24
202007,100926,B002,Premium Savings,Closed,2022-07-25
202008,100958,B016,Savings,Active,2024-08-26
202009,101839,B009,Savings,Active,2021-07-15
202010,102099,B013,Current,Active,2022-11-18
202011,101753,B005,Salary,Active,2025-04-01
202012,103665,B020,Salary,Active,2024-04-03
202013,100760,B016,Salary,Active,2022-10-12
202014,102377,B013,Salary,Active,2023-02-06
202015,104444,B004,Savings,Active,2023-01-11
202016,103661,B016,Savings,Active,2023-02-24
202017,101023,B008,Salary,Active,2022-02-25
202018,101199,B013,Savings,Active,2024-12-10
202019,104631,B014,Savings,Active,2021-06-14
202020,102914,B017,Savings,Active,2024-12-14
202021,104399,B017,Current,Active,2023-10-03
202022,104322,B008,Savings,Active,2023-01-01
202023,102208,B002,Salary,Active,2024-12-20
202024,102647,B009,Current,Active,2025-09-07
202025,101842,B009,Savings,Active,2023-02-15
202026,103185,B007,Savings,Active,2023-09-16
202027,103249,B010,Salary,Dormant,2023-03-19
202028,103395,B012,Salary,Dormant,2023-06-09
202029,104305,B013,Salary,Active,2022-10-10
202030,103699,B008,Savings,Active,2023-07-05
202031,100509,B013,Premium Savings,Active,2021-02-13
202032,101752,B020,Salary,Active,2024-11-23
202033,102850,B014,Savings,Closed,2021-06-17
202034,103135,B013,Salary,Active,2025-11-01
202035,104322,B006,Savings,Active,2022-12-15
202036,102081,B007,Current,Active,2024-06-13
202037,104109,B002,Salary,Active,2021-02-26
202038,101955,B011,Current,Active,2022-09-15
202039,100731,B002,Savings,Active,2025-09-29
202040,102377,B016,Savings,Active,2023-08-02
202041,100746,B020,Salary,Active,2023-04-04
202042,102040,B017,Salary,Active,2022-07-15
202043,101212,B004,Current,Dormant,2024-06-11
202044,100130,B013,Premium Savings,Active,2024-04-07
202045,103318,B009,Savings,Active,2023-08-15
202046,103710,B001,Savings,Active,2025-12-29
202047,100660,B015,Savings,Active,2023-10-06
202048,102922,B018,Salary,Active,2025-04-28
202049,102511,B010,Salary,Active,2023-05-12
202050,100688,B019,Salary,Active,2023-05-13
202051,103042,B002,Salary,Active,2023-12-10
202052,101307,B018,Savings,Active,2022-09-17
202053,104111,B014,Savings,Active,2024-12-11
202054,103056,B014,Current,Active,2023-04-07
202055,100558,B011,Savings,Dormant,2022-05-03
202056,102591,B001,Current,Active,2022-08-01
202057,100584,B010,Savings,Active,2022-08-24
202058,103618,B020,Savings,Active,2025-12-15
202059,101488,B010,Savings,Active,2022-08-07
202060,102447,B002,Savings,Active,2022-01-04
202061,103481,B010,Premium Savings,Dormant,2024-06-03
202062,104224,B003,Savings,Active,2025-01-17
202063,102562,B009,Premium Savings,Active,2023-02-10
202064,100388,B013,Savings,Active,2023-01-27
202065,101294,B002,Salary,Active,2024-01-12
202066,103066,B010,Current,Active,2024-04-04
202067,100210,B011,Savings,Active,2021-07-18
202068,101858,B016,Savings,Dormant,2025-08-12
202069,101618,B002,Savings,Active,2022-11-13
202070,101535,B013,Salary,Active,2023-12-17
202071,104769,B013,Savings,Active,2021-04-06
202072,104719,B001,Savings,Active,2024-01-31
202073,104487,B003,Salary,Dormant,2021-07-11
202074,104320,B013,Current,Active,2021-03-07
202075,104468,B018,Savings,Closed,2025-10-11
202076,100919,B018,Savings,Active,2021-08-24
202077,101968,B016,Current,Active,2024-09-25
202078,100288,B018,Savings,Active,2023-09-14
202079,103986,B013,Current,Active,2022-03-19
202080,104337,B004,Savings,Active,2022-11-08
202081,100145,B011,Premium Savings,Dormant,2021-09-16
202082,100847,B007,Current,Active,2024-01-17
202083,100845,B006,Current,Active,2025-02-28
202084,104642,B003,Salary,Active,2022-12-03
202085,103952,B001,Premium Savings,Active,2025-08-29
202086,101387,B016,Salary,Active,2021-11-16
202087,100229,B004,Current,Active,2025-09-14
202088,102059,B013,Salary,Active,2024-12-25
202089,102923,B007,Savings,Active,2021-05-01
202090,100225,B010,Salary,Closed,2025-03-23
202091,102345,B008,Salary,Dormant,2021-04-28
202092,102688,B006,Current,Active,2025-11-02
202093,104906,B010,Salary,Active,2024-05-23
202094,100944,B016,Salary,Dormant,2022-01-02
202095,100918,B011,Salary,Active,2025-07-23
202096,102156,B016,Salary,Active,2022-07-23
202097,101598,B019,Salary,Active,2021-08-05
202098,104598,B010,Savings,Active,2022-05-28
202099,103936,B017,Savings,Active,2025-04-25
202100,101263,B003,Current,Active,2025-08-25
202101,101675,B012,Savings,Active,2025-08-17
202102,103175,B010,Salary,Active,2023-12-27
202103,104358,B001,Salary,Active,2021-12-02
202104,101010,B018,Savings,Active,2025-08-11
202105,101481,B015,Premium Savings,Active,2023-08-08
202106,103050,B012,Salary,Active,2025-06-13
202107,104300,B014,Premium Savings,Active,2021-06-28
202108,101446,B016,Savings,Closed,2022-03-24
202109,102338,B016,Savings,Active,2022-02-22
202110,103408,B006,Current,Active,2023-02-20
202111,102127,B009,Salary,Active,2025-04-01
202112,103854,B007,Premium Savings,Active,2023-01-25
202113,102576,B019,Salary,Active,2024-01-16
202114,104404,B003,Savings,Active,2023-06-08
202115,103037,B019,Savings,Active,2025-10-11
202116,104593,B007,Salary,Active,2025-12-26
202117,104299,B016,Savings,Active,2025-05-05
202118,101207,B004,Premium Savings,Active,2021-11-14
202119,104487,B017,Salary,Active,2025-04-07
202120,100645,B011,Salary,Active,2024-11-10
202121,101414,B020,Salary,Active,2022-10-07
202122,100243,B008,Savings,Active,2022-02-20
202123,100522,B020,Savings,Active,2025-12-10
202124,103602,B017,Current,Active,2024-09-11
202125,100556,B001,Salary,Active,2022-04-16
202126,100935,B008,Salary,Closed,2022-01-05
202127,102042,B009,Savings,Active,2023-12-20
202128,104001,B005,Current,Active,2023-08-20
202129,104055,B018,Savings,Active,2025-02-22
202130,104825,B002,Savings,Active,2024-05-03
202131,100276,B006,Premium Savings,Active,2025-01-18
202132,100740,B006,Savings,Active,2023-02-28
202133,101995,B009,Savings,Active,2025-11-05
202134,101417,B014,Savings,Active,2025-10-30
202135,100486,B001,Salary,Active,2025-09-20
202136,102621,B013,Savings,Active,2024-07-11
202137,102344,B009,Savings,Active,2022-11-17
202138,102153,B013,Savings,Active,2021-10-15
202139,100113,B002,Current,Active,2023-10-19
202140,102130,B018,Savings,Active,2022-11-11
202141,102291,B012,Salary,Active,2021-11-05
202142,101086,B006,Salary,Active,2022-07-28
202143,103975,B016,Current,Active,2025-01-02
202144,104447,B010,Savings,Active,2022-06-24
202145,104645,B008,Current,Active,2021-06-30
202146,103408,B004,Savings,Active,2022-01-22
202147,103381,B010,Savings,Active,2021-11-22
202148,100770,B005,Salary,Closed,2021-12-05
202149,101971,B015,Savings,Active,2023-02-24
202150,100023,B008,Savings,Active,2025-05-08
202151,102797,B003,Savings,Active,2022-11-13
202152,103814,B015,Savings,Active,2025-12-11
202153,103346,B017,Savings,Active,2025-05-01
202154,100080,B017,Savings,Active,2021-10-20
202155,102782,B010,Salary,Active,2024-01-08
202156,104403,B007,Savings,Active,2024-12-15
202157,100511,B005,Savings,Active,2024-07-21
202158,102648,B008,Premium Savings,Active,2022-02-20
202159,101252,B003,Current,Active,2024-07-21
202160,104651,B018,Salary,Active,2023-08-11
202161,102754,B005,Current,Active,2022-03-03
202162,103860,B016,Savings,Active,2021-12-26
202163,102623,B008,Savings,Active,2022-11-13
202164,104472,B014,Salary,Active,2022-05-10
202165,101438,B019,Salary,Dormant,2023-09-17
202166,103720,B009,Savings,Dormant,2023-01-20
202167,102147,B020,Current,Active,2021-08-04
202168,102884,B007,Savings,Active,2024-07-10
202169,103430,B006,Savings,Dormant,2021-04-23
202170,100866,B015,Savings,Active,2023-05-16
202171,104340,B003,Premium Savings,Active,2021-04-09
202172,103639,B002,Savings,Active,2025-01-18
202173,102047,B008,Savings,Active,2022-08-13
202174,102962,B011,Salary,Active,2021-06-26
202175,103318,B010,Savings,Active,2022-03-27
202176,102274,B002,Premium Savings,Active,2023-11-10
202177,103176,B011,Savings,Active,2024-11-29
202178,102793,B013,Salary,Dormant,2021-07-14
202179,103898,B006,Savings,Active,2022-08-06
202180,101162,B012,Savings,Dormant,2021-08-03
202181,100021,B008,Current,Active,2022-03-21
202182,102023,B002,Salary,Dormant,2022-07-18
202183,104123,B015,Savings,Active,2023-12-12
202184,100621,B009,Savings,Active,2021-07-11
202185,104306,B020,Savings,Active,2024-01-18
202186,102049,B004,Savings,Dormant,2024-11-16
202187,101044,B001,Salary,Active,2025-09-22
202188,102335,B016,Premium Savings,Active,2023-07-15
202189,104059,B018,Salary,Closed,2023-06-02
202190,104289,B019,Savings,Active,2024-03-22
202191,103066,B020,Current,Dormant,2025-12-26
202192,102636,B007,Current,Active,2021-04-13
202193,104033,B014,Savings,Active,2021-11-28
202194,104545,B001,Savings,Active,2022-02-15
202195,103978,B009,Current,Dormant,2021-12-06
202196,104840,B018,Salary,Active,2023-08-14
202197,104156,B013,Savings,Active,2021-03-31
202198,100245,B017,Salary,Active,2021-05-30
202199,100099,B019,Salary,Active,2024-05-04
202200,102986,B016,Premium Savings,Active,2021-10-21
202201,104786,B014,Premium Savings,Active,2022-08-27
202202,101497,B008,Savings,Dormant,2021-02-09
202203,104832,B011,Savings,Dormant,2024-10-28
202204,104257,B002,Salary,Active,2025-07-22
202205,100704,B012,Salary,Active,2024-06-09
202206,102471,B020,Savings,Dormant,2023-02-27
202207,101106,B003,Current,Active,2022-12-28
202208,100391,B010,Salary,Active,2021-03-24
202209,103455,B018,Savings,Active,2022-04-10
202210,101076,B008,Savings,Active,2023-04-21
202211,102799,B012,Savings,Active,2021-04-02
202212,103370,B016,Savings,Active,2025-06-08
202213,102161,B016,Current,Active,2024-02-11
202214,100399,B014,Savings,Active,2021-12-13
202215,100346,B002,Salary,Active,2025-06-01
202216,101896,B001,Savings,Active,2022-03-11
202217,100214,B016,Salary,Active,2024-04-17
202218,104359,B020,Savings,Active,2025-11-28
202219,100832,B006,Salary,Active,2022-10-29
202220,100147,B012,Savings,Active,2025-04-08
202221,100701,B002,Current,Active,2025-08-15
202222,103482,B004,Savings,Active,2023-09-29
202223,102944,B010,Current,Active,2024-04-02
202224,103378,B001,Savings,Active,2021-12-06
202225,101735,B012,Savings,Active,2025-03-15
202226,101604,B012,Salary,Active,2022-02-05
202227,103359,B002,Savings,Active,2022-06-21
202228,100564,B012,Premium Savings,Active,2025-04-22
202229,101972,B010,Current,Active,2022-01-14
202230,100513,B002,Savings,Active,2024-05-17
202231,102121,B005,Premium Savings,Closed,2022-10-31
202232,104847,B011,Savings,Active,2022-10-03
202233,104251,B017,Salary,Active,2025-07-25
202234,103385,B009,Savings,Active,2021-02-17
202235,103287,B013,Current,Dormant,2024-09-30
202236,101880,B009,Salary,Active,2021-09-06
202237,103527,B018,Savings,Active,2025-01-02
202238,104168,B020,Salary,Active,2024-08-23
202239,102797,B009,Savings,Active,2024-02-04
202240,100517,B006,Salary,Active,2024-03-29
202241,103472,B012,Savings,Active,2021-02-03
202242,100635,B018,Savings,Active,2022-10-17
202243,101620,B012,Savings,Active,2024-08-23
202244,100988,B007,Current,Active,2023-12-17
202245,100251,B016,Premium Savings,Active,2021-12-27
202246,103818,B004,Premium Savings,Active,2024-10-10
202247,103226,B006,Salary,Active,2022-06-23
202248,102045,B004,Salary,Active,2024-03-20
202249,101908,B019,Salary,Active,2024-03-05
202250,103213,B019,Current,Active,2022-03-14
202251,102658,B020,Savings,Active,2021-03-31
202252,101163,B001,Salary,Active,2025-10-03
202253,102403,B018,Savings,Active,2024-10-09
202254,103887,B005,Salary,Dormant,2021-02-13
202255,102762,B020,Savings,Active,2021-12-21
202256,104009,B007,Savings,Active,2023-10-13
202257,102541,B007,Salary,Active,2025-06-04
202258,102067,B014,Savings,Active,2022-02-12
202259,103712,B016,Premium Savings,Active,2023-08-19
202260,101047,B008,Premium Savings,Active,2024-07-15
202261,103134,B017,Current,Active,2025-05-20
202262,103151,B001,Salary,Closed,2023-10-23
202263,101385,B018,Savings,Active,2023-02-02
202264,101281,B011,Savings,Active,2021-12-24
202265,100419,B011,Salary,Active,2023-09-30
202266,100742,B018,Savings,Active,2023-07-13
202267,100478,B002,Savings,Active,2025-06-09
202268,103079,B018,Savings,Active,2023-08-07
202269,100609,B005,Salary,Active,2024-11-07
202270,102565,B020,Salary,Active,2023-02-07
202271,100558,B015,Savings,Active,2023-07-02
202272,103918,B007,Savings,Active,2021-03-18
202273,103389,B002,Salary,Active,2023-06-23
202274,101462,B003,Savings,Active,2022-01-13
202275,103677,B003,Savings,Active,2022-08-15
202276,101127,B002,Savings,Dormant,2025-11-04
202277,103177,B013,Salary,Active,2024-05-22
202278,103203,B018,Savings,Active,2021-12-10
202279,102182,B016,Savings,Active,2023-10-14
202280,103506,B015,Current,Active,2023-04-18
202281,104740,B020,Savings,Active,2024-10-07
202282,102067,B013,Premium Savings,Active,2022-06-21
202283,101418,B002,Salary,Active,2024-03-18
202284,102212,B010,Current,Active,2024-10-13
202285,102840,B016,Savings,Active,2024-08-07
202286,100618,B010,Savings,Active,2023-11-22
202287,104800,B007,Current,Active,2021-02-05
202288,102348,B010,Savings,Closed,2024-07-29
202289,104820,B016,Current,Active,2025-10-22
202290,104807,B008,Savings,Active,2024-03-08
202291,100320,B008,Salary,Active,2023-12-12
202292,100569,B010,Savings,Active,2023-07-09
202293,100908,B009,Current,Active,2021-06-09
202294,102840,B005,Savings,Active,2025-10-20
202295,101769,B006,Savings,Active,2022-11-14
202296,100092,B003,Savings,Active,2024-07-07
202297,102822,B016,Savings,Closed,2023-09-26
202298,101627,B005,Premium Savings,Active,2024-06-11
202299,104218,B020,Savings,Active,2021-05-28
202300,103806,B020,Savings,Active,2024-06-14
202301,104224,B014,Current,Active,2023-10-07
202302,102836,B020,Savings,Active,2023-05-02
202303,103480,B018,Salary,Active,2024-09-25
202304,100406,B016,Savings,Active,2024-03-18
202305,103799,B008,Salary,Active,2024-10-11
202306,102260,B017,Salary,Active,2024-01-09
202307,100022,B007,Savings,Active,2024-12-01
202308,100396,B003,Savings,Dormant,2025-06-10
202309,101542,B012,Current,Active,2025-01-25
202310,101868,B003,Current,Dormant,2025-11-22
202311,101044,B002,Savings,Active,2023-09-10
202312,103845,B002,Current,Active,2023-06-01
202313,102235,B019,Salary,Dormant,2021-05-08
202314,101292,B002,Current,Active,2024-01-02
202315,103369,B008,Current,Active,2024-05-29
202316,102267,B015,Salary,Active,2022-06-14
202317,103894,B017,Current,Active,2021-03-16
202318,102502,B002,Savings,Active,2025-03-23
202319,103748,B018,Savings,Active,2021-08-19
202320,104267,B019,Savings,Active,2024-07-20
202321,100397,B020,Savings,Active,2025-11-14
202322,100608,B014,Savings,Active,2025-08-14
202323,103654,B011,Salary,Active,2022-02-02
202324,102753,B004,Savings,Active,2024-01-10
202325,101204,B003,Salary,Active,2025-09-13
202326,100154,B017,Savings,Active,2024-07-17
202327,104778,B018,Savings,Active,2022-06-09
202328,100467,B017,Savings,Active,2021-06-23
202329,102314,B013,Savings,Closed,2023-08-03
202330,101104,B012,Savings,Active,2024-01-13
202331,101978,B004,Savings,Active,2021-12-10
202332,103599,B002,Current,Dormant,2022-11-19
202333,102546,B005,Savings,Dormant,2023-02-05
202334,100206,B009,Savings,Active,2023-07-17
202335,100437,B007,Savings,Active,2021-04-09
202336,104726,B011,Savings,Active,2022-08-19
202337,101260,B016,Savings,Active,2025-03-17
202338,102139,B015,Savings,Active,2022-06-09
202339,103928,B017,Current,Active,2025-01-03
202340,104194,B006,Current,Active,2025-02-06
202341,101421,B019,Salary,Active,2025-04-29
202342,101110,B018,Salary,Active,2023-10-15
202343,102188,B007,Savings,Active,2022-10-23
202344,101690,B006,Savings,Closed,2022-04-08
202345,103506,B018,Salary,Active,2023-09-04
202346,103636,B020,Savings,Active,2024-10-31
202347,101301,B010,Savings,Active,2025-02-19
202348,101896,B003,Salary,Closed,2021-05-17
202349,103654,B013,Current,Active,2025-08-22
202350,102538,B017,Savings,Active,2022-06-20
202351,102756,B010,Savings,Active,2022-04-08
202352,104047,B003,Savings,Active,2022-09-06
202353,103259,B015,Savings,Active,2022-10-30
202354,103256,B016,Savings,Active,2021-11-21
202355,102409,B018,Current,Active,2022-08-16
202356,104180,B018,Savings,Active,2025-03-18
202357,100115,B010,Savings,Active,2021-02-16
202358,100433,B007,Savings,Active,2024-05-14
202359,103383,B004,Premium Savings,Active,2025-05-21
202360,103041,B003,Savings,Active,2024-05-08
202361,101399,B017,Savings,Active,2023-05-17
202362,103007,B020,Current,Active,2023-12-18
202363,100536,B013,Savings,Active,2023-09-11
202364,103036,B020,Savings,Active,2022-11-22
202365,101807,B007,Savings,Closed,2025-03-26
202366,102945,B016,Premium Savings,Active,2024-04-17
202367,101705,B008,Current,Active,2021-04-12
202368,103620,B008,Current,Active,2024-09-05
202369,100559,B013,Salary,Active,2022-03-20
202370,104221,B003,Current,Active,2023-09-10
202371,102474,B009,Savings,Dormant,2021-11-07
202372,101148,B009,Savings,Active,2023-05-10
202373,104811,B009,Savings,Active,2021-09-22
202374,100523,B015,Savings,Active,2022-02-12
202375,102686,B006,Salary,Active,2025-05-03
202376,100370,B004,Savings,Active,2021-06-03
202377,104498,B013,Savings,Dormant,2022-07-13
202378,100793,B001,Savings,Active,2021-03-17
202379,101260,B020,Savings,Active,2021-12-11
202380,103280,B019,Premium Savings,Active,2024-07-27
202381,104424,B008,Current,Active,2023-10-03
202382,102083,B014,Savings,Active,2022-09-29
202383,101302,B011,Current,Active,2021-06-13
202384,101748,B014,Salary,Active,2024-07-16
202385,104588,B005,Savings,Active,2022-04-13
202386,104550,B019,Current,Dormant,2023-07-16
202387,100613,B018,Salary,Active,2021-08-21
202388,104501,B011,Savings,Active,2023-03-27
202389,104205,B018,Current,Active,2025-05-14
202390,102695,B007,Current,Active,2024-02-22
202391,101278,B016,Salary,Active,2023-05-18
202392,102293,B019,Salary,Active,2021-12-01
202393,103877,B014,Premium Savings,Active,2022-04-29
202394,101353,B020,Savings,Active,2025-11-23
202395,101720,B005,Salary,Active,2025-09-07
202396,102300,B001,Salary,Active,2022-08-26
202397,100337,B011,Savings,Active,2024-03-18
202398,102055,B007,Premium Savings,Active,2024-11-04
202399,100670,B013,Salary,Active,2023-01-21
202400,100035,B008,Salary,Active,2022-03-29
202401,101936,B018,Savings,Active,2022-09-03
202402,103793,B003,Savings,Active,2023-05-04
202403,104914,B020,Premium Savings,Active,2022-10-20
202404,102193,B005,Premium Savings,Active,2023-07-01
202405,103770,B007,Savings,Active,2021-10-08
202406,101115,B001,Savings,Active,2022-07-14
202407,103183,B014,Current,Active,2021-11-22
202408,103332,B014,Savings,Active,2022-09-29
202409,101662,B019,Current,Closed,2022-05-28
202410,102239,B003,Premium Savings,Active,2023-03-06
202411,103351,B010,Savings,Active,2025-12-29
202412,101569,B018,Salary,Active,2025-03-07
202413,103019,B001,Current,Active,2024-02-03
202414,101155,B012,Savings,Active,2023-07-02
202415,102678,B005,Savings,Active,2022-09-01
202416,100296,B008,Current,Closed,2021-06-11
202417,102233,B016,Salary,Closed,2024-02-04
202418,102516,B017,Current,Active,2022-01-31
202419,104137,B001,Premium Savings,Active,2021-03-12
202420,101878,B014,Savings,Active,2025-12-05
202421,100031,B008,Premium Savings,Active,2022-01-17
202422,100202,B016,Current,Active,2021-06-14
202423,102697,B017,Savings,Closed,2023-12-19
202424,104063,B018,Savings,Closed,2024-03-28
202425,104453,B003,Savings,Active,2022-05-15
202426,104042,B017,Savings,Active,2022-01-21
202427,101700,B020,Premium Savings,Active,2021-09-13
202428,102451,B016,Salary,Active,2023-02-28
202429,104442,B008,Savings,Active,2023-01-11
202430,104195,B015,Savings,Active,2022-10-14
202431,102270,B002,Current,Active,2025-08-14
202432,102406,B008,Salary,Active,2025-11-19
202433,100347,B017,Salary,Active,2025-05-15
202434,100845,B014,Savings,Active,2023-10-04
202435,102647,B006,Savings,Dormant,2025-10-23
202436,102588,B012,Savings,Active,2022-04-02
202437,102875,B001,Current,Active,2024-09-15
202438,101563,B020,Savings,Active,2024-01-07
202439,101135,B012,Savings,Active,2024-01-28
202440,102262,B011,Salary,Active,2021-05-11
202441,104394,B007,Savings,Active,2021-09-21
202442,104854,B005,Premium Savings,Active,2025-08-19
202443,100263,B007,Salary,Active,2022-05-05
202444,101778,B010,Savings,Active,2022-09-21
202445,102607,B009,Savings,Active,2024-06-05
202446,101080,B009,Current,Active,2025-06-01
202447,101767,B011,Salary,Closed,2022-12-25
202448,100643,B010,Savings,Active,2025-01-16
202449,102320,B007,Salary,Active,2024-01-27
202450,104420,B012,Salary,Active,2021-12-07
202451,104644,B005,Current,Active,2023-10-19
202452,100075,B019,Savings,Active,2025-10-23
202453,103184,B014,Savings,Active,2025-12-01
202454,104538,B006,Current,Dormant,2025-12-15
202455,103841,B014,Savings,Active,2021-05-14
202456,100309,B020,Salary,Closed,2025-01-09
202457,101949,B016,Savings,Active,2023-05-17
202458,103764,B016,Savings,Active,2023-04-04
202459,104899,B005,Salary,Active,2023-02-12
202460,101469,B004,Current,Active,2024-05-12
202461,101416,B012,Savings,Dormant,2023-07-08
202462,101250,B006,Current,Active,2021-05-28
202463,104475,B003,Salary,Active,2022-12-18
202464,100900,B019,Savings,Active,2025-08-09
202465,101831,B007,Savings,Active,2021-09-04
202466,100673,B017,Salary,Active,2022-02-09
202467,104699,B015,Salary,Active,2021-07-21
202468,100332,B003,Savings,Active,2024-07-31
202469,102537,B004,Savings,Active,2025-01-18
202470,100776,B012,Current,Active,2025-01-02
202471,102036,B013,Savings,Active,2021-05-09
202472,102943,B006,Premium Savings,Active,2025-11-05
202473,103492,B004,Savings,Active,2025-06-16
202474,102849,B013,Salary,Active,2025-02-12
202475,102137,B005,Premium Savings,Active,2025-04-25
202476,101406,B004,Savings,Active,2025-02-01
202477,104014,B008,Current,Active,2021-03-08
202478,103400,B008,Savings,Active,2024-07-11
202479,103360,B009,Current,Active,2025-07-22
202480,103849,B008,Premium Savings,Active,2023-11-19
202481,101102,B012,Premium Savings,Active,2025-07-20
202482,104901,B011,Savings,Active,2021-03-18
202483,104598,B001,Salary,Active,2023-12-29
202484,102199,B005,Salary,Active,2025-11-11
202485,101020,B011,Savings,Active,2023-10-23
202486,101873,B015,Salary,Active,2023-03-31
202487,101944,B001,Savings,Active,2022-06-08
202488,104866,B017,Premium Savings,Active,2024-12-25
202489,101444,B002,Salary,Dormant,2025-09-22
202490,104711,B013,Current,Active,2022-11-20
202491,101156,B005,Savings,Active,2023-06-25
202492,104635,B019,Premium Savings,Active,2023-04-13
202493,104651,B014,Savings,Active,2024-03-01
202494,103044,B016,Current,Active,2023-04-24
202495,100539,B017,Current,Active,2024-08-22
202496,103089,B001,Savings,Active,2025-12-12
202497,104557,B017,Savings,Dormant,2022-07-15
202498,104640,B002,Savings,Active,2022-01-21
202499,102288,B011,Premium Savings,Active,2023-10-11
202500,102400,B014,Salary,Active,2023-07-05
202501,101921,B018,Salary,Active,2023-02-16
202502,101068,B015,Current,Active,2021-10-10
202503,103268,B015,Salary,Active,2021-07-27
202504,104927,B020,Current,Active,2023-06-21
202505,101337,B001,Salary,Dormant,2024-08-12
202506,104211,B001,Salary,Active,2023-09-24
202507,100480,B004,Savings,Active,2024-11-21
202508,100281,B005,Premium Savings,Active,2021-09-07
202509,104504,B010,Premium Savings,Active,2025-09-23
202510,100563,B017,Savings,Active,2024-06-28
202511,102070,B008,Premium Savings,Closed,2024-04-28
202512,104411,B018,Salary,Active,2025-02-20
202513,101745,B013,Savings,Active,2025-09-18
202514,101506,B010,Savings,Active,2025-01-29
202515,100204,B016,Salary,Active,2023-05-29
202516,103482,B010,Salary,Active,2024-08-23
202517,101601,B001,Savings,Active,2023-02-08
202518,100590,B018,Current,Active,2021-09-15
202519,102374,B003,Current,Active,2025-12-03
202520,100853,B010,Savings,Dormant,2024-02-09
202521,104244,B004,Savings,Active,2024-12-09
202522,103737,B016,Savings,Active,2024-06-28
202523,104899,B013,Salary,Active,2022-09-12
202524,104897,B019,Savings,Active,2024-10-17
202525,104186,B018,Current,Active,2022-08-20
202526,102511,B006,Current,Closed,2024-07-18
202527,100852,B006,Premium Savings,Active,2025-02-03
202528,100215,B006,Premium Savings,Active,2024-02-22
202529,100458,B004,Premium Savings,Active,2023-05-18
202530,101172,B019,Current,Active,2024-08-21
202531,104415,B002,Savings,Active,2021-05-11
202532,101064,B009,Savings,Active,2025-04-05
202533,100464,B006,Savings,Active,2023-07-04
202534,104677,B001,Savings,Active,2023-11-06
202535,102178,B017,Savings,Active,2022-01-05
202536,102096,B011,Savings,Active,2021-09-23
202537,101509,B018,Savings,Active,2022-10-26
202538,104739,B013,Current,Active,2025-01-29
202539,101741,B010,Premium Savings,Active,2021-01-26
202540,104298,B005,Savings,Active,2024-04-21
202541,104961,B012,Savings,Active,2025-12-13
202542,102255,B015,Current,Active,2024-06-07
202543,103504,B001,Savings,Active,2022-06-22
202544,100125,B005,Salary,Active,2022-06-21
202545,103909,B008,Savings,Active,2022-09-02
202546,104865,B003,Savings,Active,2021-10-01
202547,100976,B002,Salary,Active,2023-12-28
202548,100051,B005,Current,Active,2024-11-25
202549,100220,B007,Current,Active,2023-08-01
202550,104281,B011,Savings,Active,2021-04-01
202551,101220,B017,Savings,Active,2025-04-28
202552,102067,B018,Savings,Closed,2023-01-05
202553,101681,B008,Salary,Active,2023-07-21
202554,101507,B011,Savings,Active,2023-07-18
202555,100828,B001,Savings,Active,2024-03-02
202556,102042,B017,Current,Active,2021-02-01
202557,104622,B005,Current,Dormant,2022-03-21
202558,101785,B002,Savings,Dormant,2023-12-26
202559,104008,B013,Premium Savings,Active,2022-12-10
202560,103446,B008,Current,Active,2021-08-07
202561,103987,B009,Premium Savings,Active,2025-08-04
202562,102864,B009,Savings,Active,2022-03-17
202563,101857,B013,Current,Dormant,2022-02-10
202564,101285,B017,Savings,Active,2025-12-19
202565,101401,B012,Savings,Active,2022-02-23
202566,102638,B013,Savings,Active,2023-10-20
202567,102021,B017,Savings,Active,2023-08-02
202568,102025,B016,Salary,Active,2025-11-03
202569,101845,B004,Salary,Active,2025-10-08
202570,104604,B007,Savings,Active,2023-06-19
202571,103217,B010,Savings,Active,2021-03-24
202572,104462,B019,Savings,Active,2025-01-06
202573,104641,B013,Current,Active,2024-03-15
202574,103087,B017,Savings,Active,2021-03-11
202575,100459,B016,Salary,Active,2021-09-15
202576,104827,B019,Savings,Active,2022-06-16
202577,102392,B011,Salary,Active,2025-03-27
202578,101876,B006,Salary,Active,2022-06-01
202579,102068,B009,Savings,Active,2025-06-07
202580,100440,B001,Salary,Active,2021-05-08
202581,103322,B014,Premium Savings,Active,2023-07-23
202582,100239,B013,Current,Active,2025-10-04
202583,103604,B004,Savings,Active,2024-03-31
202584,104168,B010,Current,Active,2023-07-11
202585,102111,B015,Savings,Active,2022-12-10
202586,101918,B016,Premium Savings,Active,2023-12-19
202587,103366,B016,Current,Active,2022-04-09
202588,104302,B002,Salary,Active,2023-08-08
202589,100479,B008,Current,Active,2021-04-13
202590,102294,B012,Savings,Active,2022-03-30
202591,101615,B003,Current,Active,2024-08-26
202592,100056,B004,Salary,Active,2025-08-14
202593,100043,B019,Savings,Active,2023-02-17
202594,102644,B011,Savings,Active,2024-05-05
202595,103819,B012,Premium Savings,Active,2023-04-10
202596,102973,B004,Savings,Active,2021-08-14
202597,101244,B013,Salary,Active,2025-10-20
202598,102258,B019,Savings,Active,2023-04-23
202599,104829,B020,Salary,Active,2021-07-26
202600,104191,B004,Current,Dormant,2021-01-03
202601,100600,B005,Savings,Active,2022-01-07
202602,103221,B012,Savings,Active,2024-05-16
202603,103124,B018,Savings,Active,2022-08-24
202604,101824,B001,Current,Active,2023-08-14
202605,101823,B005,Savings,Active,2021-10-28
202606,103596,B004,Savings,Active,2025-07-09
202607,104675,B016,Current,Active,2025-11-10
202608,101599,B010,Premium Savings,Active,2025-09-25
202609,104636,B015,Savings,Active,2024-02-11
202610,104193,B001,Current,Active,2021-06-29
202611,100264,B003,Premium Savings,Active,2021-08-06
202612,101401,B011,Current,Active,2021-06-13
202613,102205,B009,Premium Savings,Active,2023-06-25
202614,103334,B004,Current,Active,2025-06-29
202615,101134,B006,Salary,Active,2024-12-25
202616,102076,B015,Salary,Active,2023-07-24
202617,100464,B001,Savings,Active,2024-09-29
202618,100506,B018,Current,Active,2023-05-08
202619,102175,B004,Current,Active,2024-02-12
202620,103149,B016,Savings,Active,2023-11-08
202621,102262,B013,Savings,Dormant,2024-01-08
202622,101916,B002,Salary,Active,2023-05-02
202623,102490,B016,Savings,Active,2024-09-17
202624,103172,B010,Savings,Active,2024-01-27
202625,103571,B007,Savings,Active,2022-05-12
202626,102700,B003,Savings,Active,2025-09-29
202627,100460,B003,Current,Dormant,2023-06-18
202628,100208,B009,Savings,Active,2024-01-11
202629,101715,B006,Savings,Active,2023-08-26
202630,101025,B017,Savings,Active,2022-08-09
202631,102685,B011,Premium Savings,Active,2021-05-28
202632,103503,B001,Salary,Active,2022-01-25
202633,101261,B018,Savings,Dormant,2025-10-14
202634,102339,B006,Savings,Active,2025-10-30
202635,101093,B013,Savings,Dormant,2021-10-24
202636,102333,B017,Savings,Active,2023-11-24
202637,101891,B014,Salary,Active,2022-04-15
202638,100012,B009,Current,Active,2023-11-01
202639,103327,B001,Current,Active,2024-04-10
202640,101514,B005,Salary,Active,2021-03-02
202641,103740,B012,Salary,Active,2025-10-01
202642,103348,B019,Savings,Active,2025-08-04
202643,100976,B001,Current,Dormant,2025-10-04
202644,104435,B004,Savings,Active,2023-05-08
202645,100112,B008,Current,Active,2024-08-03
202646,102871,B016,Savings,Active,2025-12-30
202647,104013,B020,Savings,Active,2021-12-15
202648,102704,B004,Savings,Active,2021-11-03
202649,102788,B012,Savings,Active,2025-01-03
202650,102352,B020,Savings,Active,2022-08-19
202651,100301,B020,Salary,Active,2021-11-27
202652,103393,B016,Savings,Active,2022-01-19
202653,104765,B016,Premium Savings,Dormant,2024-06-09
202654,103991,B006,Savings,Active,2022-11-23
202655,100294,B007,Premium Savings,Active,2022-07-15
202656,101104,B020,Savings,Closed,2025-11-18
202657,104164,B013,Savings,Active,2025-11-20
202658,103570,B003,Savings,Closed,2023-01-27
202659,101833,B002,Savings,Dormant,2022-02-26
202660,101220,B018,Savings,Active,2025-02-18
202661,102312,B003,Current,Active,2024-10-02
202662,100159,B014,Savings,Active,2024-10-10
202663,100448,B007,Savings,Active,2022-01-29
202664,100374,B004,Savings,Active,2022-06-28
202665,104126,B003,Salary,Active,2021-05-27
202666,100233,B011,Savings,Active,2023-11-25
202667,102764,B017,Savings,Active,2021-03-24
202668,101401,B001,Savings,Active,2025-04-04
202669,103783,B015,Salary,Active,2022-07-31
202670,100636,B012,Salary,Active,2024-01-21
202671,104552,B016,Savings,Active,2021-10-24
202672,100427,B012,Current,Active,2022-04-29
202673,104233,B003,Savings,Active,2022-05-09
202674,100738,B009,Current,Active,2025-04-25
202675,100149,B020,Salary,Active,2025-11-23
202676,100191,B017,Salary,Active,2023-10-13
202677,103905,B008,Savings,Active,2021-07-10
202678,101718,B019,Salary,Active,2025-11-24
202679,102084,B001,Current,Active,2022-06-13
202680,104115,B011,Salary,Active,2024-04-11
202681,101309,B016,Salary,Active,2022-02-20
202682,102769,B014,Salary,Dormant,2023-03-31
202683,101493,B004,Savings,Active,2021-03-09
202684,100325,B003,Savings,Active,2023-03-07
202685,104969,B015,Savings,Active,2024-05-16
202686,101875,B020,Savings,Active,2025-05-26
202687,104237,B016,Savings,Dormant,2025-10-02
202688,102150,B018,Salary,Dormant,2025-11-25
202689,104336,B019,Current,Active,2025-11-03
202690,100863,B019,Current,Active,2023-01-19
202691,102701,B016,Current,Active,2022-04-23
202692,101866,B016,Savings,Active,2021-10-25
202693,104963,B016,Savings,Active,2021-10-28
202694,101684,B007,Savings,Active,2021-03-14
202695,103858,B011,Salary,Dormant,2024-07-18
202696,102470,B005,Savings,Active,2022-08-12
202697,102004,B011,Savings,Active,2023-07-17
202698,103487,B011,Savings,Active,2022-09-17
202699,103224,B002,Current,Active,2023-09-11
202700,102395,B002,Premium Savings,Active,2023-02-17
202701,100277,B020,Salary,Active,2023-12-05
202702,100370,B012,Savings,Active,2021-09-22
202703,102994,B001,Current,Dormant,2025-07-09
202704,100277,B008,Savings,Active,2023-06-19
202705,103029,B018,Salary,Active,2024-06-25
202706,104440,B015,Savings,Closed,2025-09-18
202707,103947,B017,Savings,Active,2021-06-13
202708,103474,B013,Current,Active,2022-03-01
202709,101369,B015,Savings,Active,2023-09-16
202710,103286,B005,Premium Savings,Active,2024-06-03
202711,100917,B017,Savings,Active,2023-05-16
202712,104567,B015,Premium Savings,Active,2021-03-11
202713,100451,B005,Savings,Active,2024-06-16
202714,102708,B007,Savings,Active,2024-03-20
202715,102432,B016,Salary,Active,2021-01-29
202716,100369,B005,Current,Active,2025-09-07
202717,100933,B014,Salary,Active,2025-06-12
202718,103572,B009,Current,Active,2022-05-31
202719,102979,B006,Current,Active,2024-01-20
202720,100812,B004,Savings,Active,2025-01-29
202721,100703,B015,Premium Savings,Active,2023-03-30
202722,103331,B007,Salary,Active,2021-05-31
202723,103304,B012,Current,Active,2023-01-08
202724,102004,B006,Salary,Active,2022-10-16
202725,100102,B003,Savings,Active,2025-01-25
202726,100142,B001,Salary,Active,2021-01-13
202727,100755,B019,Current,Active,2025-09-29
202728,100278,B007,Salary,Active,2022-10-11
202729,102784,B012,Salary,Active,2022-12-04
202730,101964,B010,Savings,Active,2022-07-20
202731,101087,B008,Salary,Active,2021-02-11
202732,102973,B017,Salary,Active,2024-06-18
202733,103523,B019,Savings,Active,2024-09-15
202734,100855,B004,Salary,Active,2022-06-22
202735,103126,B001,Current,Active,2021-08-15
202736,100534,B007,Salary,Dormant,2025-02-11
202737,103000,B003,Salary,Active,2024-06-16
202738,101882,B001,Savings,Active,2022-06-16
202739,100549,B017,Savings,Active,2024-05-07
202740,104021,B002,Savings,Active,2022-02-12
202741,100914,B002,Salary,Active,2024-03-04
202742,103921,B008,Salary,Active,2023-06-22
202743,101827,B012,Salary,Active,2021-12-14
202744,103421,B010,Salary,Active,2024-04-13
202745,103536,B015,Current,Active,2021-11-28
202746,102127,B015,Current,Active,2025-06-10
202747,103335,B001,Premium Savings,Active,2021-07-06
202748,102210,B016,Savings,Dormant,2025-01-24
202749,103032,B001,Savings,Active,2022-06-09
202750,101130,B019,Savings,Active,2023-08-16
202751,102127,B007,Savings,Active,2025-04-06
202752,100686,B019,Current,Closed,2025-11-21
202753,102079,B020,Savings,Active,2023-07-02
202754,100080,B003,Savings,Dormant,2022-06-26
202755,102049,B008,Savings,Active,2024-09-21
202756,104301,B003,Savings,Active,2025-12-30
202757,101807,B020,Savings,Active,2022-06-29
202758,102481,B010,Salary,Active,2022-12-04
202759,104281,B017,Current,Active,2025-02-23
202760,100016,B012,Salary,Active,2022-04-24
202761,103354,B017,Current,Active,2023-10-27
202762,102646,B012,Savings,Active,2022-11-30
202763,101716,B001,Salary,Active,2023-07-18
202764,101292,B010,Savings,Closed,2023-12-06
202765,102964,B014,Savings,Active,2023-07-31
202766,102137,B020,Current,Closed,2023-05-15
202767,101977,B017,Salary,Active,2022-11-29
202768,103363,B011,Salary,Active,2021-04-02
202769,101998,B017,Savings,Active,2024-11-27
202770,104049,B019,Salary,Active,2022-10-12
202771,101425,B018,Savings,Active,2021-05-14
202772,103503,B020,Salary,Active,2023-06-17
202773,102817,B008,Premium Savings,Closed,2025-02-07
202774,104482,B009,Current,Closed,2024-04-25
202775,102002,B001,Savings,Active,2023-12-22
202776,101174,B003,Salary,Active,2025-10-06
202777,101993,B017,Current,Active,2024-05-12
202778,103307,B007,Salary,Active,2025-10-11
202779,102150,B009,Current,Active,2025-06-22
202780,104450,B008,Premium Savings,Active,2023-07-28
202781,100780,B019,Savings,Active,2021-05-10
202782,101543,B018,Salary,Active,2023-11-05
202783,104917,B015,Savings,Closed,2025-09-25
202784,103998,B020,Salary,Active,2024-06-27
202785,100385,B011,Premium Savings,Active,2022-02-09
202786,104702,B004,Current,Active,2025-03-05
202787,102130,B013,Salary,Active,2025-03-12
202788,103220,B001,Savings,Active,2024-09-22
202789,100084,B009,Savings,Active,2021-10-14
202790,100822,B017,Current,Active,2024-08-07
202791,103493,B004,Savings,Active,2025-04-29
202792,101305,B012,Savings,Active,2023-03-28
202793,100589,B016,Salary,Active,2024-06-04
202794,103400,B016,Salary,Active,2025-05-05
202795,101087,B012,Savings,Active,2024-09-01
202796,104331,B007,Savings,Active,2024-04-24
202797,100894,B005,Savings,Active,2023-01-31
202798,100119,B004,Current,Active,2021-10-18
202799,101953,B015,Salary,Active,2022-05-09
202800,101632,B006,Savings,Dormant,2023-12-29
202801,103193,B013,Savings,Active,2024-09-05
202802,101168,B001,Salary,Active,2022-07-21
202803,104904,B006,Savings,Active,2022-11-27
202804,102111,B008,Current,Closed,2022-01-06
202805,103546,B016,Savings,Active,2022-10-02
202806,103843,B002,Salary,Active,2024-03-30
202807,104421,B010,Salary,Closed,2021-01-02
202808,102515,B010,Savings,Active,2024-03-18
202809,101138,B007,Savings,Active,2021-04-25
202810,102592,B016,Savings,Active,2025-10-09
202811,102129,B020,Savings,Active,2024-09-10
202812,103046,B001,Savings,Active,2025-11-17
202813,101182,B019,Current,Active,2022-11-06
202814,102579,B018,Salary,Active,2023-01-17
202815,104789,B017,Savings,Active,2023-05-27
202816,103442,B003,Savings,Active,2021-11-22
202817,104788,B008,Salary,Active,2024-08-05
202818,100536,B014,Savings,Dormant,2021-09-14
202819,103269,B005,Current,Active,2025-03-23
202820,100115,B005,Salary,Closed,2025-11-14
202821,101016,B012,Salary,Closed,2022-04-16
202822,104134,B017,Current,Active,2022-12-24
202823,100506,B004,Premium Savings,Active,2021-03-04
202824,102395,B001,Savings,Active,2022-09-18
202825,100350,B020,Savings,Active,2022-01-19
202826,101493,B009,Savings,Active,2024-02-08
202827,100618,B002,Savings,Active,2024-12-07
202828,102272,B020,Savings,Dormant,2021-04-15
202829,103215,B006,Savings,Active,2021-11-11
202830,103251,B003,Salary,Active,2024-03-26
202831,104663,B014,Savings,Dormant,2023-04-16
202832,100609,B016,Salary,Active,2025-05-18
202833,102003,B003,Savings,Active,2024-12-08
202834,102619,B015,Current,Active,2024-08-14
202835,100431,B008,Savings,Dormant,2025-11-08
202836,100554,B007,Savings,Active,2023-02-01
202837,101552,B014,Salary,Active,2024-04-12
202838,104298,B002,Savings,Active,2021-07-31
202839,102932,B004,Salary,Active,2021-06-27
202840,102812,B017,Salary,Active,2022-03-17
202841,102756,B020,Salary,Active,2022-06-25
202842,104055,B019,Current,Active,2022-04-30
202843,102725,B016,Salary,Active,2024-05-10
202844,103606,B003,Savings,Active,2022-12-04
202845,101548,B007,Premium Savings,Active,2024-07-03
202846,104077,B017,Savings,Dormant,2021-09-01
202847,100162,B015,Current,Active,2022-10-08
202848,101710,B017,Premium Savings,Active,2023-11-17
202849,101251,B009,Savings,Active,2025-12-18
202850,100698,B012,Salary,Active,2022-10-31
202851,102685,B015,Current,Active,2023-11-04
202852,104459,B016,Salary,Active,2023-06-25
202853,100813,B015,Savings,Active,2021-01-23
202854,104424,B001,Current,Active,2022-06-05
202855,104286,B005,Savings,Active,2022-06-09
202856,104417,B010,Savings,Active,2023-04-09
202857,100031,B014,Salary,Active,2021-12-04
202858,104947,B020,Salary,Active,2024-07-24
202859,102138,B007,Salary,Active,2023-05-17
202860,102981,B016,Salary,Active,2021-06-11
202861,101525,B014,Salary,Active,2022-10-13
202862,102563,B006,Savings,Active,2023-07-20
202863,102751,B004,Savings,Active,2022-02-03
202864,103987,B013,Salary,Active,2024-02-03
202865,101708,B007,Salary,Active,2024-10-21
202866,100551,B005,Savings,Active,2024-05-03
202867,102933,B005,Savings,Active,2024-05-08
202868,103916,B005,Savings,Active,2025-08-12
202869,100079,B002,Salary,Active,2023-08-16
202870,104062,B004,Savings,Active,2024-11-26
202871,104018,B020,Current,Active,2022-09-18
202872,102886,B004,Salary,Active,2024-09-10
202873,104741,B009,Premium Savings,Closed,2023-11-28
202874,101940,B010,Savings,Active,2025-05-04
202875,100668,B015,Salary,Active,2021-05-21
202876,103282,B007,Salary,Active,2025-07-27
202877,103050,B017,Savings,Active,2022-02-27
202878,104576,B016,Savings,Active,2025-03-12
202879,101122,B011,Savings,Active,2022-11-24
202880,100790,B018,Savings,Active,2024-01-26
202881,103396,B007,Savings,Active,2022-09-03
202882,101556,B010,Savings,Active,2025-03-19
202883,100925,B012,Salary,Active,2024-08-17
202884,103358,B004,Savings,Active,2022-08-19
202885,100927,B002,Savings,Active,2021-08-31
202886,104167,B020,Current,Closed,2025-10-04
202887,101556,B001,Salary,Active,2025-11-13
202888,103261,B001,Premium Savings,Active,2021-11-13
202889,102887,B003,Salary,Active,2022-08-03
202890,102955,B011,Salary,Active,2022-02-23
202891,101521,B006,Savings,Active,2022-02-19
202892,100429,B005,Current,Active,2021-10-17
202893,103198,B018,Savings,Active,2024-08-24
202894,102169,B019,Premium Savings,Active,2024-11-19
202895,104885,B018,Savings,Active,2024-01-12
202896,104451,B007,Current,Active,2023-03-04
202897,100373,B002,Savings,Active,2025-11-23
202898,101809,B020,Salary,Active,2024-09-08
202899,102079,B011,Savings,Active,2021-04-18
202900,101906,B020,Salary,Active,2023-07-20
202901,103617,B004,Premium Savings,Active,2021-11-07
202902,101788,B019,Savings,Dormant,2023-01-06
202903,100765,B007,Salary,Active,2022-12-21
202904,101814,B016,Savings,Active,2025-06-24
202905,103936,B003,Savings,Active,2025-02-06
202906,102024,B015,Savings,Active,2023-02-28
202907,101428,B010,Current,Closed,2024-11-08
202908,103867,B020,Savings,Active,2024-02-03
202909,100330,B003,Salary,Active,2023-10-09
202910,102276,B005,Salary,Closed,2025-04-16
202911,100516,B013,Savings,Active,2024-02-12
202912,103036,B017,Savings,Active,2022-01-23
202913,104500,B018,Savings,Active,2022-12-23
202914,102213,B003,Savings,Active,2023-01-05
202915,104909,B001,Premium Savings,Closed,2025-03-21
202916,104370,B008,Savings,Active,2021-09-22
202917,103639,B002,Salary,Active,2023-05-21
202918,100894,B009,Premium Savings,Active,2023-09-18
202919,100165,B010,Savings,Active,2025-10-07
202920,100615,B020,Current,Active,2024-12-11
202921,101741,B001,Salary,Active,2022-04-22
202922,102039,B007,Current,Active,2021-04-11
202923,101051,B007,Savings,Dormant,2021-08-20
202924,104872,B012,Salary,Active,2021-04-21
202925,103715,B007,Salary,Active,2023-01-12
202926,103499,B013,Salary,Active,2024-09-14
202927,103256,B017,Salary,Active,2024-04-14
202928,103082,B014,Salary,Active,2024-07-19
202929,104410,B014,Current,Closed,2023-08-27
202930,101952,B003,Savings,Active,2023-01-05
202931,100703,B018,Premium Savings,Active,2025-02-13
202932,101476,B012,Savings,Active,2022-10-21
202933,101145,B004,Salary,Active,2023-12-03
202934,104783,B013,Savings,Active,2022-05-30
202935,102836,B010,Salary,Active,2022-10-29
202936,102135,B019,Salary,Active,2021-04-23
202937,100129,B013,Salary,Active,2024-01-15
202938,103556,B020,Savings,Active,2023-07-27
202939,103234,B020,Current,Active,2022-07-30
202940,104053,B005,Savings,Active,2024-01-30
202941,100656,B006,Savings,Active,2021-08-27
202942,103288,B005,Current,Closed,2025-04-29
202943,101810,B005,Premium Savings,Active,2021-03-01
202944,101164,B014,Premium Savings,Active,2023-09-16
202945,101120,B019,Current,Closed,2022-05-03
202946,101440,B010,Salary,Active,2021-10-05
202947,103666,B017,Savings,Active,2021-11-09
202948,100115,B015,Savings,Active,2022-07-17
202949,104737,B006,Salary,Active,2024-03-01
202950,104847,B017,Salary,Active,2024-12-03
202951,104840,B010,Salary,Active,2025-08-29
202952,104174,B001,Savings,Active,2024-02-03
202953,101619,B015,Savings,Closed,2023-06-25
202954,102021,B018,Savings,Active,2024-11-08
202955,100634,B005,Salary,Active,2025-01-22
202956,104463,B006,Savings,Active,2023-01-25
202957,103853,B015,Savings,Active,2023-02-02
202958,100769,B020,Current,Closed,2021-05-04
202959,104951,B006,Savings,Active,2021-01-30
202960,100211,B009,Savings,Active,2025-06-17
202961,103838,B014,Salary,Active,2025-05-01
202962,100677,B018,Savings,Active,2022-09-30
202963,103749,B001,Current,Active,2025-09-18
202964,104418,B004,Premium Savings,Closed,2021-06-02
202965,104752,B018,Savings,Active,2025-10-15
202966,100803,B011,Savings,Active,2023-12-08
202967,100823,B016,Salary,Active,2023-08-11
202968,100341,B002,Current,Active,2024-09-19
202969,104111,B002,Premium Savings,Active,2022-02-20
202970,100928,B015,Savings,Active,2023-05-23
202971,101954,B008,Salary,Active,2022-02-24
202972,102076,B019,Current,Active,2024-01-26
202973,101754,B009,Savings,Active,2023-01-30
202974,102483,B017,Current,Active,2023-02-01
202975,101745,B011,Savings,Active,2024-09-23
202976,101180,B014,Savings,Active,2025-01-24
202977,101940,B014,Savings,Active,2025-04-17
202978,104029,B003,Savings,Active,2024-12-01
202979,100590,B016,Current,Active,2021-11-22
202980,104800,B020,Savings,Active,2024-08-06
202981,102050,B008,Savings,Active,2024-07-17
202982,101455,B007,Savings,Dormant,2021-02-06
202983,102225,B012,Salary,Active,2021-12-20
202984,104656,B013,Premium Savings,Active,2023-08-01
202985,104046,B008,Savings,Dormant,2022-07-11
202986,104090,B006,Premium Savings,Active,2024-12-04
202987,101102,B020,Salary,Active,2024-11-02
202988,104431,B017,Salary,Active,2022-03-23
202989,103531,B012,Current,Active,2021-02-03
202990,100299,B008,Savings,Active,2022-04-19
202991,102136,B008,Salary,Active,2025-07-07
202992,104171,B008,Current,Active,2025-07-09
202993,102663,B012,Salary,Active,2023-07-10
202994,102930,B001,Salary,Active,2025-03-17
202995,101874,B014,Current,Active,2023-10-31
202996,100192,B012,Current,Active,2025-12-09
202997,104428,B003,Savings,Active,2021-10-08
202998,103769,B006,Salary,Active,2023-06-27
202999,101359,B006,Salary,Active,2021-11-27
203000,101209,B019,Current,Active,2021-08-15
203001,102591,B019,Savings,Active,2021-10-10
203002,103986,B016,Premium Savings,Active,2021-01-16
203003,100435,B014,Savings,Active,2025-09-19
203004,103130,B020,Savings,Active,2024-07-12
203005,104235,B015,Savings,Active,2023-06-29
203006,102462,B008,Savings,Active,2025-01-30
203007,100265,B008,Savings,Active,2023-11-01
203008,100117,B014,Savings,Active,2023-02-21
203009,100811,B009,Savings,Dormant,2023-06-04
203010,104449,B010,Savings,Active,2023-02-17
203011,102290,B020,Savings,Dormant,2023-01-10
203012,100738,B019,Premium Savings,Active,2025-03-14
203013,104525,B013,Current,Active,2025-11-08
203014,104149,B007,Savings,Active,2021-12-06
203015,100735,B009,Current,Active,2024-09-06
203016,103441,B007,Current,Active,2021-04-26
203017,101654,B009,Current,Active,2024-12-22
203018,100348,B008,Savings,Active,2025-10-29
203019,100311,B009,Current,Active,2024-08-13
203020,102712,B010,Savings,Active,2023-09-17
203021,104218,B013,Savings,Active,2025-09-29
203022,104809,B018,Premium Savings,Active,2024-11-10
203023,103528,B011,Savings,Active,2024-12-06
203024,104615,B005,Savings,Active,2025-10-09
203025,101179,B004,Savings,Active,2023-09-17
203026,100732,B014,Salary,Active,2025-01-19
203027,100554,B020,Savings,Active,2025-06-30
203028,100866,B007,Savings,Dormant,2023-05-04
203029,103770,B002,Savings,Closed,2024-08-22
203030,100769,B002,Savings,Active,2024-03-28
203031,102163,B006,Savings,Closed,2025-12-12
203032,103781,B020,Savings,Active,2024-02-28
203033,104635,B016,Savings,Active,2024-08-13
203034,100804,B016,Savings,Active,2025-08-17
203035,100934,B007,Premium Savings,Dormant,2021-01-20
203036,100323,B020,Current,Active,2021-09-15
203037,100562,B009,Savings,Active,2022-08-23
203038,101952,B009,Savings,Active,2024-06-23
203039,101573,B019,Salary,Active,2023-03-12
203040,104835,B016,Salary,Active,2025-04-24
203041,102222,B006,Savings,Active,2021-05-23
203042,101542,B014,Savings,Active,2022-10-18
203043,102347,B008,Current,Active,2021-09-25
203044,103622,B013,Savings,Active,2024-07-16
203045,101688,B003,Savings,Active,2022-05-08
203046,100720,B001,Savings,Active,2022-04-01
203047,102104,B020,Salary,Active,2024-01-17
203048,103106,B002,Savings,Active,2021-06-10
203049,101582,B009,Savings,Closed,2025-08-22
203050,102906,B004,Savings,Active,2021-02-16
203051,101623,B001,Current,Active,2022-09-19
203052,104521,B015,Current,Active,2023-08-26
203053,104439,B006,Salary,Active,2021-01-17
203054,103583,B016,Current,Active,2021-04-05
203055,104188,B011,Current,Active,2025-11-25
203056,100604,B013,Savings,Active,2023-12-18
203057,103267,B014,Premium Savings,Active,2021-02-26
203058,102024,B004,Salary,Active,2022-11-17
203059,103888,B010,Savings,Active,2022-08-31
203060,100003,B016,Current,Active,2021-01-13
203061,100939,B005,Savings,Active,2023-11-09
203062,101205,B003,Savings,Active,2022-02-18
203063,102786,B009,Savings,Active,2024-03-27
203064,104857,B018,Salary,Active,2024-09-09
203065,104482,B007,Premium Savings,Active,2023-02-01
203066,102279,B008,Salary,Active,2022-11-23
203067,100006,B003,Salary,Active,2024-03-07
203068,104338,B015,Savings,Active,2024-08-17
203069,102863,B007,Premium Savings,Closed,2022-12-24
203070,100119,B004,Savings,Active,2025-01-27
203071,103226,B003,Premium Savings,Active,2022-06-08
203072,104401,B007,Savings,Active,2024-12-25
203073,104355,B005,Savings,Active,2022-11-08
203074,104447,B010,Current,Closed,2024-05-08
203075,104878,B009,Savings,Active,2025-12-26
203076,103268,B010,Savings,Active,2024-09-24
203077,103063,B008,Salary,Active,2022-08-05
203078,100582,B002,Salary,Active,2023-11-06
203079,103162,B016,Savings,Dormant,2022-01-02
203080,104381,B011,Current,Active,2023-04-29
203081,104065,B004,Current,Active,2024-02-03
203082,104500,B002,Savings,Active,2021-04-23
203083,100851,B019,Savings,Active,2022-12-31
203084,101006,B019,Current,Active,2025-11-15
203085,104292,B004,Salary,Active,2025-12-22
203086,104701,B009,Savings,Active,2025-03-14
203087,102631,B012,Salary,Dormant,2024-07-29
203088,104406,B009,Current,Active,2024-05-11
203089,103411,B017,Salary,Active,2023-08-28
203090,101025,B012,Salary,Active,2024-03-21
203091,102534,B006,Current,Active,2022-03-14
203092,101970,B016,Savings,Active,2023-11-19
203093,103950,B018,Salary,Active,2023-10-13
203094,101684,B002,Current,Closed,2021-06-22
203095,100878,B018,Current,Active,2022-05-30
203096,102492,B015,Current,Active,2022-08-06
203097,102474,B019,Savings,Active,2024-06-05
203098,104446,B019,Current,Closed,2022-09-12
203099,100041,B001,Current,Active,2022-01-24
203100,104372,B009,Savings,Active,2024-12-19
203101,101056,B002,Savings,Active,2023-07-14
203102,100879,B001,Salary,Active,2024-01-10
203103,102092,B019,Savings,Active,2022-09-13
203104,102756,B005,Salary,Active,2022-12-28
203105,104649,B002,Savings,Active,2023-11-22
203106,102671,B019,Current,Active,2022-08-22
203107,100728,B009,Savings,Active,2025-10-08
203108,102252,B003,Salary,Closed,2025-04-08
203109,104603,B006,Current,Active,2025-10-30
203110,103574,B001,Savings,Active,2024-12-04
203111,101089,B014,Premium Savings,Active,2021-06-06
203112,103230,B019,Savings,Closed,2025-01-23
203113,103669,B008,Savings,Active,2022-03-26
203114,101376,B018,Salary,Active,2022-12-23
203115,102640,B007,Current,Active,2023-02-03
203116,101741,B010,Current,Closed,2023-05-25
203117,100906,B005,Premium Savings,Active,2025-01-02
203118,104442,B001,Salary,Active,2023-11-13
203119,101603,B004,Savings,Active,2023-09-02
203120,101629,B012,Savings,Active,2021-12-17
203121,100508,B002,Salary,Active,2024-12-29
203122,102221,B017,Savings,Active,2022-10-24
203123,103219,B019,Current,Active,2024-05-01
203124,104865,B006,Salary,Active,2023-06-16
203125,103879,B006,Salary,Active,2024-04-05
203126,104287,B004,Savings,Active,2024-05-08
203127,104937,B009,Salary,Active,2023-10-11
203128,103495,B019,Savings,Active,2023-04-01
203129,104287,B008,Salary,Active,2024-07-26
203130,101521,B016,Current,Active,2021-10-10
203131,103576,B007,Current,Closed,2025-11-08
203132,103144,B009,Savings,Active,2023-02-15
203133,102258,B010,Savings,Active,2025-11-28
203134,103211,B019,Savings,Active,2023-08-28
203135,103605,B010,Salary,Dormant,2021-08-25
203136,102058,B013,Current,Active,2024-04-02
203137,104213,B018,Salary,Active,2023-08-04
203138,100181,B019,Savings,Active,2025-04-08
203139,101621,B018,Savings,Active,2025-03-06
203140,101833,B003,Current,Active,2022-03-01
203141,104153,B003,Current,Active,2024-11-01
203142,102541,B009,Current,Active,2023-10-19
203143,104665,B008,Savings,Active,2023-04-16
203144,104751,B014,Savings,Active,2023-02-01
203145,102293,B009,Salary,Active,2024-05-20
203146,103638,B009,Salary,Active,2024-06-07
203147,101232,B002,Salary,Active,2025-05-19
203148,100540,B007,Salary,Active,2025-05-15
203149,102456,B012,Current,Active,2022-03-21
203150,101508,B014,Salary,Active,2023-05-21
203151,103655,B004,Salary,Active,2025-12-12
203152,102609,B013,Savings,Active,2025-03-21
203153,100678,B012,Savings,Closed,2023-03-30
203154,102256,B006,Salary,Active,2021-01-04
203155,102009,B018,Salary,Active,2022-02-24
203156,100026,B009,Salary,Active,2025-07-23
203157,102725,B006,Savings,Dormant,2024-07-11
203158,104676,B015,Salary,Active,2024-12-09
203159,104484,B004,Savings,Active,2024-11-14
203160,104521,B013,Savings,Active,2021-09-02
203161,104470,B014,Current,Active,2023-12-05
203162,104619,B010,Current,Closed,2024-05-17
203163,100488,B005,Savings,Active,2021-06-24
203164,102143,B006,Current,Active,2023-07-28
203165,102726,B005,Salary,Active,2022-05-05
203166,104167,B003,Savings,Active,2025-11-07
203167,101866,B020,Savings,Active,2022-04-06
203168,103543,B017,Salary,Active,2022-07-10
203169,103906,B011,Premium Savings,Dormant,2025-06-07
203170,102559,B017,Salary,Active,2024-01-17
203171,101206,B014,Savings,Active,2025-09-22
203172,100386,B013,Current,Active,2023-08-13
203173,102225,B015,Salary,Active,2021-12-10
203174,100840,B012,Savings,Active,2022-02-08
203175,103221,B012,Current,Active,2021-11-03
203176,101192,B003,Savings,Active,2025-01-24
203177,104384,B013,Salary,Active,2021-02-13
203178,104480,B009,Savings,Active,2024-09-18
203179,104182,B005,Savings,Active,2023-03-15
203180,103327,B010,Savings,Active,2023-09-21
203181,100579,B017,Savings,Active,2025-02-20
203182,104916,B010,Savings,Active,2025-09-19
203183,100330,B010,Savings,Active,2022-06-05
203184,102833,B005,Current,Dormant,2025-08-19
203185,104022,B017,Savings,Active,2025-07-21
203186,100424,B003,Savings,Closed,2025-02-01
203187,102485,B017,Savings,Active,2021-08-15
203188,102389,B019,Premium Savings,Dormant,2021-10-06
203189,100986,B004,Savings,Active,2021-03-03
203190,100559,B012,Current,Active,2025-06-20
203191,104550,B012,Savings,Active,2025-10-07
203192,104507,B018,Savings,Active,2022-07-13
203193,100469,B007,Salary,Closed,2023-08-18
203194,101393,B014,Salary,Active,2023-11-07
203195,101962,B002,Current,Active,2022-12-16
203196,100987,B017,Savings,Dormant,2025-11-14
203197,100333,B016,Savings,Active,2025-09-17
203198,102559,B005,Savings,Active,2022-02-26
203199,102211,B003,Savings,Active,2023-10-01
203200,104036,B003,Premium Savings,Active,2021-12-31
203201,101483,B017,Savings,Active,2021-06-09
203202,102552,B013,Savings,Active,2025-04-04
203203,101570,B008,Savings,Active,2025-04-30
203204,100192,B011,Savings,Dormant,2021-01-24
203205,103639,B012,Savings,Active,2023-09-20
203206,103715,B002,Savings,Active,2021-11-14
203207,103320,B009,Premium Savings,Active,2023-10-26
203208,100171,B013,Current,Active,2022-08-21
203209,103483,B013,Savings,Active,2023-09-02
203210,103022,B004,Savings,Active,2024-09-09
203211,102206,B019,Current,Active,2021-06-04
203212,103085,B003,Savings,Active,2023-05-27
203213,100554,B018,Salary,Active,2022-09-17
203214,101043,B020,Current,Active,2022-12-19
203215,100646,B016,Current,Active,2025-08-26
203216,102233,B012,Salary,Active,2025-08-04
203217,104477,B004,Savings,Active,2024-04-05
203218,100031,B007,Savings,Closed,2024-10-11
203219,102231,B011,Current,Active,2022-12-05
203220,101419,B002,Savings,Active,2024-02-29
203221,104688,B015,Savings,Active,2023-05-10
203222,103097,B019,Premium Savings,Active,2022-09-13
203223,101110,B015,Salary,Active,2024-12-15
203224,101421,B019,Savings,Closed,2025-04-17
203225,102904,B010,Salary,Dormant,2022-10-05
203226,100239,B006,Savings,Active,2022-04-07
203227,100336,B001,Salary,Active,2023-01-04
203228,103372,B009,Savings,Active,2025-09-23
203229,104012,B003,Current,Active,2024-11-08
203230,103712,B013,Salary,Active,2022-04-21
203231,100859,B017,Savings,Active,2024-02-07
203232,104315,B003,Salary,Active,2025-02-05
203233,101125,B011,Savings,Active,2022-10-14
203234,104378,B011,Premium Savings,Active,2025-07-27
203235,101480,B007,Savings,Active,2025-09-02
203236,102482,B005,Savings,Active,2022-02-18
203237,104786,B015,Savings,Active,2024-01-05
203238,102037,B005,Savings,Active,2022-02-23
203239,103339,B001,Current,Active,2024-05-09
203240,102930,B013,Current,Active,2021-05-24
203241,100375,B002,Salary,Active,2024-03-15
203242,103964,B007,Current,Active,2022-09-15
203243,101792,B002,Current,Active,2023-07-23
203244,102377,B012,Savings,Active,2023-07-02
203245,101523,B005,Current,Active,2025-12-20
203246,104976,B006,Salary,Active,2021-06-06
203247,102754,B008,Savings,Active,2023-11-28
203248,103188,B010,Savings,Active,2021-09-25
203249,102615,B015,Savings,Active,2024-03-29
203250,101541,B019,Savings,Active,2023-02-10
203251,102931,B013,Current,Active,2021-10-31
203252,103969,B010,Savings,Active,2021-11-25
203253,100476,B012,Salary,Active,2021-08-14
203254,100754,B011,Savings,Active,2024-11-12
203255,100823,B001,Savings,Active,2025-07-25
203256,104679,B010,Savings,Closed,2022-08-12
203257,102884,B015,Savings,Active,2022-11-29
203258,101702,B018,Salary,Active,2021-03-26
203259,100995,B002,Premium Savings,Active,2021-11-02
203260,103426,B014,Savings,Active,2021-10-10
203261,102624,B003,Savings,Active,2025-09-26
203262,103127,B001,Salary,Closed,2022-07-15
203263,103578,B001,Salary,Active,2024-12-01
203264,100480,B003,Salary,Active,2021-09-24
203265,103398,B002,Savings,Dormant,2021-11-23
203266,103609,B012,Current,Active,2022-01-29
203267,101386,B019,Savings,Active,2021-12-17
203268,101560,B016,Savings,Active,2022-01-13
203269,102961,B015,Premium Savings,Active,2022-06-11
203270,101906,B003,Savings,Active,2023-02-04
203271,104655,B019,Savings,Active,2021-12-02
203272,100483,B011,Savings,Active,2023-08-15
203273,100845,B001,Savings,Active,2022-10-28
203274,104051,B013,Premium Savings,Active,2024-02-11
203275,103406,B015,Savings,Active,2023-11-28
203276,104302,B009,Current,Active,2025-07-18
203277,100120,B015,Salary,Closed,2024-02-07
203278,100672,B014,Savings,Dormant,2024-06-09
203279,104185,B012,Savings,Active,2025-03-09
203280,104064,B007,Savings,Active,2021-12-29
203281,104130,B020,Savings,Active,2025-05-12
203282,104490,B013,Savings,Active,2023-03-31
203283,101153,B010,Current,Dormant,2024-04-23
203284,100487,B016,Savings,Active,2024-08-24
203285,101482,B005,Current,Active,2022-01-27
203286,104988,B020,Premium Savings,Active,2023-10-11
203287,102584,B015,Savings,Active,2022-06-05
203288,100023,B013,Savings,Active,2021-11-06
203289,103718,B006,Savings,Active,2025-05-27
203290,104213,B008,Savings,Active,2024-12-08
203291,100612,B019,Savings,Closed,2021-12-05
203292,102792,B015,Current,Active,2021-12-25
203293,103725,B003,Savings,Active,2021-06-07
203294,104787,B017,Savings,Active,2022-09-21
203295,103036,B003,Savings,Active,2022-03-18
203296,101691,B009,Salary,Active,2024-08-31
203297,104551,B009,Savings,Closed,2023-01-09
203298,101805,B008,Salary,Dormant,2025-11-05
203299,103167,B010,Current,Active,2023-10-20
203300,104202,B004,Savings,Active,2025-06-13
203301,102652,B014,Current,Active,2021-06-24
203302,103554,B014,Savings,Active,2025-11-05
203303,104209,B018,Salary,Active,2022-08-17
203304,103003,B009,Savings,Active,2022-12-26
203305,102101,B011,Current,Active,2023-12-26
203306,103222,B003,Current,Active,2023-03-07
203307,102006,B007,Current,Active,2022-07-29
203308,103414,B012,Salary,Active,2021-10-25
203309,100408,B009,Savings,Active,2023-02-05
203310,100240,B020,Current,Active,2023-05-13
203311,102375,B006,Savings,Active,2021-08-24
203312,100589,B002,Savings,Active,2024-11-25
203313,103654,B018,Savings,Closed,2021-11-23
203314,100907,B011,Current,Dormant,2021-05-06
203315,102498,B002,Current,Active,2022-08-10
203316,100884,B019,Salary,Active,2022-08-06
203317,104610,B005,Current,Active,2022-06-30
203318,104215,B020,Salary,Active,2025-08-17
203319,100009,B007,Salary,Active,2023-12-26
203320,101973,B007,Savings,Active,2021-11-30
203321,104711,B005,Salary,Dormant,2023-08-04
203322,102448,B004,Savings,Active,2022-06-27
203323,104221,B017,Savings,Active,2025-10-01
203324,100447,B009,Premium Savings,Dormant,2025-09-03
203325,102146,B012,Savings,Active,2023-12-06
203326,104353,B007,Premium Savings,Active,2022-09-22
203327,100974,B009,Salary,Active,2021-09-01
203328,100052,B010,Salary,Active,2025-02-25
203329,103673,B007,Current,Active,2021-02-14
203330,100417,B012,Current,Active,2022-06-08
203331,101504,B010,Savings,Active,2023-09-27
203332,104061,B016,Savings,Active,2022-04-15
203333,104460,B016,Salary,Active,2024-08-17
203334,100653,B013,Savings,Active,2021-12-08
203335,102485,B003,Current,Active,2025-04-06
203336,103967,B018,Premium Savings,Active,2021-04-25
203337,101957,B014,Savings,Active,2022-09-01
203338,101753,B015,Salary,Active,2023-01-29
203339,102717,B013,Savings,Active,2025-12-03
203340,103881,B011,Savings,Active,2024-07-25
203341,100202,B012,Current,Active,2025-12-12
203342,100252,B003,Savings,Active,2023-07-12
203343,100534,B019,Salary,Active,2025-09-08
203344,101707,B017,Savings,Active,2023-01-14
203345,101391,B019,Savings,Active,2021-02-21
203346,102407,B015,Salary,Dormant,2022-01-09
203347,101505,B006,Current,Active,2022-11-16
203348,103129,B007,Current,Active,2024-06-01
203349,101609,B018,Savings,Active,2022-01-19
203350,104182,B005,Premium Savings,Active,2022-04-07
203351,101549,B013,Premium Savings,Active,2024-04-08
203352,101223,B014,Current,Active,2021-02-28
203353,104302,B004,Savings,Active,2025-06-01
203354,103295,B002,Premium Savings,Active,2025-10-27
203355,100240,B001,Salary,Active,2025-01-15
203356,100759,B016,Current,Active,2025-09-17
203357,100244,B006,Current,Active,2021-10-26
203358,103976,B005,Savings,Active,2022-01-27
203359,103138,B019,Savings,Active,2025-05-01
203360,104667,B012,Salary,Closed,2022-03-12
203361,101641,B001,Salary,Active,2024-07-08
203362,100237,B007,Current,Active,2023-11-25
203363,102295,B010,Salary,Closed,2022-06-26
203364,100400,B010,Savings,Active,2023-02-20
203365,100723,B016,Salary,Active,2023-03-28
203366,103938,B017,Savings,Active,2025-06-09
203367,101895,B001,Premium Savings,Active,2023-09-08
203368,104402,B006,Savings,Dormant,2023-02-19
203369,102569,B013,Savings,Active,2024-05-08
203370,103242,B001,Current,Dormant,2021-09-05
203371,104171,B012,Savings,Active,2022-08-09
203372,102306,B002,Savings,Active,2023-09-25
203373,101600,B012,Salary,Active,2024-02-02
203374,103846,B002,Savings,Active,2021-07-26
203375,104154,B015,Salary,Active,2022-07-19
203376,101499,B010,Savings,Active,2023-03-28
203377,104116,B020,Savings,Active,2021-01-06
203378,104959,B002,Savings,Active,2023-11-20
203379,100969,B018,Current,Active,2025-03-27
203380,104240,B009,Savings,Active,2025-09-22
203381,100435,B010,Savings,Active,2024-03-23
203382,104436,B014,Savings,Active,2022-06-20
203383,104455,B013,Savings,Active,2024-07-17
203384,104275,B018,Current,Active,2024-03-31
203385,101744,B017,Savings,Active,2021-03-03
203386,104665,B005,Savings,Active,2021-01-01
203387,102770,B006,Savings,Active,2025-12-24
203388,100323,B018,Salary,Active,2025-05-10
203389,104247,B017,Savings,Active,2023-01-08
203390,104544,B020,Premium Savings,Active,2022-08-02
203391,101516,B019,Savings,Active,2021-06-19
203392,101244,B013,Premium Savings,Dormant,2022-03-16
203393,102846,B020,Savings,Active,2021-06-17
203394,101796,B015,Current,Active,2021-07-07
203395,103196,B018,Savings,Active,2025-04-12
203396,101853,B010,Premium Savings,Active,2024-12-04
203397,101089,B020,Savings,Active,2024-12-15
203398,101163,B002,Salary,Active,2021-04-14
203399,103289,B019,Savings,Closed,2022-11-05
203400,102193,B020,Current,Active,2024-02-02
203401,100077,B016,Salary,Active,2023-10-08
203402,102528,B019,Savings,Dormant,2022-07-30
203403,103940,B009,Current,Active,2023-01-15
203404,100744,B007,Salary,Closed,2024-07-21
203405,101221,B003,Current,Active,2025-03-25
203406,101798,B004,Savings,Active,2025-10-29
203407,104636,B018,Savings,Active,2024-07-17
203408,101741,B002,Salary,Active,2022-05-17
203409,104189,B005,Savings,Active,2025-07-15
203410,103374,B010,Current,Active,2024-02-05
203411,104961,B008,Savings,Active,2024-10-28
203412,102904,B019,Premium Savings,Active,2022-11-08
203413,101585,B001,Current,Active,2023-10-14
203414,103581,B001,Savings,Active,2023-07-19
203415,100452,B006,Salary,Active,2024-08-27
203416,103920,B013,Salary,Active,2021-06-02
203417,101171,B008,Savings,Closed,2023-09-15
203418,103336,B017,Savings,Active,2022-01-08
203419,102901,B002,Savings,Active,2021-10-21
203420,101207,B008,Savings,Active,2024-12-20
203421,102407,B013,Savings,Active,2023-09-14
203422,102511,B013,Savings,Active,2022-09-22
203423,103836,B011,Savings,Active,2024-05-06
203424,102333,B009,Savings,Active,2021-01-02
203425,100291,B002,Savings,Active,2025-07-24
203426,100371,B002,Savings,Closed,2022-08-09
203427,103323,B002,Current,Active,2021-08-02
203428,104473,B011,Savings,Active,2024-05-07
203429,102177,B018,Savings,Active,2025-03-28
203430,100458,B002,Salary,Active,2025-11-09
203431,100855,B002,Current,Active,2024-10-06
203432,104883,B014,Salary,Active,2025-04-08
203433,103517,B011,Premium Savings,Active,2022-07-26
203434,100159,B007,Current,Active,2024-10-13
203435,101298,B001,Salary,Active,2021-01-19
203436,103649,B017,Savings,Active,2025-08-24
203437,103158,B014,Salary,Active,2025-01-03
203438,101438,B012,Current,Active,2024-04-18
203439,103480,B005,Salary,Active,2025-08-30
203440,104524,B019,Savings,Active,2023-08-06
203441,104501,B002,Premium Savings,Active,2022-08-11
203442,104121,B015,Savings,Active,2023-09-12
203443,101772,B015,Salary,Active,2021-04-11
203444,100126,B015,Premium Savings,Active,2025-09-20
203445,101954,B013,Salary,Active,2023-07-16
203446,100110,B007,Savings,Dormant,2021-01-04
203447,102851,B010,Savings,Active,2024-01-07
203448,103016,B009,Current,Active,2023-07-31
203449,101709,B018,Current,Active,2025-12-10
203450,100748,B015,Savings,Active,2024-11-04
203451,102624,B010,Current,Active,2022-05-15
203452,100071,B015,Salary,Active,2021-03-11
203453,101382,B020,Savings,Active,2023-03-12
203454,104839,B014,Savings,Dormant,2025-02-11
203455,104571,B008,Salary,Active,2024-08-19
203456,103165,B001,Current,Active,2025-03-21
203457,101871,B018,Salary,Active,2025-02-25
203458,100055,B001,Salary,Active,2023-08-14
203459,103251,B011,Savings,Active,2025-01-09
203460,102453,B002,Current,Active,2025-02-21
203461,103568,B018,Salary,Active,2021-07-09
203462,100788,B001,Savings,Active,2021-09-18
203463,104152,B014,Savings,Active,2022-03-06
203464,104026,B016,Current,Closed,2025-09-18
203465,102141,B015,Savings,Active,2025-04-15
203466,100144,B011,Premium Savings,Dormant,2021-03-31
203467,102332,B012,Savings,Active,2025-08-19
203468,101855,B011,Savings,Active,2021-03-09
203469,103805,B016,Premium Savings,Active,2024-11-02
203470,101191,B002,Savings,Closed,2023-08-15
203471,100091,B018,Savings,Active,2024-03-21
203472,104905,B016,Savings,Active,2024-09-03
203473,101207,B020,Premium Savings,Active,2025-05-08
203474,100391,B002,Premium Savings,Active,2024-07-01
203475,104286,B005,Savings,Active,2023-09-16
203476,103600,B005,Salary,Active,2023-10-02
203477,101344,B009,Salary,Dormant,2025-10-30
203478,102391,B017,Savings,Active,2024-12-01
203479,103442,B016,Savings,Active,2024-02-14
203480,104083,B014,Salary,Active,2024-01-15
203481,101865,B008,Savings,Active,2022-06-26
203482,101072,B002,Current,Active,2025-04-01
203483,100074,B014,Savings,Active,2024-08-03
203484,104277,B002,Current,Active,2021-07-31
203485,104072,B005,Savings,Active,2024-12-28
203486,104752,B009,Savings,Active,2025-11-27
203487,103739,B016,Savings,Active,2024-08-18
203488,101066,B013,Premium Savings,Active,2025-05-27
203489,101202,B003,Savings,Active,2024-11-25
203490,101214,B005,Savings,Dormant,2025-06-22
203491,102292,B017,Savings,Active,2023-11-29
203492,104819,B012,Savings,Active,2022-10-26
203493,103455,B014,Salary,Active,2023-05-03
203494,102171,B008,Savings,Active,2025-09-25
203495,103688,B017,Current,Active,2024-06-23
203496,104177,B012,Current,Active,2021-09-16
203497,102018,B002,Salary,Active,2022-12-09
203498,104213,B015,Salary,Active,2021-05-23
203499,100092,B006,Savings,Active,2025-06-30
203500,101555,B017,Salary,Active,2022-12-29
203501,100850,B013,Salary,Active,2021-05-13
203502,100894,B004,Premium Savings,Active,2025-08-30
203503,101014,B001,Premium Savings,Active,2025-03-31
203504,101833,B002,Salary,Active,2025-11-02
203505,103625,B005,Savings,Dormant,2022-10-05
203506,102960,B003,Savings,Active,2023-06-20
203507,102206,B014,Salary,Dormant,2023-07-15
203508,102486,B004,Premium Savings,Active,2024-10-04
203509,100917,B009,Savings,Active,2025-02-17
203510,103684,B007,Current,Active,2023-09-10
203511,103776,B014,Savings,Active,2023-09-17
203512,102745,B001,Savings,Active,2021-07-27
203513,104072,B009,Savings,Active,2021-12-08
203514,104028,B017,Savings,Active,2024-04-06
203515,104022,B005,Salary,Active,2023-04-09
203516,100520,B017,Savings,Active,2021-09-26
203517,100431,B004,Current,Active,2021-07-12
203518,102196,B015,Current,Active,2024-04-12
203519,100285,B006,Salary,Active,2025-06-18
203520,100081,B008,Savings,Active,2022-03-15
203521,100655,B011,Savings,Active,2023-09-19
203522,100605,B015,Salary,Active,2022-04-26
203523,101630,B011,Salary,Active,2025-02-01
203524,101658,B012,Savings,Active,2024-05-16
203525,104098,B006,Savings,Active,2022-09-22
203526,104508,B014,Premium Savings,Active,2023-04-29
203527,100852,B002,Savings,Active,2023-09-01
203528,101901,B002,Savings,Active,2025-02-24
203529,102542,B004,Premium Savings,Active,2023-06-08
203530,101368,B018,Salary,Active,2024-05-26
203531,101655,B013,Savings,Active,2023-05-11
203532,103354,B007,Salary,Active,2022-06-23
203533,102128,B013,Savings,Active,2024-01-24
203534,103518,B006,Salary,Active,2024-11-19
203535,100375,B015,Current,Active,2025-11-20
203536,102407,B008,Current,Active,2021-04-29
203537,101553,B013,Premium Savings,Active,2025-11-18
203538,101443,B005,Salary,Active,2024-09-03
203539,102342,B001,Savings,Active,2022-05-16
203540,101510,B020,Salary,Active,2022-12-05
203541,103792,B014,Salary,Active,2024-05-20
203542,100928,B013,Current,Active,2022-07-06
203543,104466,B013,Savings,Active,2022-09-10
203544,101813,B018,Savings,Active,2023-08-12
203545,102635,B001,Premium Savings,Active,2024-06-29
203546,100842,B020,Savings,Active,2025-07-14
203547,104597,B010,Current,Active,2025-04-01
203548,103215,B012,Current,Dormant,2022-04-14
203549,103849,B019,Savings,Active,2021-12-16
203550,104474,B017,Savings,Active,2025-12-29
203551,104979,B008,Savings,Active,2025-09-08
203552,101272,B019,Savings,Active,2023-12-11
203553,101645,B002,Salary,Active,2024-06-26
203554,101212,B004,Savings,Active,2022-04-06
203555,102508,B005,Savings,Active,2024-02-01
203556,104491,B006,Current,Closed,2024-06-15
203557,103692,B014,Salary,Active,2022-06-29
203558,102841,B009,Savings,Active,2024-09-04
203559,102368,B018,Savings,Active,2022-11-19
203560,103649,B013,Salary,Dormant,2023-08-29
203561,102337,B013,Current,Active,2021-03-24
203562,104446,B016,Current,Active,2021-08-27
203563,102797,B009,Savings,Dormant,2024-02-24
203564,103325,B007,Salary,Active,2025-01-27
203565,103397,B003,Current,Active,2023-11-02
203566,103713,B017,Salary,Active,2025-01-18
203567,102391,B005,Premium Savings,Active,2025-01-04
203568,101935,B014,Salary,Active,2024-10-28
203569,102075,B016,Savings,Active,2025-02-16
203570,104691,B008,Salary,Active,2024-10-11
203571,100549,B004,Current,Active,2025-02-22
203572,103520,B014,Savings,Dormant,2022-11-27
203573,104803,B007,Savings,Active,2022-12-21
203574,100359,B018,Savings,Active,2023-06-19
203575,103090,B009,Premium Savings,Active,2023-09-10
203576,102977,B007,Salary,Dormant,2024-04-22
203577,101672,B015,Salary,Active,2023-09-23
203578,100474,B008,Salary,Dormant,2021-10-30
203579,103389,B016,Current,Dormant,2022-12-21
203580,102611,B014,Salary,Closed,2024-01-08
203581,103759,B018,Savings,Active,2021-02-24
203582,100443,B009,Savings,Active,2021-07-21
203583,104674,B002,Current,Active,2025-09-04
203584,103137,B004,Salary,Active,2025-03-28
203585,102214,B001,Salary,Active,2023-11-27
203586,102282,B018,Premium Savings,Active,2021-08-07
203587,104760,B005,Salary,Active,2022-04-10
203588,102766,B005,Savings,Active,2024-11-10
203589,102902,B013,Savings,Active,2024-08-25
203590,103245,B005,Savings,Active,2022-02-10
203591,101563,B020,Current,Active,2021-05-01
203592,101252,B018,Current,Active,2025-08-22
203593,103756,B010,Savings,Active,2024-08-11
203594,101598,B013,Current,Active,2024-04-15
203595,100172,B008,Salary,Active,2025-05-14
203596,102411,B009,Savings,Active,2023-02-26
203597,100051,B010,Current,Active,2021-07-17
203598,102832,B008,Savings,Active,2021-03-21
203599,103222,B009,Current,Active,2025-11-20
203600,104619,B004,Salary,Active,2024-01-14
203601,103035,B014,Savings,Active,2024-09-14
203602,101760,B002,Salary,Active,2022-11-21
203603,103212,B019,Salary,Active,2021-07-20
203604,102959,B019,Savings,Active,2024-12-27
203605,103706,B005,Salary,Active,2024-12-22
203606,104613,B001,Salary,Active,2024-12-17
203607,100485,B010,Current,Active,2023-08-03
203608,103590,B002,Savings,Active,2024-06-07
203609,104025,B009,Savings,Active,2022-07-28
203610,101642,B016,Savings,Active,2022-05-04
203611,102018,B007,Savings,Active,2021-03-02
203612,102074,B018,Current,Closed,2021-11-12
203613,101868,B001,Premium Savings,Active,2023-03-05
203614,104394,B015,Savings,Active,2023-06-27
203615,101631,B011,Salary,Active,2023-03-29
203616,102189,B005,Current,Active,2023-04-06
203617,102925,B009,Salary,Active,2022-02-01
203618,101261,B006,Salary,Active,2024-05-13
203619,103490,B013,Savings,Active,2023-03-23
203620,102616,B020,Current,Active,2023-08-31
203621,100851,B011,Savings,Active,2023-12-11
203622,100930,B015,Savings,Active,2023-06-23
203623,100136,B013,Current,Active,2023-10-03
203624,102911,B017,Savings,Active,2023-05-28
203625,104005,B012,Savings,Active,2022-11-22
203626,104958,B009,Savings,Active,2023-07-10
203627,103300,B003,Savings,Active,2024-05-28
203628,104847,B016,Savings,Active,2025-05-11
203629,104941,B018,Savings,Active,2021-06-25
203630,103069,B020,Savings,Active,2021-11-08
203631,101876,B015,Salary,Active,2021-08-12
203632,104432,B008,Current,Active,2021-02-04
203633,103163,B015,Premium Savings,Active,2025-02-17
203634,104076,B007,Premium Savings,Active,2022-02-09
203635,101132,B018,Salary,Active,2022-06-15
203636,104754,B001,Salary,Active,2022-07-21
203637,102146,B018,Savings,Active,2025-04-24
203638,104366,B015,Savings,Active,2024-01-23
203639,101877,B018,Premium Savings,Dormant,2021-07-12
203640,104500,B005,Premium Savings,Active,2025-03-18
203641,103365,B011,Current,Active,2025-12-04
203642,101148,B006,Current,Active,2024-07-25
203643,100743,B015,Savings,Active,2023-06-01
203644,100791,B013,Savings,Active,2025-12-27
203645,101873,B014,Current,Active,2021-03-20
203646,100220,B015,Savings,Active,2021-01-02
203647,102743,B001,Savings,Active,2024-11-23
203648,103297,B009,Salary,Active,2021-12-13
203649,103723,B006,Salary,Active,2021-04-16
203650,104668,B019,Salary,Active,2021-06-08
203651,104003,B011,Savings,Active,2023-04-01
203652,104970,B004,Savings,Dormant,2024-04-26
203653,103019,B008,Current,Active,2023-03-22
203654,104262,B011,Current,Active,2023-02-19
203655,103873,B007,Premium Savings,Dormant,2021-09-25
203656,104156,B013,Savings,Active,2022-07-23
203657,102054,B016,Savings,Active,2025-09-21
203658,102595,B013,Savings,Active,2022-07-25
203659,104570,B012,Current,Active,2022-09-19
203660,102260,B014,Savings,Active,2025-06-18
203661,103032,B006,Savings,Active,2021-04-27
203662,103202,B013,Savings,Active,2021-05-18
203663,100925,B002,Savings,Active,2025-06-23
203664,100114,B016,Salary,Active,2022-07-26
203665,103477,B008,Savings,Active,2022-03-11
203666,103972,B017,Salary,Active,2023-07-02
203667,102913,B006,Current,Active,2021-03-11
203668,103288,B020,Savings,Active,2023-01-22
203669,100335,B011,Savings,Active,2021-01-22
203670,100851,B019,Savings,Active,2024-06-08
203671,103689,B006,Savings,Active,2025-04-04
203672,103179,B011,Current,Active,2024-01-14
203673,100990,B015,Premium Savings,Active,2021-11-28
203674,102998,B015,Savings,Active,2024-12-31
203675,100176,B006,Savings,Active,2024-04-23
203676,103940,B009,Salary,Active,2025-03-21
203677,100135,B005,Current,Active,2025-07-23
203678,104188,B014,Savings,Active,2022-12-31
203679,101119,B009,Savings,Active,2025-11-12
203680,101268,B001,Savings,Active,2025-04-30
203681,104630,B006,Savings,Active,2023-12-07
203682,104073,B008,Premium Savings,Active,2024-02-28
203683,101683,B012,Current,Active,2023-04-02
203684,100911,B019,Savings,Active,2025-04-20
203685,100549,B020,Premium Savings,Active,2021-04-08
203686,101972,B014,Savings,Dormant,2023-04-30
203687,102905,B019,Savings,Active,2021-07-03
203688,102464,B001,Premium Savings,Active,2021-02-16
203689,104484,B018,Salary,Active,2025-09-14
203690,104025,B011,Salary,Active,2024-04-15
203691,101302,B008,Savings,Active,2023-04-19
203692,104506,B008,Savings,Active,2025-10-29
203693,102310,B007,Premium Savings,Dormant,2021-06-17
203694,100087,B017,Savings,Active,2025-08-25
203695,104258,B010,Salary,Active,2023-06-04
203696,103687,B003,Salary,Active,2021-10-05
203697,101777,B019,Savings,Active,2022-06-23
203698,104388,B013,Salary,Active,2023-06-13
203699,104529,B008,Premium Savings,Active,2025-01-12
203700,104772,B015,Salary,Active,2025-05-12
203701,104563,B008,Savings,Active,2021-08-23
203702,101340,B012,Current,Active,2023-01-31
203703,102789,B001,Savings,Active,2023-01-16
203704,100865,B006,Savings,Active,2023-08-04
203705,103409,B007,Salary,Active,2023-10-14
203706,102495,B016,Premium Savings,Active,2025-12-26
203707,104397,B016,Savings,Active,2022-05-03
203708,104506,B016,Salary,Active,2023-05-31
203709,101590,B010,Premium Savings,Closed,2022-05-17
203710,101579,B008,Current,Active,2021-12-13
203711,100160,B011,Savings,Active,2022-12-28
203712,102526,B006,Savings,Active,2021-03-12
203713,101924,B011,Current,Active,2024-11-25
203714,104978,B014,Premium Savings,Active,2023-04-22
203715,104089,B020,Savings,Active,2023-03-20
203716,102281,B008,Savings,Active,2023-07-29
203717,102840,B003,Salary,Active,2023-08-07
203718,103142,B007,Salary,Active,2025-08-06
203719,104516,B017,Premium Savings,Active,2023-12-05
203720,104978,B010,Salary,Active,2024-12-16
203721,102092,B009,Current,Active,2025-02-08
203722,101837,B010,Premium Savings,Active,2021-04-25
203723,103566,B006,Current,Active,2025-01-06
203724,101365,B017,Current,Dormant,2025-01-30
203725,100703,B014,Savings,Active,2024-03-07
203726,101414,B020,Savings,Active,2021-05-07
203727,101582,B002,Savings,Closed,2021-01-15
203728,103086,B015,Salary,Active,2021-01-26
203729,103679,B002,Savings,Active,2024-07-01
203730,100814,B002,Savings,Active,2023-09-26
203731,100225,B017,Premium Savings,Dormant,2022-11-02
203732,100823,B007,Salary,Active,2023-08-25
203733,104557,B007,Salary,Closed,2023-04-04
203734,101301,B004,Salary,Active,2022-08-01
203735,102642,B003,Savings,Dormant,2024-10-22
203736,102705,B014,Savings,Active,2023-04-21
203737,101391,B011,Salary,Active,2023-09-24
203738,104221,B012,Salary,Closed,2025-08-07
203739,100326,B004,Savings,Active,2025-07-19
203740,102647,B020,Savings,Active,2024-05-19
203741,102069,B001,Savings,Active,2025-07-08
203742,103914,B009,Current,Active,2022-09-17
203743,100987,B011,Savings,Active,2022-11-07
203744,104788,B003,Savings,Active,2025-09-01
203745,103963,B012,Savings,Active,2025-06-10
203746,103701,B012,Current,Active,2021-10-25
203747,102473,B011,Current,Active,2021-01-12
203748,103214,B008,Savings,Active,2021-11-16
203749,101039,B019,Savings,Closed,2024-10-15
203750,100041,B004,Savings,Active,2022-03-02
203751,103729,B015,Current,Closed,2025-12-08
203752,102243,B008,Savings,Active,2022-03-01
203753,101763,B008,Premium Savings,Active,2021-11-07
203754,101341,B005,Savings,Dormant,2021-05-10
203755,103103,B014,Salary,Active,2025-09-30
203756,102563,B004,Savings,Active,2022-07-20
203757,103376,B008,Current,Dormant,2025-02-10
203758,104756,B010,Salary,Active,2023-09-29
203759,104178,B001,Savings,Active,2021-10-19
203760,101603,B017,Savings,Active,2022-02-11
203761,101210,B007,Savings,Active,2021-06-03
203762,100804,B018,Current,Active,2021-07-14
203763,102846,B013,Salary,Active,2025-01-09
203764,104130,B006,Current,Active,2024-04-02
203765,101266,B014,Salary,Active,2021-10-19
203766,104953,B009,Savings,Active,2023-02-06
203767,102147,B010,Savings,Active,2022-02-21
203768,103901,B017,Salary,Active,2024-04-07
203769,101492,B013,Savings,Dormant,2021-08-26
203770,100692,B020,Savings,Closed,2022-03-29
203771,102564,B019,Savings,Active,2024-05-10
203772,102754,B017,Savings,Active,2024-10-11
203773,102392,B010,Premium Savings,Active,2025-11-01
203774,102026,B010,Savings,Dormant,2025-11-11
203775,103250,B018,Savings,Active,2024-07-23
203776,103168,B018,Savings,Active,2022-04-22
203777,100757,B008,Savings,Active,2025-02-18
203778,103344,B015,Savings,Active,2024-03-12
203779,101664,B012,Savings,Closed,2025-10-23
203780,104036,B003,Savings,Active,2024-10-28
203781,102489,B003,Savings,Active,2025-01-10
203782,101201,B002,Salary,Active,2023-09-19
203783,100901,B006,Current,Active,2025-01-14
203784,104824,B019,Salary,Active,2022-06-16
203785,103594,B007,Savings,Active,2021-06-06
203786,101074,B019,Savings,Dormant,2022-01-27
203787,102509,B009,Premium Savings,Dormant,2023-11-02
203788,100621,B010,Savings,Active,2024-03-26
203789,104172,B006,Savings,Active,2023-06-25
203790,104145,B014,Savings,Dormant,2023-05-26
203791,104017,B012,Savings,Dormant,2021-12-29
203792,102317,B007,Current,Active,2025-03-09
203793,100830,B016,Current,Active,2022-02-28
203794,102452,B015,Savings,Active,2021-06-13
203795,102553,B015,Savings,Active,2021-10-05
203796,101594,B009,Savings,Active,2021-03-01
203797,101889,B013,Savings,Active,2025-12-24
203798,100233,B007,Salary,Active,2022-11-08
203799,102617,B020,Salary,Active,2024-12-20
203800,100969,B009,Savings,Closed,2023-05-16
203801,104205,B006,Savings,Active,2025-08-02
203802,103809,B010,Salary,Active,2024-03-13
203803,103019,B019,Savings,Dormant,2022-03-20
203804,101123,B019,Salary,Active,2021-07-28
203805,103340,B008,Salary,Active,2021-11-09
203806,104964,B018,Savings,Active,2023-12-08
203807,103154,B007,Salary,Active,2021-02-22
203808,103932,B004,Savings,Active,2025-01-23
203809,104503,B005,Savings,Closed,2022-06-07
203810,104243,B006,Premium Savings,Closed,2025-07-18
203811,100812,B006,Salary,Active,2021-08-08
203812,104367,B006,Current,Active,2025-07-01
203813,103828,B008,Salary,Active,2025-05-16
203814,103595,B001,Savings,Closed,2023-08-05
203815,101140,B008,Salary,Active,2023-05-22
203816,102331,B011,Premium Savings,Active,2025-06-30
203817,104520,B009,Salary,Active,2025-01-27
203818,104586,B010,Savings,Closed,2023-09-09
203819,100577,B005,Savings,Active,2022-08-30
203820,102133,B003,Salary,Active,2021-05-14
203821,103031,B019,Savings,Active,2025-08-24
203822,100480,B020,Premium Savings,Active,2025-11-12
203823,101231,B009,Savings,Active,2025-05-10
203824,102983,B016,Savings,Active,2021-01-05
203825,103281,B003,Savings,Active,2023-02-23
203826,100528,B004,Current,Active,2022-06-06
203827,102118,B011,Savings,Active,2023-03-03
203828,103277,B015,Savings,Active,2021-03-26
203829,104953,B015,Salary,Active,2023-09-15
203830,104988,B007,Savings,Active,2023-09-20
203831,101554,B018,Current,Active,2022-03-29
203832,103377,B013,Savings,Active,2023-11-02
203833,102764,B007,Current,Active,2023-09-22
203834,101053,B010,Current,Active,2024-03-10
203835,102538,B006,Salary,Active,2022-03-04
203836,100690,B003,Savings,Active,2021-09-14
203837,100601,B001,Current,Active,2022-08-16
203838,101782,B010,Savings,Dormant,2021-02-01
203839,101308,B001,Current,Active,2024-06-24
203840,100729,B020,Savings,Active,2022-04-30
203841,100260,B018,Current,Active,2022-08-04
203842,102849,B015,Savings,Active,2021-04-04
203843,100030,B016,Salary,Active,2023-08-15
203844,103916,B013,Savings,Active,2021-03-06
203845,100364,B015,Current,Closed,2023-05-17
203846,103291,B017,Savings,Active,2022-04-27
203847,100743,B011,Salary,Active,2024-02-23
203848,103086,B017,Premium Savings,Active,2025-12-28
203849,100714,B005,Savings,Active,2023-10-27
203850,102179,B018,Savings,Active,2025-01-06
203851,103298,B015,Current,Active,2021-12-27
203852,100864,B003,Savings,Active,2022-10-23
203853,100664,B004,Savings,Closed,2025-01-29
203854,103189,B003,Savings,Active,2022-11-18
203855,103205,B005,Savings,Active,2025-08-14
203856,102097,B016,Salary,Active,2025-08-24
203857,100613,B017,Savings,Closed,2024-09-24
203858,101528,B020,Current,Active,2024-04-23
203859,101088,B003,Savings,Active,2022-09-18
203860,103297,B012,Savings,Active,2025-03-08
203861,101503,B017,Current,Active,2025-12-09
203862,101893,B020,Salary,Active,2025-04-27
203863,101307,B002,Salary,Active,2022-09-25
203864,100842,B014,Savings,Active,2021-11-05
203865,104059,B002,Savings,Active,2025-07-27
203866,102418,B002,Savings,Active,2021-01-30
203867,102857,B017,Current,Dormant,2024-12-25
203868,101446,B019,Salary,Active,2022-05-05
203869,100438,B004,Salary,Active,2024-11-04
203870,103668,B017,Salary,Active,2023-12-21
203871,103611,B019,Savings,Active,2021-07-31
203872,100236,B011,Premium Savings,Dormant,2025-07-17
203873,104432,B004,Premium Savings,Active,2025-09-04
203874,104265,B015,Savings,Active,2022-07-18
203875,104244,B011,Savings,Active,2021-10-17
203876,102307,B008,Salary,Active,2025-04-01
203877,103470,B018,Savings,Active,2023-03-10
203878,100080,B013,Savings,Active,2024-04-23
203879,102993,B006,Savings,Active,2025-02-13
203880,100667,B009,Current,Active,2024-04-09
203881,104547,B007,Salary,Active,2023-05-17
203882,104728,B011,Salary,Active,2024-07-31
203883,100753,B006,Premium Savings,Dormant,2021-05-31
203884,102686,B013,Savings,Active,2023-07-23
203885,102962,B009,Salary,Active,2024-01-10
203886,103843,B002,Savings,Active,2024-05-14
203887,102444,B001,Current,Active,2022-02-07
203888,104414,B002,Premium Savings,Active,2024-12-18
203889,101728,B004,Salary,Active,2022-08-24
203890,101602,B002,Current,Active,2023-12-12
203891,103646,B014,Savings,Active,2024-07-11
203892,102735,B012,Savings,Active,2021-03-13
203893,100410,B001,Salary,Active,2025-10-08
203894,103252,B009,Savings,Active,2023-07-21
203895,101397,B006,Savings,Active,2021-01-16
203896,104208,B011,Salary,Active,2023-12-26
203897,104183,B012,Savings,Dormant,2022-04-19
203898,102101,B011,Savings,Active,2025-05-17
203899,104267,B008,Savings,Active,2021-10-29
203900,104759,B001,Savings,Active,2021-01-10
203901,103648,B016,Savings,Active,2024-08-17
203902,103036,B016,Savings,Dormant,2021-03-30
203903,104666,B018,Current,Active,2021-12-30
203904,104370,B015,Savings,Active,2022-11-03
203905,102391,B007,Savings,Active,2025-05-10
203906,100417,B014,Salary,Active,2025-01-05
203907,103004,B019,Current,Active,2024-01-03
203908,102317,B001,Current,Active,2023-06-03
203909,101829,B011,Current,Active,2024-05-10
203910,100896,B014,Current,Active,2022-07-12
203911,103583,B020,Savings,Active,2025-06-04
203912,104560,B011,Salary,Active,2024-06-19
203913,102988,B018,Savings,Active,2023-12-04
203914,101175,B016,Current,Active,2023-07-10
203915,100007,B016,Current,Active,2024-02-26
203916,103565,B002,Salary,Closed,2023-11-14
203917,100789,B011,Current,Active,2024-06-01
203918,100315,B015,Savings,Active,2023-02-21
203919,100987,B003,Savings,Closed,2022-06-28
203920,101005,B020,Salary,Active,2024-08-16
203921,101698,B014,Savings,Active,2022-07-12
203922,101600,B018,Premium Savings,Active,2021-01-29
203923,100988,B013,Salary,Active,2021-05-13
203924,103910,B018,Savings,Active,2021-01-04
203925,104131,B019,Savings,Active,2023-08-13
203926,101256,B002,Salary,Dormant,2024-05-31
203927,101842,B019,Savings,Active,2022-06-09
203928,104085,B011,Savings,Active,2021-02-18
203929,104765,B010,Savings,Active,2024-03-17
203930,103944,B005,Savings,Active,2022-09-08
203931,102766,B009,Savings,Active,2024-12-25
203932,104962,B011,Salary,Active,2022-10-31
203933,103636,B011,Current,Active,2024-04-01
203934,103386,B015,Savings,Active,2024-01-26
203935,100149,B014,Current,Active,2022-06-02
203936,103188,B015,Savings,Dormant,2024-11-10
203937,101440,B012,Current,Active,2025-01-29
203938,103008,B020,Savings,Active,2025-02-08
203939,102866,B018,Premium Savings,Active,2022-08-05
203940,100549,B020,Salary,Active,2022-05-27
203941,102307,B015,Salary,Active,2022-06-13
203942,102567,B005,Current,Dormant,2021-10-24
203943,100238,B020,Current,Active,2025-05-24
203944,104258,B019,Savings,Active,2025-11-25
203945,104688,B006,Salary,Active,2025-02-16
203946,100105,B018,Salary,Active,2021-03-21
203947,100602,B011,Premium Savings,Active,2025-09-20
203948,100634,B015,Current,Active,2025-01-25
203949,102207,B007,Salary,Closed,2021-05-04
203950,103003,B006,Savings,Active,2021-02-06
203951,101208,B009,Savings,Active,2022-04-02
203952,104236,B004,Salary,Active,2023-06-05
203953,101553,B003,Premium Savings,Active,2022-10-05
203954,101537,B009,Salary,Active,2024-03-16
203955,102941,B019,Salary,Dormant,2024-06-20
203956,104358,B001,Savings,Active,2023-05-22
203957,101245,B007,Salary,Active,2022-11-23
203958,101688,B006,Current,Active,2023-10-28
203959,101694,B005,Current,Active,2021-07-09
203960,102328,B002,Savings,Active,2021-02-16
203961,102145,B004,Current,Active,2024-12-19
203962,104766,B011,Savings,Dormant,2021-10-09
203963,100733,B009,Salary,Active,2025-11-29
203964,102088,B013,Premium Savings,Active,2023-10-07
203965,101269,B018,Salary,Active,2023-08-21
203966,102998,B003,Savings,Active,2025-02-19
203967,103906,B007,Savings,Active,2022-01-14
203968,104678,B018,Current,Active,2023-09-28
203969,102189,B005,Salary,Active,2023-05-02
203970,101322,B002,Savings,Active,2023-07-01
203971,104820,B005,Current,Active,2025-08-13
203972,100460,B008,Salary,Active,2025-12-09
203973,100657,B006,Savings,Active,2023-01-11
203974,104791,B011,Salary,Active,2022-12-13
203975,104433,B005,Salary,Active,2022-05-06
203976,102800,B012,Salary,Active,2022-12-05
203977,101644,B018,Premium Savings,Active,2023-02-28
203978,104830,B007,Salary,Active,2021-05-16
203979,104792,B011,Current,Active,2022-02-28
203980,104334,B015,Savings,Dormant,2024-11-30
203981,103860,B002,Savings,Active,2024-07-31
203982,102974,B007,Savings,Dormant,2021-05-04
203983,101859,B013,Current,Active,2025-06-17
203984,102357,B006,Savings,Active,2021-09-06
203985,102713,B009,Savings,Active,2021-10-23
203986,102402,B010,Salary,Active,2021-04-14
203987,104307,B019,Savings,Closed,2021-10-12
203988,100831,B003,Savings,Active,2021-12-18
203989,100415,B013,Salary,Dormant,2025-06-16
203990,102268,B020,Savings,Active,2023-03-12
203991,101035,B019,Current,Closed,2021-12-22
203992,104109,B012,Savings,Active,2021-03-18
203993,104242,B008,Salary,Active,2022-03-27
203994,104944,B003,Current,Dormant,2023-01-21
203995,101931,B006,Current,Active,2023-03-15
203996,104802,B016,Savings,Active,2023-05-28
203997,100507,B001,Salary,Active,2022-01-01
203998,104811,B015,Savings,Active,2021-07-22
203999,101231,B019,Current,Active,2023-06-04
204000,100096,B009,Savings,Active,2021-04-11
204001,104128,B017,Savings,Active,2025-06-15
204002,102579,B020,Savings,Active,2022-07-28
204003,102065,B016,Savings,Active,2024-04-07
204004,101001,B011,Savings,Dormant,2024-04-02
204005,102079,B012,Savings,Active,2021-03-12
204006,103077,B005,Salary,Active,2024-01-14
204007,100719,B003,Current,Active,2024-02-25
204008,104730,B016,Current,Closed,2021-08-20
204009,103619,B011,Savings,Active,2023-11-26
204010,104384,B019,Savings,Dormant,2021-06-17
204011,100223,B015,Premium Savings,Active,2023-04-25
204012,104333,B006,Savings,Active,2021-12-08
204013,104329,B020,Salary,Active,2022-08-20
204014,101829,B001,Salary,Active,2025-05-15
204015,102849,B002,Savings,Active,2025-06-28
204016,102506,B013,Salary,Active,2025-08-28
204017,104131,B013,Salary,Active,2025-10-18
204018,101410,B015,Salary,Active,2023-08-10
204019,104598,B013,Current,Active,2025-04-23
204020,102770,B006,Savings,Active,2025-07-05
204021,100001,B003,Current,Active,2022-05-20
204022,101517,B020,Savings,Active,2021-08-28
204023,100713,B007,Savings,Active,2022-12-24
204024,104044,B004,Current,Active,2024-04-14
204025,102046,B002,Savings,Closed,2021-08-05
204026,102323,B017,Salary,Active,2024-03-29
204027,101751,B017,Premium Savings,Active,2022-08-18
204028,103502,B018,Savings,Active,2023-04-01
204029,104968,B018,Savings,Dormant,2022-11-28
204030,104364,B004,Savings,Active,2024-09-08
204031,104948,B001,Savings,Active,2022-08-26
204032,101499,B011,Savings,Active,2023-05-17
204033,103322,B011,Salary,Closed,2024-02-28
204034,103111,B001,Savings,Active,2025-04-13
204035,101513,B018,Savings,Active,2023-04-16
204036,104230,B013,Savings,Active,2021-09-05
204037,104599,B014,Savings,Active,2023-10-19
204038,104754,B011,Salary,Active,2021-02-01
204039,104940,B020,Salary,Active,2024-04-25
204040,100816,B016,Savings,Active,2022-11-22
204041,100737,B012,Savings,Active,2024-03-25
204042,103408,B011,Salary,Active,2021-08-23
204043,103629,B017,Salary,Active,2023-06-29
204044,102177,B008,Current,Active,2021-11-23
204045,100817,B018,Savings,Active,2023-10-07
204046,101428,B003,Current,Active,2021-03-29
204047,100642,B001,Savings,Active,2023-08-11
204048,100789,B002,Savings,Active,2023-02-25
204049,100940,B008,Salary,Active,2021-08-19
204050,102927,B011,Savings,Active,2024-09-07
204051,102567,B018,Salary,Active,2025-03-08
204052,101671,B019,Salary,Dormant,2023-10-13
204053,102715,B001,Salary,Dormant,2023-08-08
204054,103340,B016,Current,Active,2022-10-13
204055,100488,B005,Savings,Active,2022-05-18
204056,101405,B008,Salary,Active,2021-01-22
204057,101006,B018,Salary,Active,2023-05-25
204058,100003,B020,Savings,Active,2023-07-19
204059,100581,B016,Salary,Active,2021-02-26
204060,103837,B004,Premium Savings,Active,2022-08-22
204061,104378,B001,Salary,Active,2023-10-22
204062,100807,B020,Savings,Dormant,2022-03-12
204063,103837,B005,Current,Active,2023-12-18
204064,101263,B005,Savings,Active,2023-04-05
204065,100700,B011,Savings,Active,2025-08-25
204066,101177,B004,Savings,Active,2021-11-07
204067,104597,B014,Salary,Active,2021-03-09
204068,101712,B018,Current,Active,2022-08-10
204069,103704,B007,Savings,Active,2024-12-31
204070,102427,B010,Savings,Active,2025-08-18
204071,102179,B018,Savings,Active,2024-02-23
204072,104063,B018,Savings,Active,2024-01-20
204073,104958,B002,Savings,Dormant,2024-08-14
204074,103252,B015,Savings,Active,2025-12-12
204075,104248,B001,Savings,Active,2025-09-16
204076,100730,B004,Savings,Active,2024-02-20
204077,104504,B013,Salary,Active,2022-10-04
204078,100919,B003,Current,Active,2021-06-26
204079,100953,B004,Salary,Closed,2021-10-31
204080,104236,B009,Savings,Active,2024-04-30
204081,102415,B009,Savings,Dormant,2021-05-10
204082,101250,B012,Savings,Active,2025-04-30
204083,100137,B019,Savings,Active,2023-05-23
204084,101094,B009,Savings,Active,2025-07-24
204085,104122,B007,Salary,Active,2025-04-21
204086,100018,B005,Savings,Active,2023-10-10
204087,104602,B018,Savings,Active,2023-02-20
204088,103871,B005,Savings,Active,2021-08-08
204089,101024,B001,Savings,Active,2025-10-25
204090,103693,B011,Current,Closed,2024-03-19
204091,102593,B015,Savings,Active,2023-01-30
204092,101739,B001,Savings,Active,2021-09-18
204093,102527,B013,Salary,Active,2025-04-10
204094,100037,B009,Savings,Active,2021-04-13
204095,104403,B016,Savings,Active,2024-05-04
204096,103928,B001,Salary,Dormant,2022-01-22
204097,100898,B018,Savings,Active,2024-02-28
204098,100497,B018,Salary,Active,2021-06-27
204099,102118,B014,Salary,Active,2025-01-06
204100,102303,B013,Savings,Active,2023-03-24
204101,103863,B015,Savings,Active,2023-03-03
204102,104201,B004,Savings,Active,2025-09-19
204103,100319,B018,Salary,Active,2021-12-04
204104,101222,B016,Savings,Active,2024-04-20
204105,102932,B016,Salary,Active,2023-11-06
204106,101899,B010,Savings,Active,2024-06-21
204107,104954,B003,Salary,Active,2024-04-10
204108,103305,B011,Premium Savings,Active,2025-01-06
204109,101613,B011,Savings,Active,2022-10-07
204110,103366,B006,Savings,Active,2022-03-13
204111,102153,B019,Current,Active,2024-05-23
204112,102314,B008,Current,Active,2023-11-11
204113,103574,B020,Savings,Active,2025-07-24
204114,102169,B018,Current,Active,2024-07-25
204115,103483,B002,Salary,Active,2022-03-09
204116,102098,B003,Premium Savings,Active,2022-07-09
204117,102972,B008,Salary,Active,2024-06-16
204118,102431,B013,Current,Closed,2022-12-09
204119,102870,B003,Savings,Active,2025-08-15
204120,101734,B005,Savings,Active,2024-07-03
204121,100600,B018,Current,Active,2022-11-09
204122,101283,B009,Current,Active,2025-01-15
204123,101781,B012,Salary,Active,2024-06-21
204124,101581,B011,Savings,Active,2022-10-22
204125,102108,B020,Savings,Active,2023-02-14
204126,102389,B003,Savings,Dormant,2024-02-16
204127,101260,B011,Savings,Closed,2022-03-27
204128,101911,B002,Savings,Active,2024-04-27
204129,101412,B001,Savings,Dormant,2022-08-30
204130,102928,B010,Savings,Active,2025-08-23
204131,102381,B019,Savings,Active,2023-11-13
204132,103156,B009,Savings,Dormant,2024-12-08
204133,102160,B015,Premium Savings,Closed,2023-10-02
204134,104981,B019,Salary,Active,2021-12-22
204135,102424,B001,Savings,Active,2024-05-10
204136,103076,B014,Salary,Active,2024-02-16
204137,102211,B018,Current,Active,2021-09-28
204138,103674,B018,Premium Savings,Active,2025-10-14
204139,102794,B015,Current,Active,2021-06-08
204140,100491,B019,Savings,Closed,2022-11-22
204141,103647,B013,Savings,Active,2021-08-15
204142,103803,B001,Premium Savings,Active,2024-10-28
204143,102013,B020,Premium Savings,Active,2023-02-24
204144,102545,B018,Current,Active,2023-09-12
204145,100055,B004,Current,Active,2025-07-01
204146,104333,B020,Current,Active,2023-03-11
204147,103893,B014,Salary,Dormant,2023-06-21
204148,104855,B010,Savings,Active,2023-11-07
204149,102998,B017,Savings,Closed,2025-08-18
204150,101152,B013,Savings,Active,2023-02-15
204151,101450,B016,Current,Active,2022-04-01
204152,104644,B007,Savings,Active,2022-08-04
204153,100216,B008,Salary,Active,2023-09-27
204154,103359,B002,Premium Savings,Closed,2024-10-21
204155,100341,B018,Savings,Active,2025-04-16
204156,103696,B006,Salary,Active,2023-08-31
204157,102907,B003,Salary,Closed,2023-05-23
204158,102362,B002,Current,Active,2025-09-03
204159,103503,B008,Savings,Dormant,2024-05-10
204160,101774,B010,Savings,Active,2021-01-16
204161,102867,B017,Premium Savings,Active,2024-04-07
204162,104001,B014,Current,Dormant,2024-11-05
204163,102292,B017,Current,Active,2024-11-10
204164,100110,B001,Savings,Active,2021-10-15
204165,104970,B001,Savings,Active,2023-07-19
204166,102703,B005,Current,Active,2024-10-21
204167,102149,B008,Current,Active,2025-09-02
204168,100370,B002,Salary,Active,2025-05-08
204169,100453,B018,Savings,Active,2024-12-11
204170,101274,B020,Savings,Active,2024-12-01
204171,104617,B010,Savings,Active,2022-10-05
204172,103626,B017,Savings,Active,2023-12-20
204173,102067,B004,Savings,Active,2021-03-05
204174,103774,B001,Savings,Active,2021-08-12
204175,101960,B018,Salary,Active,2022-04-08
204176,104446,B017,Savings,Active,2025-10-19
204177,101636,B016,Salary,Dormant,2022-03-30
204178,103578,B017,Premium Savings,Active,2022-08-19
204179,102183,B015,Savings,Active,2025-01-12
204180,103374,B017,Salary,Active,2021-02-21
204181,100933,B020,Savings,Active,2021-11-13
204182,104726,B018,Savings,Active,2021-01-04
204183,101432,B018,Savings,Active,2023-12-30
204184,102688,B010,Savings,Active,2024-09-09
204185,103437,B017,Salary,Active,2025-08-25
204186,103270,B005,Salary,Active,2025-03-01
204187,102774,B007,Current,Active,2024-08-18
204188,104341,B018,Current,Active,2025-01-05
204189,104849,B008,Salary,Active,2025-08-06
204190,103819,B017,Salary,Active,2023-10-18
204191,100923,B010,Salary,Active,2021-08-20
204192,103850,B006,Salary,Active,2024-02-28
204193,102517,B009,Savings,Active,2022-07-23
204194,102684,B012,Current,Active,2025-07-13
204195,104708,B002,Current,Active,2023-08-28
204196,102640,B012,Savings,Active,2024-04-26
204197,104254,B003,Salary,Active,2023-07-31
204198,103244,B010,Premium Savings,Active,2022-10-03
204199,100437,B007,Premium Savings,Dormant,2025-07-24
204200,103503,B013,Savings,Active,2025-10-01
204201,102475,B017,Savings,Active,2025-06-24
204202,102731,B002,Savings,Active,2025-10-29
204203,101514,B002,Salary,Active,2021-02-01
204204,100928,B010,Current,Active,2024-02-20
204205,103720,B016,Salary,Active,2023-02-07
204206,101243,B006,Salary,Dormant,2023-10-31
204207,100466,B016,Savings,Dormant,2023-04-08
204208,102466,B001,Savings,Active,2025-09-06
204209,103559,B006,Salary,Active,2025-02-03
204210,101021,B011,Savings,Active,2024-11-20
204211,101810,B013,Current,Active,2024-04-15
204212,102118,B008,Savings,Active,2021-08-05
204213,104618,B018,Current,Active,2021-11-25
204214,100736,B009,Premium Savings,Active,2025-10-15
204215,104591,B013,Savings,Active,2021-03-22
204216,100732,B003,Current,Active,2024-08-14
204217,102891,B019,Premium Savings,Active,2023-12-03
204218,104217,B011,Savings,Active,2024-09-10
204219,104522,B010,Salary,Active,2025-12-11
204220,102712,B006,Premium Savings,Active,2023-01-02
204221,102466,B013,Savings,Active,2023-12-16
204222,103903,B001,Savings,Active,2021-01-16
204223,104548,B010,Savings,Active,2022-10-01
204224,100058,B016,Savings,Active,2022-05-11
204225,101311,B016,Savings,Active,2025-02-11
204226,101429,B013,Savings,Closed,2022-08-28
204227,104167,B008,Savings,Active,2022-07-11
204228,100089,B011,Salary,Active,2023-04-12
204229,100628,B004,Savings,Closed,2023-11-27
204230,100017,B013,Savings,Active,2024-07-03
204231,104765,B005,Savings,Active,2025-11-10
204232,100161,B007,Salary,Dormant,2023-04-03
204233,101328,B015,Savings,Active,2024-01-18
204234,102608,B003,Savings,Active,2022-11-11
204235,101744,B007,Premium Savings,Active,2023-12-10
204236,100455,B008,Salary,Active,2022-03-29
204237,102065,B019,Current,Active,2022-03-14
204238,103992,B016,Salary,Active,2024-11-03
204239,101445,B008,Savings,Active,2024-05-05
204240,102581,B013,Savings,Active,2024-12-08
204241,102349,B005,Current,Dormant,2024-08-14
204242,101227,B016,Salary,Active,2022-10-25
204243,100013,B007,Premium Savings,Active,2024-11-28
204244,104194,B019,Current,Active,2022-02-02
204245,104969,B018,Savings,Active,2021-01-11
204246,102549,B005,Salary,Active,2022-02-06
204247,104152,B009,Salary,Active,2024-06-06
204248,101754,B019,Savings,Active,2024-04-24
204249,104716,B002,Savings,Active,2024-09-05
204250,102840,B014,Savings,Active,2024-11-10
204251,104001,B011,Savings,Active,2022-02-05
204252,103364,B012,Salary,Active,2024-12-03
204253,104619,B012,Savings,Active,2023-05-10
204254,102795,B011,Current,Active,2025-05-08
204255,104237,B007,Savings,Active,2021-02-10
204256,104664,B010,Savings,Active,2024-10-08
204257,103801,B020,Salary,Active,2024-06-12
204258,101770,B002,Current,Active,2023-06-06
204259,100456,B004,Salary,Active,2025-05-08
204260,102050,B002,Salary,Closed,2022-05-03
204261,103463,B013,Salary,Active,2022-11-05
204262,104295,B007,Savings,Active,2022-11-14
204263,103845,B001,Current,Active,2023-05-27
204264,103188,B005,Savings,Active,2022-06-02
204265,102682,B006,Salary,Active,2024-05-25
204266,104832,B002,Current,Active,2021-07-01
204267,101220,B016,Savings,Dormant,2021-03-02
204268,103961,B001,Current,Active,2021-09-20
204269,102757,B018,Salary,Active,2023-03-24
204270,102565,B020,Savings,Active,2021-01-24
204271,101997,B019,Current,Active,2024-03-02
204272,103174,B005,Salary,Dormant,2021-12-26
204273,105000,B005,Savings,Closed,2024-10-10
204274,102031,B020,Current,Active,2025-03-05
204275,100565,B013,Salary,Active,2025-04-03
204276,100639,B011,Savings,Active,2023-09-08
204277,100885,B018,Savings,Active,2023-08-28
204278,102036,B004,Current,Active,2022-12-12
204279,100021,B009,Current,Active,2021-09-01
204280,101408,B003,Salary,Active,2022-03-10
204281,103476,B016,Current,Active,2022-04-01
204282,103391,B005,Current,Active,2023-12-13
204283,103345,B003,Savings,Dormant,2021-02-02
204284,103346,B008,Savings,Active,2025-11-12
204285,100380,B012,Current,Active,2021-08-04
204286,104687,B005,Savings,Active,2022-09-28
204287,101489,B019,Premium Savings,Active,2022-09-01
204288,100398,B017,Savings,Active,2025-03-27
204289,104059,B019,Savings,Active,2024-02-19
204290,102338,B008,Salary,Active,2025-09-10
204291,101733,B008,Savings,Active,2025-07-20
204292,101994,B011,Savings,Closed,2024-12-07
204293,102916,B019,Premium Savings,Closed,2021-09-27
204294,102638,B011,Salary,Active,2023-12-16
204295,100069,B008,Savings,Active,2023-12-29
204296,100598,B014,Savings,Active,2022-07-06
204297,104737,B003,Current,Active,2021-03-10
204298,102458,B020,Current,Active,2021-03-02
204299,104943,B014,Savings,Active,2022-12-04
204300,103286,B009,Savings,Active,2024-09-06
204301,103688,B002,Salary,Closed,2021-11-03
204302,101569,B007,Savings,Active,2025-10-11
204303,104190,B012,Salary,Active,2022-06-07
204304,103253,B020,Savings,Active,2024-06-11
204305,103759,B010,Current,Active,2021-03-31
204306,101329,B020,Current,Active,2021-03-08
204307,102934,B011,Savings,Active,2023-07-13
204308,101847,B016,Current,Active,2021-09-12
204309,104545,B002,Savings,Active,2024-03-05
204310,104537,B016,Salary,Active,2022-12-19
204311,101765,B005,Salary,Active,2022-02-26
204312,100126,B009,Savings,Active,2025-12-11
204313,101248,B007,Current,Active,2022-12-26
204314,101365,B011,Salary,Active,2021-06-04
204315,100097,B013,Savings,Active,2021-09-15
204316,104679,B008,Savings,Active,2022-08-04
204317,102331,B002,Salary,Closed,2023-06-30
204318,100736,B013,Savings,Dormant,2023-10-05
204319,103049,B009,Salary,Active,2023-03-26
204320,101988,B017,Savings,Dormant,2021-07-24
204321,100874,B014,Salary,Dormant,2022-04-18
204322,102271,B008,Savings,Active,2021-08-03
204323,102994,B002,Savings,Active,2023-08-01
204324,103264,B011,Salary,Dormant,2021-05-06
204325,101126,B016,Current,Active,2024-11-15
204326,103059,B016,Savings,Active,2023-07-07
204327,103964,B007,Salary,Closed,2022-06-06
204328,103134,B005,Current,Active,2022-06-07
204329,104758,B002,Savings,Active,2021-03-13
204330,104703,B013,Current,Active,2021-03-14
204331,102477,B006,Premium Savings,Dormant,2024-04-15
204332,101964,B016,Savings,Active,2023-07-05
204333,102287,B012,Salary,Active,2021-08-19
204334,102450,B002,Current,Active,2024-08-26
204335,100867,B014,Savings,Active,2025-11-03
204336,104820,B006,Salary,Active,2024-05-05
204337,102842,B018,Savings,Active,2025-06-03
204338,100641,B001,Salary,Active,2024-06-02
204339,104515,B008,Current,Active,2025-08-14
204340,104742,B001,Savings,Active,2023-10-02
204341,102806,B013,Savings,Dormant,2025-01-24
204342,104742,B010,Savings,Active,2024-11-26
204343,104854,B011,Current,Active,2022-08-31
204344,104768,B015,Premium Savings,Active,2021-04-24
204345,104820,B018,Salary,Active,2023-02-10
204346,100336,B008,Salary,Active,2021-12-15
204347,100155,B012,Current,Closed,2025-05-09
204348,102888,B013,Savings,Active,2024-07-07
204349,103741,B018,Salary,Active,2025-06-18
204350,104191,B004,Savings,Active,2022-09-05
204351,103209,B011,Savings,Active,2023-09-21
204352,101569,B017,Savings,Active,2022-03-12
204353,104665,B006,Premium Savings,Active,2023-05-21
204354,102953,B008,Salary,Active,2021-02-19
204355,103408,B009,Savings,Active,2022-10-03
204356,101283,B015,Premium Savings,Active,2025-05-04
204357,103794,B014,Salary,Active,2024-01-29
204358,100649,B003,Current,Active,2025-03-10
204359,104353,B005,Savings,Active,2024-10-31
204360,104262,B017,Savings,Active,2021-04-21
204361,103414,B014,Savings,Dormant,2023-05-26
204362,104907,B011,Current,Active,2022-07-10
204363,104551,B009,Current,Active,2021-08-05
204364,100349,B020,Savings,Active,2022-01-27
204365,101105,B018,Savings,Active,2021-01-18
204366,100607,B009,Current,Active,2022-01-13
204367,101604,B008,Salary,Active,2024-05-14
204368,102944,B018,Savings,Active,2022-04-16
204369,100719,B007,Salary,Active,2024-08-17
204370,100432,B009,Premium Savings,Active,2022-06-27
204371,103222,B019,Salary,Active,2021-04-10
204372,103156,B003,Savings,Active,2024-07-13
204373,101832,B015,Salary,Active,2021-10-30
204374,103598,B014,Salary,Active,2025-11-05
204375,102960,B008,Salary,Active,2023-02-24
204376,102074,B004,Savings,Active,2021-03-24
204377,100342,B018,Savings,Active,2022-03-10
204378,103782,B016,Savings,Active,2022-08-13
204379,103124,B018,Savings,Active,2023-06-28
204380,100569,B007,Salary,Active,2024-05-03
204381,100940,B020,Savings,Active,2022-08-03
204382,101507,B016,Salary,Active,2022-07-13
204383,100896,B005,Salary,Active,2025-08-20
204384,104039,B010,Current,Active,2021-12-15
204385,104668,B007,Savings,Closed,2024-08-29
204386,100442,B011,Savings,Active,2021-11-03
204387,101197,B004,Savings,Closed,2022-04-24
204388,101426,B015,Premium Savings,Active,2023-12-28
204389,104959,B010,Savings,Active,2021-06-28
204390,103106,B014,Savings,Active,2021-10-03
204391,104771,B013,Savings,Active,2025-04-05
204392,101237,B014,Current,Active,2021-06-26
204393,100339,B016,Current,Active,2021-09-19
204394,102405,B014,Premium Savings,Active,2024-09-30
204395,104086,B011,Savings,Active,2023-05-09
204396,104186,B012,Savings,Active,2022-09-20
204397,102362,B013,Salary,Active,2025-02-10
204398,101349,B017,Savings,Active,2025-06-21
204399,100236,B010,Savings,Active,2021-08-04
204400,102180,B007,Salary,Active,2023-06-25
204401,102680,B006,Current,Active,2025-08-15
204402,100092,B004,Savings,Active,2021-08-29
204403,104674,B013,Premium Savings,Active,2023-01-21
204404,103542,B015,Savings,Active,2021-12-18
204405,101635,B007,Savings,Active,2021-09-28
204406,101776,B011,Savings,Active,2025-05-28
204407,101786,B008,Savings,Active,2024-03-31
204408,104301,B019,Savings,Active,2021-08-18
204409,103619,B019,Salary,Active,2022-09-12
204410,100443,B020,Premium Savings,Active,2022-07-30
204411,101532,B018,Salary,Closed,2025-08-12
204412,103912,B018,Premium Savings,Active,2022-07-08
204413,101783,B012,Savings,Active,2021-07-24
204414,104069,B011,Savings,Active,2025-12-08
204415,102537,B007,Savings,Active,2021-04-26
204416,103881,B016,Current,Active,2025-11-14
204417,102639,B007,Savings,Active,2022-08-12
204418,103672,B007,Savings,Active,2024-06-17
204419,102158,B019,Premium Savings,Active,2023-09-19
204420,101189,B001,Savings,Active,2022-03-06
204421,104411,B003,Salary,Active,2023-09-22
204422,102084,B016,Savings,Active,2021-11-24
204423,100047,B014,Current,Active,2023-07-11
204424,101930,B016,Salary,Active,2021-04-20
204425,102055,B010,Savings,Active,2022-03-03
204426,101206,B001,Savings,Active,2021-04-22
204427,104389,B006,Current,Active,2024-02-16
204428,102459,B018,Current,Active,2025-09-13
204429,101852,B014,Savings,Active,2021-03-20
204430,103488,B018,Savings,Active,2024-01-07
204431,103200,B001,Savings,Active,2023-07-09
204432,102394,B007,Savings,Active,2021-12-28
204433,104875,B014,Salary,Dormant,2024-06-18
204434,104873,B001,Savings,Active,2024-11-26
204435,102381,B009,Savings,Dormant,2025-08-21
204436,103544,B018,Salary,Active,2021-05-20
204437,100261,B004,Salary,Dormant,2021-11-24
204438,102214,B002,Savings,Active,2023-08-12
204439,102209,B013,Current,Active,2024-11-06
204440,102020,B005,Current,Active,2021-12-24
204441,104205,B004,Savings,Active,2022-10-11
204442,102919,B011,Savings,Closed,2023-03-30
204443,102357,B013,Salary,Dormant,2024-04-19
204444,102159,B017,Savings,Active,2022-02-23
204445,103094,B003,Savings,Active,2022-06-24
204446,101110,B016,Current,Closed,2021-09-07
204447,101230,B014,Savings,Active,2022-01-21
204448,102606,B014,Savings,Active,2025-08-19
204449,101596,B005,Savings,Active,2024-09-30
204450,103364,B017,Savings,Active,2025-08-06
204451,104508,B003,Current,Active,2025-09-11
204452,101793,B014,Savings,Active,2023-06-20
204453,102889,B003,Savings,Active,2021-11-06
204454,101417,B013,Current,Active,2024-12-05
204455,103968,B010,Salary,Active,2025-12-06
204456,101087,B004,Current,Active,2022-01-04
204457,102611,B004,Savings,Active,2024-10-30
204458,101815,B009,Savings,Active,2022-12-26
204459,103825,B008,Premium Savings,Active,2025-08-20
204460,101222,B010,Savings,Active,2022-02-16
204461,101006,B009,Savings,Active,2024-04-13
204462,103816,B001,Salary,Active,2021-06-02
204463,102785,B009,Salary,Active,2025-08-23
204464,103194,B009,Premium Savings,Active,2023-02-13
204465,103971,B008,Savings,Active,2023-06-17
204466,101435,B005,Premium Savings,Active,2024-09-21
204467,101207,B004,Savings,Active,2022-02-25
204468,104960,B002,Salary,Dormant,2024-09-21
204469,100558,B013,Savings,Active,2021-07-31
204470,103229,B011,Premium Savings,Active,2023-03-21
204471,101945,B017,Salary,Active,2022-09-03
204472,100713,B005,Salary,Active,2023-03-26
204473,104767,B009,Current,Active,2023-11-18
204474,104147,B004,Savings,Active,2024-01-06
204475,101111,B019,Savings,Active,2022-01-14
204476,103769,B016,Savings,Active,2025-08-30
204477,103839,B003,Salary,Active,2024-04-19
204478,102501,B017,Savings,Active,2021-10-01
204479,104781,B019,Savings,Active,2021-10-12
204480,101168,B014,Savings,Active,2023-01-09
204481,100364,B020,Salary,Active,2025-11-09
204482,104055,B004,Savings,Active,2025-07-11
204483,101788,B006,Current,Active,2022-03-15
204484,100623,B013,Savings,Active,2023-09-29
204485,104844,B011,Savings,Active,2022-08-23
204486,102091,B015,Current,Active,2024-12-18
204487,104328,B020,Savings,Closed,2024-09-14
204488,104087,B005,Salary,Active,2023-04-25
204489,101518,B018,Savings,Active,2022-10-01
204490,104008,B003,Premium Savings,Active,2025-08-08
204491,102348,B010,Savings,Active,2023-02-02
204492,103150,B009,Savings,Active,2025-06-13
204493,101433,B017,Premium Savings,Dormant,2021-02-24
204494,100039,B009,Salary,Active,2023-03-25
204495,100953,B017,Current,Closed,2023-09-21
204496,101666,B004,Savings,Active,2021-01-10
204497,102736,B020,Savings,Active,2021-04-25
204498,104266,B004,Current,Active,2023-10-31
204499,100885,B012,Savings,Active,2024-09-27
204500,103607,B010,Savings,Dormant,2022-01-08
204501,103747,B002,Current,Active,2025-06-29
204502,104053,B011,Savings,Active,2022-03-16
204503,104074,B018,Salary,Active,2021-04-04
204504,100315,B011,Savings,Active,2023-02-24
204505,101089,B015,Premium Savings,Active,2021-07-21
204506,104704,B020,Current,Dormant,2023-04-02
204507,103162,B007,Premium Savings,Active,2021-03-07
204508,101146,B001,Salary,Dormant,2025-04-20
204509,104981,B014,Savings,Active,2024-03-16
204510,101662,B016,Savings,Active,2021-02-27
204511,101443,B003,Savings,Active,2025-08-07
204512,104203,B008,Salary,Active,2022-06-23
204513,104803,B008,Savings,Dormant,2023-07-12
204514,102032,B016,Salary,Active,2024-02-28
204515,103228,B018,Salary,Active,2023-01-07
204516,103216,B015,Savings,Active,2024-02-10
204517,101130,B006,Salary,Active,2021-10-19
204518,102762,B013,Salary,Active,2022-08-03
204519,100279,B006,Salary,Active,2024-05-20
204520,104331,B013,Savings,Active,2021-11-21
204521,104141,B020,Savings,Active,2022-08-01
204522,100781,B014,Current,Active,2022-05-21
204523,103044,B016,Savings,Active,2021-08-18
204524,100489,B015,Current,Active,2025-06-17
204525,100439,B010,Premium Savings,Active,2025-11-30
204526,103162,B003,Savings,Active,2022-04-25
204527,103985,B020,Savings,Active,2025-04-07
204528,104224,B008,Savings,Active,2023-06-17
204529,101659,B018,Salary,Active,2022-03-11
204530,104616,B017,Savings,Active,2025-09-16
204531,102699,B014,Savings,Active,2021-08-24
204532,102000,B011,Current,Dormant,2021-08-05
204533,101725,B006,Savings,Active,2023-01-20
204534,103675,B003,Savings,Active,2025-05-09
204535,101853,B018,Current,Active,2022-07-01
204536,101954,B020,Current,Active,2024-09-18
204537,101940,B014,Savings,Active,2025-05-15
204538,101595,B020,Savings,Active,2023-06-05
204539,101988,B005,Salary,Active,2021-08-18
204540,100122,B011,Savings,Closed,2025-09-28
204541,104373,B004,Premium Savings,Active,2025-01-10
204542,101251,B011,Savings,Active,2021-05-16
204543,102237,B018,Current,Dormant,2023-11-26
204544,100851,B006,Salary,Active,2025-04-09
204545,102683,B009,Current,Active,2023-11-02
204546,101344,B011,Savings,Active,2021-12-27
204547,100849,B010,Current,Active,2025-09-03
204548,101444,B020,Premium Savings,Active,2022-10-09
204549,104524,B009,Savings,Active,2021-01-01
204550,104295,B006,Savings,Active,2021-08-12
204551,103950,B007,Savings,Active,2023-04-18
204552,101017,B007,Savings,Active,2023-06-23
204553,103250,B007,Savings,Active,2024-02-11
204554,104097,B018,Salary,Active,2021-11-05
204555,103250,B011,Premium Savings,Active,2021-07-01
204556,104297,B008,Premium Savings,Active,2022-04-11
204557,101006,B003,Savings,Active,2021-04-14
204558,102319,B020,Savings,Active,2021-04-19
204559,101653,B004,Savings,Active,2024-03-12
204560,103623,B007,Savings,Active,2022-07-11
204561,100640,B014,Current,Active,2021-10-15
204562,101594,B001,Savings,Active,2021-10-27
204563,103513,B007,Savings,Active,2024-12-30
204564,100089,B020,Salary,Active,2024-06-04
204565,101279,B001,Salary,Active,2021-03-24
204566,103549,B005,Premium Savings,Active,2024-03-10
204567,101198,B002,Savings,Active,2024-01-27
204568,103033,B014,Salary,Active,2024-04-29
204569,102003,B001,Savings,Active,2024-12-10
204570,102307,B001,Savings,Active,2024-05-18
204571,101791,B010,Savings,Active,2024-07-23
204572,104494,B015,Current,Active,2021-07-08
204573,103605,B019,Savings,Active,2025-08-06
204574,103637,B005,Salary,Active,2022-01-26
204575,103958,B012,Savings,Active,2024-10-14
204576,102128,B017,Premium Savings,Active,2024-09-07
204577,100517,B015,Savings,Active,2023-06-03
204578,100267,B020,Salary,Active,2023-05-30
204579,102411,B002,Premium Savings,Active,2025-06-29
204580,104381,B001,Current,Active,2024-02-24
204581,102415,B014,Salary,Active,2022-04-18
204582,104924,B008,Salary,Active,2021-04-14
204583,102618,B015,Savings,Active,2021-09-03
204584,103173,B015,Salary,Active,2022-12-07
204585,100389,B009,Current,Active,2024-05-01
204586,103842,B020,Savings,Active,2023-03-11
204587,104446,B018,Savings,Active,2024-10-23
204588,102531,B008,Savings,Active,2024-06-17
204589,104523,B001,Savings,Active,2024-07-18
204590,101184,B020,Premium Savings,Active,2025-07-23
204591,102447,B020,Premium Savings,Active,2021-05-27
204592,104561,B018,Salary,Active,2023-11-15
204593,103019,B002,Savings,Active,2022-09-16
204594,103442,B015,Savings,Active,2024-10-21
204595,102017,B020,Savings,Active,2025-01-14
204596,102743,B008,Savings,Active,2024-03-20
204597,101858,B016,Salary,Active,2024-09-09
204598,103411,B011,Current,Active,2025-07-19
204599,100279,B010,Savings,Active,2023-10-13
204600,102560,B015,Savings,Active,2025-01-19
204601,104650,B012,Premium Savings,Active,2021-07-10
204602,100292,B014,Savings,Active,2022-03-28
204603,102256,B005,Savings,Active,2025-07-15
204604,103303,B006,Savings,Active,2022-02-10
204605,100423,B013,Savings,Active,2021-01-18
204606,100027,B012,Current,Dormant,2025-07-23
204607,100826,B008,Current,Active,2022-10-16
204608,101102,B017,Current,Closed,2023-12-27
204609,104394,B007,Savings,Active,2024-11-07
204610,100780,B010,Premium Savings,Active,2023-04-01
204611,103203,B007,Salary,Active,2021-02-07
204612,101701,B012,Salary,Active,2024-07-01
204613,102678,B012,Savings,Active,2024-04-07
204614,104542,B007,Premium Savings,Active,2022-05-30
204615,104292,B016,Salary,Active,2024-04-17
204616,100399,B004,Current,Active,2025-01-15
204617,100446,B016,Savings,Active,2025-11-28
204618,101788,B002,Savings,Active,2023-08-22
204619,104044,B006,Salary,Active,2021-05-02
204620,103798,B009,Savings,Active,2025-05-09
204621,103093,B009,Salary,Active,2023-03-04
204622,104316,B013,Salary,Active,2024-03-20
204623,100912,B019,Salary,Active,2025-06-09
204624,103681,B016,Savings,Active,2022-04-20
204625,104847,B011,Salary,Active,2021-01-07
204626,104827,B002,Savings,Active,2025-10-28
204627,103557,B020,Salary,Active,2021-10-21
204628,103480,B007,Savings,Active,2023-01-05
204629,101119,B013,Savings,Active,2024-12-12
204630,103725,B017,Savings,Active,2024-10-29
204631,101237,B014,Salary,Active,2021-10-29
204632,102111,B003,Current,Active,2022-04-12
204633,100585,B006,Savings,Active,2024-06-10
204634,101511,B020,Savings,Active,2023-02-01
204635,100380,B016,Salary,Active,2023-07-08
204636,102310,B013,Savings,Closed,2024-09-09
204637,100362,B009,Savings,Active,2025-04-20
204638,103840,B019,Salary,Active,2024-06-24
204639,103279,B015,Savings,Active,2021-11-12
204640,103252,B015,Savings,Active,2025-09-10
204641,103517,B019,Savings,Active,2023-10-25
204642,103860,B020,Current,Active,2024-12-27
204643,103379,B018,Current,Active,2024-01-23
204644,103138,B014,Savings,Active,2022-08-15
204645,100914,B005,Savings,Active,2024-04-02
204646,103666,B006,Savings,Active,2025-04-25
204647,102436,B004,Savings,Closed,2025-02-14
204648,100779,B017,Savings,Active,2025-08-08
204649,102404,B007,Savings,Active,2021-04-10
204650,101619,B005,Current,Active,2025-10-08
204651,100995,B015,Savings,Active,2022-08-20
204652,102806,B012,Premium Savings,Active,2025-07-02
204653,104474,B005,Premium Savings,Closed,2023-08-21
204654,100083,B008,Savings,Active,2024-06-23
204655,100675,B010,Salary,Active,2024-11-28
204656,104562,B016,Current,Closed,2024-12-23
204657,103455,B001,Savings,Active,2022-08-07
204658,101198,B016,Savings,Active,2024-03-28
204659,101846,B002,Premium Savings,Active,2023-10-28
204660,100443,B018,Savings,Active,2022-08-07
204661,104218,B003,Current,Active,2021-03-10
204662,103322,B005,Current,Active,2025-01-29
204663,101161,B008,Savings,Active,2023-02-11
204664,100969,B020,Current,Active,2022-02-20
204665,103456,B008,Premium Savings,Active,2022-09-07
204666,102810,B017,Savings,Active,2023-02-27
204667,103746,B006,Savings,Active,2025-12-22
204668,101245,B008,Savings,Active,2022-09-19
204669,104973,B011,Salary,Active,2021-09-01
204670,100830,B003,Current,Active,2021-11-11
204671,100892,B001,Current,Active,2025-08-04
204672,103675,B007,Salary,Active,2024-12-29
204673,102825,B016,Premium Savings,Active,2021-01-07
204674,101942,B003,Savings,Active,2023-05-12
204675,103682,B017,Salary,Active,2022-05-07
204676,102873,B013,Savings,Dormant,2023-08-20
204677,102015,B006,Savings,Active,2024-01-01
204678,101081,B003,Savings,Active,2023-07-06
204679,103587,B012,Savings,Active,2023-06-08
204680,102763,B009,Salary,Active,2024-06-12
204681,104472,B003,Savings,Active,2024-07-23
204682,102107,B014,Current,Active,2021-11-18
204683,101328,B017,Savings,Active,2024-06-07
204684,100257,B010,Savings,Active,2023-07-03
204685,101355,B010,Premium Savings,Active,2023-01-17
204686,103634,B018,Salary,Closed,2022-04-20
204687,101435,B008,Current,Active,2023-10-07
204688,102762,B005,Savings,Active,2025-11-09
204689,101075,B017,Savings,Active,2023-05-02
204690,104637,B011,Premium Savings,Active,2021-04-20
204691,104510,B019,Savings,Active,2022-03-21
204692,104040,B019,Savings,Active,2025-08-22
204693,103667,B017,Salary,Closed,2025-01-03
204694,102856,B008,Premium Savings,Closed,2021-04-20
204695,100042,B015,Savings,Active,2025-01-09
204696,100216,B010,Salary,Active,2021-07-19
204697,102218,B016,Savings,Active,2022-07-03
204698,103760,B019,Salary,Active,2025-07-12
204699,100651,B015,Savings,Active,2024-03-28
204700,102746,B010,Salary,Active,2024-03-28
204701,104773,B020,Salary,Active,2022-01-27
204702,104176,B018,Premium Savings,Active,2022-08-16
204703,102759,B005,Current,Active,2021-06-20
204704,102889,B019,Salary,Active,2023-12-10
204705,100313,B010,Current,Active,2023-06-07
204706,100011,B006,Current,Dormant,2021-10-31
204707,101580,B006,Savings,Active,2022-06-17
204708,104075,B016,Salary,Active,2021-04-29
204709,100030,B008,Savings,Active,2021-04-27
204710,103997,B014,Current,Active,2021-03-31
204711,101288,B009,Current,Active,2022-08-13
204712,100498,B020,Salary,Active,2022-05-08
204713,100480,B003,Current,Active,2021-12-10
204714,103420,B012,Current,Active,2021-11-24
204715,100225,B008,Current,Active,2025-09-29
204716,102631,B016,Current,Active,2023-01-07
204717,104675,B019,Savings,Active,2023-08-06
204718,102950,B007,Salary,Active,2025-05-19
204719,101672,B019,Salary,Active,2025-12-26
204720,104447,B013,Current,Active,2022-11-22
204721,100365,B002,Savings,Active,2024-11-03
204722,101248,B016,Savings,Active,2022-12-29
204723,100858,B012,Salary,Active,2022-05-05
204724,100066,B020,Premium Savings,Active,2021-08-09
204725,104773,B010,Savings,Active,2022-09-28
204726,101043,B006,Premium Savings,Closed,2025-12-10
204727,100367,B004,Savings,Active,2021-11-05
204728,104576,B002,Premium Savings,Active,2021-09-23
204729,104811,B015,Premium Savings,Active,2022-04-12
204730,101058,B020,Current,Active,2022-09-10
204731,102010,B013,Premium Savings,Closed,2022-11-28
204732,103373,B013,Current,Active,2025-09-22
204733,102137,B001,Savings,Active,2025-08-25
204734,103949,B001,Salary,Active,2023-04-11
204735,101244,B010,Savings,Active,2025-06-08
204736,104067,B011,Savings,Closed,2022-09-10
204737,102793,B009,Savings,Active,2022-12-21
204738,100053,B019,Current,Active,2024-07-29
204739,103104,B007,Salary,Active,2025-05-04
204740,100048,B020,Salary,Active,2021-03-02
204741,104231,B006,Salary,Active,2023-12-10
204742,104946,B007,Salary,Active,2022-08-10
204743,100772,B006,Salary,Active,2022-12-15
204744,102638,B016,Premium Savings,Active,2023-11-25
204745,101684,B007,Savings,Active,2023-07-26
204746,100319,B010,Salary,Dormant,2025-12-14
204747,103389,B003,Savings,Active,2023-03-18
204748,100135,B008,Savings,Active,2025-11-01
204749,100121,B004,Savings,Active,2024-05-24
204750,104054,B016,Savings,Active,2024-02-17
204751,101411,B017,Premium Savings,Active,2023-09-04
204752,104525,B006,Savings,Active,2022-09-13
204753,102972,B020,Salary,Active,2023-12-07
204754,102623,B009,Savings,Active,2023-10-01
204755,102047,B017,Salary,Active,2021-07-14
204756,101859,B005,Savings,Active,2025-09-01
204757,101125,B018,Premium Savings,Active,2025-06-07
204758,103512,B003,Savings,Active,2024-05-02
204759,103031,B008,Salary,Active,2024-05-06
204760,100112,B008,Premium Savings,Active,2021-09-30
204761,101618,B004,Salary,Active,2023-12-26
204762,104495,B020,Salary,Active,2025-11-09
204763,102463,B006,Savings,Active,2021-08-13
204764,101281,B009,Savings,Active,2025-07-05
204765,101148,B001,Savings,Active,2022-10-04
204766,100955,B014,Savings,Active,2022-01-31
204767,104306,B004,Savings,Active,2025-07-04
204768,101554,B006,Salary,Active,2024-04-13
204769,101489,B019,Premium Savings,Active,2025-01-02
204770,100319,B018,Salary,Active,2025-05-22
204771,104448,B003,Salary,Active,2021-01-20
204772,101948,B013,Current,Active,2022-02-07
204773,103525,B015,Savings,Active,2022-03-08
204774,103574,B020,Salary,Active,2025-08-13
204775,101751,B005,Savings,Active,2023-08-19
204776,102492,B007,Savings,Dormant,2021-11-25
204777,100507,B005,Salary,Active,2024-06-28
204778,103340,B011,Savings,Active,2022-10-14
204779,103370,B013,Savings,Active,2023-11-20
204780,101069,B004,Savings,Active,2025-09-18
204781,100978,B001,Salary,Active,2022-05-08
204782,101990,B003,Savings,Closed,2025-09-24
204783,103462,B005,Current,Active,2024-09-17
204784,102598,B012,Savings,Active,2021-02-12
204785,100309,B005,Salary,Dormant,2022-12-21
204786,102863,B017,Salary,Dormant,2025-05-01
204787,103536,B013,Savings,Active,2025-04-13
204788,100932,B004,Salary,Active,2024-06-20
204789,102224,B020,Savings,Active,2024-06-14
204790,104039,B015,Savings,Active,2025-05-10
204791,101624,B018,Savings,Active,2021-09-17
204792,100452,B014,Savings,Active,2023-04-23
204793,104627,B014,Premium Savings,Active,2022-10-03
204794,100492,B010,Salary,Active,2025-11-27
204795,100308,B014,Salary,Active,2024-10-31
204796,101249,B016,Savings,Active,2024-09-27
204797,103758,B020,Salary,Active,2021-06-24
204798,103272,B012,Current,Closed,2024-10-17
204799,101177,B016,Savings,Active,2025-03-06
204800,100386,B019,Salary,Active,2023-02-19
204801,104772,B013,Salary,Closed,2025-04-25
204802,100039,B016,Premium Savings,Active,2022-12-17
204803,104623,B004,Premium Savings,Active,2024-04-07
204804,102361,B018,Savings,Active,2022-01-11
204805,100972,B020,Salary,Active,2023-07-22
204806,101734,B008,Premium Savings,Active,2021-04-17
204807,101553,B018,Salary,Active,2021-08-06
204808,100784,B017,Savings,Dormant,2025-07-04
204809,102160,B005,Savings,Active,2024-07-04
204810,103280,B020,Savings,Active,2023-12-15
204811,102364,B012,Savings,Active,2023-01-09
204812,103208,B004,Premium Savings,Active,2023-10-16
204813,104852,B003,Premium Savings,Active,2024-07-12
204814,100610,B011,Premium Savings,Active,2022-09-09
204815,103695,B011,Savings,Active,2022-08-14
204816,101150,B018,Current,Active,2024-09-11
204817,100096,B011,Current,Active,2023-09-13
204818,101825,B008,Current,Active,2023-01-13
204819,101968,B007,Savings,Active,2023-03-27
204820,104951,B011,Premium Savings,Active,2025-01-17
204821,101722,B006,Salary,Active,2023-08-03
204822,103843,B015,Salary,Active,2021-05-26
204823,104676,B003,Savings,Active,2025-02-21
204824,101686,B017,Savings,Active,2022-03-28
204825,100896,B005,Current,Active,2021-05-16
204826,104828,B004,Current,Active,2022-06-02
204827,102291,B020,Salary,Active,2021-08-06
204828,102275,B008,Savings,Active,2021-02-12
204829,103644,B014,Savings,Active,2024-06-30
204830,101902,B008,Salary,Active,2024-04-25
204831,102708,B020,Current,Active,2022-07-17
204832,104722,B004,Current,Active,2024-07-04
204833,100244,B010,Salary,Active,2021-03-11
204834,103681,B002,Salary,Active,2023-01-25
204835,101985,B012,Salary,Active,2023-11-17
204836,102740,B015,Savings,Closed,2024-12-22
204837,104551,B010,Current,Active,2022-05-14
204838,103004,B018,Savings,Active,2025-10-07
204839,102095,B016,Current,Active,2022-11-12
204840,104865,B020,Current,Active,2024-09-06
204841,103027,B020,Savings,Active,2021-11-24
204842,100765,B020,Savings,Dormant,2024-05-13
204843,100445,B009,Savings,Active,2023-10-22
204844,101736,B020,Current,Closed,2023-04-01
204845,103591,B014,Savings,Active,2022-04-08
204846,102106,B002,Salary,Active,2023-10-08
204847,100844,B002,Savings,Active,2023-01-20
204848,104924,B008,Current,Active,2022-06-10
204849,100991,B012,Salary,Active,2023-08-18
204850,100421,B002,Salary,Active,2022-03-22
204851,101907,B012,Savings,Active,2024-04-08
204852,100559,B014,Savings,Active,2021-02-17
204853,102962,B014,Savings,Closed,2022-03-23
204854,102177,B020,Savings,Active,2023-05-28
204855,104633,B008,Savings,Active,2021-08-22
204856,100847,B001,Current,Active,2022-02-15
204857,101345,B020,Current,Active,2023-02-15
204858,103425,B011,Savings,Active,2023-05-03
204859,103490,B013,Salary,Active,2022-09-15
204860,101804,B011,Savings,Active,2025-01-22
204861,104609,B010,Salary,Active,2023-07-22
204862,104232,B004,Current,Active,2022-11-02
204863,103059,B012,Current,Active,2023-07-27
204864,103744,B017,Savings,Active,2022-08-11
204865,102679,B003,Current,Active,2021-04-03
204866,102355,B008,Savings,Active,2023-03-27
204867,102729,B019,Premium Savings,Active,2022-10-24
204868,104225,B009,Savings,Active,2023-06-24
204869,100082,B004,Savings,Active,2023-07-29
204870,100505,B020,Salary,Active,2022-05-13
204871,102374,B003,Current,Dormant,2023-04-10
204872,102906,B005,Current,Active,2023-12-31
204873,100899,B010,Premium Savings,Active,2022-03-17
204874,103026,B008,Savings,Active,2021-02-22
204875,100123,B009,Savings,Active,2021-12-05
204876,101231,B016,Premium Savings,Active,2023-06-07
204877,102300,B012,Savings,Active,2024-06-14
204878,100249,B010,Salary,Active,2024-03-30
204879,103169,B015,Savings,Active,2024-11-13
204880,102676,B013,Savings,Active,2023-05-01
204881,102827,B013,Savings,Active,2025-05-22
204882,102569,B010,Salary,Active,2025-11-21
204883,103457,B012,Savings,Active,2021-02-01
204884,103269,B006,Savings,Active,2021-10-10
204885,103301,B009,Savings,Closed,2022-12-30
204886,101065,B004,Savings,Active,2023-04-07
204887,103437,B002,Savings,Active,2022-01-11
204888,100899,B018,Salary,Closed,2022-06-17
204889,100108,B017,Salary,Active,2021-03-24
204890,104890,B006,Savings,Active,2025-07-07
204891,100894,B010,Savings,Dormant,2024-12-06
204892,100569,B020,Savings,Active,2021-11-24
204893,101516,B011,Savings,Active,2023-01-02
204894,104998,B001,Savings,Dormant,2023-08-10
204895,104322,B012,Premium Savings,Active,2023-03-26
204896,103600,B018,Savings,Active,2023-02-14
204897,100941,B005,Savings,Active,2023-10-05
204898,103147,B019,Salary,Dormant,2025-08-01
204899,104165,B016,Savings,Active,2023-08-17
204900,101699,B002,Salary,Dormant,2023-10-15
204901,101297,B020,Salary,Active,2022-04-19
204902,104340,B013,Savings,Active,2023-04-30
204903,100658,B005,Salary,Active,2024-05-17
204904,104551,B016,Savings,Active,2023-12-07
204905,102396,B017,Savings,Active,2023-06-07
204906,103610,B013,Salary,Active,2024-07-22
204907,101861,B020,Salary,Active,2022-02-03
204908,103550,B018,Savings,Active,2021-02-28
204909,104625,B007,Savings,Active,2022-07-24
204910,102466,B003,Salary,Active,2022-03-27
204911,101061,B017,Salary,Active,2025-07-25
204912,100390,B019,Current,Active,2022-03-07
204913,104629,B006,Current,Active,2025-07-21
204914,104996,B012,Current,Active,2023-01-29
204915,103256,B011,Current,Dormant,2024-07-28
204916,100078,B007,Savings,Active,2023-11-18
204917,104425,B011,Savings,Active,2021-01-10
204918,102477,B011,Current,Active,2025-07-30
204919,101169,B020,Salary,Active,2023-05-18
204920,101836,B007,Salary,Active,2023-10-30
204921,104710,B003,Current,Active,2022-04-27
204922,103881,B010,Current,Active,2021-11-28
204923,102985,B003,Savings,Dormant,2021-03-13
204924,103679,B004,Salary,Closed,2023-08-18
204925,104239,B013,Premium Savings,Active,2022-07-25
204926,103141,B017,Salary,Active,2023-02-22
204927,101569,B003,Salary,Active,2025-11-27
204928,100374,B008,Salary,Active,2024-03-24
204929,100616,B004,Savings,Active,2024-09-07
204930,101185,B010,Current,Closed,2024-03-08
204931,103843,B012,Current,Active,2021-11-16
204932,100471,B019,Current,Active,2024-04-19
204933,100636,B018,Salary,Active,2025-06-08
204934,104895,B019,Savings,Active,2025-12-26
204935,102002,B009,Savings,Active,2021-03-28
204936,100639,B016,Savings,Active,2021-02-20
204937,104363,B006,Savings,Active,2025-11-22
204938,104836,B001,Savings,Active,2024-10-23
204939,102521,B019,Savings,Active,2021-01-30
204940,100564,B019,Savings,Active,2025-04-10
204941,103138,B004,Savings,Active,2025-09-13
204942,104312,B004,Current,Active,2022-03-24
204943,104828,B019,Current,Active,2022-01-26
204944,102874,B009,Savings,Active,2024-10-14
204945,104722,B016,Premium Savings,Active,2022-07-07
204946,104159,B019,Savings,Active,2021-07-11
204947,100807,B011,Salary,Active,2024-06-22
204948,103171,B002,Salary,Active,2023-09-18
204949,103329,B013,Salary,Active,2022-05-21
204950,103845,B003,Current,Active,2022-08-12
204951,102657,B014,Savings,Dormant,2023-05-07
204952,103655,B012,Salary,Active,2022-02-21
204953,102922,B009,Current,Active,2021-04-06
204954,101301,B010,Salary,Closed,2024-03-27
204955,102421,B020,Savings,Active,2022-06-18
204956,104676,B008,Premium Savings,Active,2023-01-05
204957,104214,B017,Premium Savings,Active,2022-07-19
204958,103219,B017,Salary,Active,2021-10-31
204959,101610,B020,Premium Savings,Active,2023-09-20
204960,101011,B018,Savings,Active,2024-01-13
204961,101428,B013,Savings,Active,2023-07-04
204962,101531,B020,Current,Active,2023-07-14
204963,104809,B015,Current,Active,2024-07-28
204964,102666,B003,Current,Active,2021-03-19
204965,101955,B002,Savings,Active,2024-11-13
204966,104410,B014,Current,Active,2025-02-06
204967,101845,B011,Savings,Active,2021-10-05
204968,103984,B018,Salary,Active,2025-12-06
204969,103208,B011,Salary,Closed,2023-04-14
204970,101511,B005,Savings,Active,2022-09-17
204971,104805,B018,Salary,Active,2022-06-26
204972,103443,B010,Savings,Active,2025-12-07
204973,104949,B020,Current,Active,2023-09-30
204974,100009,B001,Premium Savings,Active,2025-12-23
204975,101405,B001,Savings,Active,2024-08-01
204976,101664,B003,Savings,Active,2023-04-28
204977,103372,B020,Premium Savings,Active,2021-02-22
204978,104198,B003,Savings,Active,2025-08-08
204979,100608,B015,Savings,Active,2022-02-20
204980,100757,B015,Savings,Active,2024-11-28
204981,103375,B018,Savings,Active,2021-08-22
204982,101767,B013,Savings,Active,2025-03-03
204983,103494,B001,Salary,Active,2021-02-19
204984,100006,B001,Current,Active,2021-08-12
204985,102617,B001,Savings,Active,2022-06-27
204986,100116,B012,Salary,Active,2024-11-25
204987,104757,B009,Savings,Active,2025-12-25
204988,100731,B002,Savings,Active,2022-03-08
204989,100890,B001,Premium Savings,Dormant,2023-11-18
204990,100510,B005,Salary,Active,2024-09-26
204991,101103,B010,Current,Active,2025-06-14
204992,102449,B019,Current,Active,2022-03-07
204993,103088,B017,Salary,Active,2021-07-23
204994,104501,B009,Current,Active,2024-12-01
204995,104390,B006,Savings,Active,2021-03-03
204996,100424,B016,Savings,Active,2025-06-20
204997,102139,B019,Savings,Active,2023-01-04
204998,104350,B007,Premium Savings,Active,2023-07-05
204999,100828,B010,Current,Active,2023-06-25
205000,103341,B003,Savings,Active,2023-03-02
205001,102134,B003,Savings,Active,2021-01-23
205002,100845,B018,Salary,Active,2021-09-23
205003,100309,B005,Savings,Active,2022-10-07
205004,101449,B004,Salary,Active,2022-03-07
205005,100005,B007,Salary,Active,2025-01-29
205006,100971,B007,Salary,Active,2025-12-16
205007,102743,B005,Savings,Active,2022-01-11
205008,103947,B015,Salary,Active,2024-08-26
205009,102527,B012,Savings,Active,2023-07-13
205010,103626,B012,Premium Savings,Active,2024-11-04
205011,100371,B020,Savings,Active,2024-10-24
205012,101523,B019,Current,Active,2025-01-25
205013,103294,B006,Current,Active,2025-10-22
205014,100272,B020,Salary,Active,2023-12-02
205015,102920,B014,Savings,Active,2025-08-14
205016,100844,B003,Savings,Active,2023-03-17
205017,102098,B007,Salary,Active,2021-03-30
205018,103150,B005,Savings,Active,2022-09-28
205019,104933,B016,Savings,Active,2024-06-18
205020,100452,B013,Savings,Active,2021-02-19
205021,102753,B016,Premium Savings,Dormant,2025-02-18
205022,102683,B003,Current,Active,2025-01-17
205023,100318,B011,Salary,Dormant,2022-02-28
205024,103065,B011,Salary,Active,2025-04-28
205025,100378,B014,Salary,Active,2024-11-16
205026,103439,B008,Savings,Active,2022-09-18
205027,101039,B002,Savings,Active,2025-08-15
205028,100627,B018,Salary,Active,2023-07-29
205029,100359,B009,Current,Active,2023-03-26
205030,102299,B019,Savings,Active,2023-11-21
205031,101181,B009,Salary,Active,2025-12-04
205032,102317,B006,Savings,Active,2024-04-14
205033,104479,B010,Savings,Active,2023-07-27
205034,104177,B002,Current,Active,2024-04-01
205035,103753,B012,Premium Savings,Active,2024-09-06
205036,102344,B020,Savings,Active,2021-12-26
205037,100562,B006,Savings,Active,2023-08-27
205038,102034,B003,Current,Closed,2024-06-07
205039,100110,B003,Premium Savings,Active,2021-12-17
205040,100618,B004,Savings,Active,2024-10-05
205041,101509,B008,Savings,Active,2021-01-20
205042,103473,B006,Premium Savings,Active,2021-02-01
205043,103942,B015,Salary,Active,2022-12-16
205044,103099,B007,Savings,Active,2024-02-02
205045,101290,B008,Savings,Active,2021-08-05
205046,103585,B003,Current,Active,2023-01-31
205047,104983,B012,Savings,Active,2021-12-05
205048,103282,B007,Savings,Closed,2025-06-04
205049,103809,B015,Savings,Active,2024-08-31
205050,104377,B001,Premium Savings,Active,2025-09-19
205051,103578,B013,Salary,Active,2022-11-10
205052,104387,B017,Current,Active,2023-12-02
205053,101481,B015,Savings,Dormant,2022-10-17
205054,101539,B006,Savings,Active,2022-12-31
205055,100873,B014,Premium Savings,Active,2023-09-27
205056,100913,B017,Current,Active,2025-09-08
205057,102765,B011,Savings,Dormant,2025-05-10
205058,104633,B013,Salary,Active,2022-05-08
205059,101109,B017,Savings,Active,2022-07-17
205060,103566,B010,Savings,Active,2023-06-18
205061,100389,B003,Savings,Active,2024-10-18
205062,104855,B020,Salary,Active,2022-10-07
205063,102630,B007,Salary,Active,2021-05-02
205064,102485,B008,Current,Active,2021-10-08
205065,101800,B013,Savings,Active,2022-12-30
205066,104812,B004,Salary,Active,2025-06-21
205067,102098,B007,Savings,Active,2024-06-20
205068,100614,B012,Savings,Active,2022-04-03
205069,102820,B015,Salary,Closed,2023-12-18
205070,102952,B003,Salary,Active,2024-12-22
205071,103731,B017,Savings,Active,2022-05-26
205072,102484,B006,Savings,Active,2024-10-06
205073,101400,B019,Salary,Active,2024-03-21
205074,100014,B019,Savings,Active,2024-05-01
205075,104933,B015,Current,Active,2021-08-31
205076,100965,B018,Salary,Active,2021-07-18
205077,101755,B004,Current,Active,2023-04-12
205078,100768,B010,Savings,Active,2023-01-02
205079,101178,B003,Salary,Active,2022-07-16
205080,100305,B010,Premium Savings,Active,2025-08-19
205081,101702,B012,Salary,Active,2022-03-27
205082,104741,B012,Savings,Active,2022-10-30
205083,101119,B002,Premium Savings,Active,2021-03-30
205084,104827,B002,Savings,Active,2021-02-07
205085,103170,B020,Savings,Active,2022-08-19
205086,104459,B006,Savings,Active,2024-08-17
205087,103103,B010,Savings,Active,2023-12-25
205088,104945,B012,Savings,Active,2024-06-08
205089,102759,B004,Salary,Active,2024-10-02
205090,104154,B007,Savings,Active,2023-11-25
205091,100186,B013,Savings,Active,2023-03-28
205092,104661,B005,Salary,Active,2022-10-25
205093,100092,B016,Savings,Active,2021-03-14
205094,100989,B013,Current,Active,2022-08-13
205095,103693,B020,Premium Savings,Active,2023-06-30
205096,101285,B012,Savings,Active,2022-02-23
205097,100210,B017,Savings,Active,2021-09-18
205098,104311,B007,Savings,Active,2023-12-16
205099,102564,B014,Salary,Active,2023-05-31
205100,102398,B019,Savings,Active,2025-12-23
205101,101581,B017,Premium Savings,Active,2025-02-04
205102,103585,B016,Salary,Active,2024-11-30
205103,101573,B010,Current,Active,2023-06-29
205104,102810,B012,Premium Savings,Active,2024-04-10
205105,100652,B012,Savings,Active,2025-06-03
205106,101529,B005,Salary,Active,2023-11-06
205107,100141,B006,Salary,Active,2022-04-09
205108,101425,B013,Salary,Active,2024-07-11
205109,101905,B013,Current,Active,2021-08-07
205110,103741,B014,Savings,Active,2023-07-05
205111,104112,B013,Salary,Active,2025-04-10
205112,102661,B012,Current,Active,2025-03-27
205113,104629,B011,Salary,Active,2024-11-14
205114,101797,B013,Salary,Active,2023-11-28
205115,102471,B008,Current,Active,2022-09-27
205116,103086,B004,Premium Savings,Active,2022-03-28
205117,100885,B014,Savings,Active,2023-07-01
205118,102100,B007,Savings,Active,2023-10-26
205119,104500,B016,Savings,Active,2022-08-07
205120,102376,B018,Savings,Active,2022-03-24
205121,104656,B008,Current,Active,2024-11-04
205122,103390,B003,Savings,Active,2023-09-05
205123,100850,B001,Salary,Active,2023-06-03
205124,102290,B012,Premium Savings,Active,2025-01-08
205125,101832,B018,Salary,Active,2025-11-05
205126,104750,B018,Savings,Active,2024-08-20
205127,101680,B018,Premium Savings,Active,2024-11-25
205128,102426,B001,Salary,Active,2022-05-09
205129,103452,B002,Salary,Dormant,2025-04-19
205130,104810,B020,Savings,Active,2024-08-23
205131,102732,B014,Salary,Active,2023-10-22
205132,104239,B018,Savings,Closed,2021-08-14
205133,100586,B020,Savings,Active,2023-08-09
205134,104455,B015,Savings,Active,2024-03-23
205135,101038,B009,Salary,Active,2021-12-30
205136,103817,B015,Savings,Active,2022-07-29
205137,102671,B013,Savings,Active,2024-11-29
205138,103023,B018,Current,Closed,2024-02-01
205139,100464,B018,Savings,Active,2022-03-11
205140,102664,B004,Savings,Active,2025-04-23
205141,100433,B018,Salary,Active,2025-03-22
205142,102759,B014,Salary,Active,2021-09-02
205143,102033,B015,Salary,Active,2021-05-01
205144,101008,B007,Salary,Active,2024-06-25
205145,102456,B010,Savings,Active,2021-05-15
205146,101072,B018,Savings,Active,2024-06-01
205147,100414,B003,Current,Active,2023-09-12
205148,100171,B011,Premium Savings,Active,2024-10-13
205149,101707,B020,Savings,Active,2021-02-27
205150,103728,B016,Savings,Active,2025-11-04
205151,102883,B003,Salary,Active,2021-06-18
205152,100625,B004,Current,Active,2023-06-01
205153,102220,B011,Savings,Active,2025-01-22
205154,102911,B005,Salary,Active,2021-09-06
205155,101170,B018,Current,Active,2024-09-30
205156,100690,B017,Premium Savings,Active,2024-06-24
205157,101245,B020,Savings,Active,2025-05-21
205158,100333,B008,Savings,Active,2023-09-23
205159,101212,B006,Savings,Active,2022-07-19
205160,102668,B011,Savings,Active,2025-01-21
205161,104008,B003,Savings,Active,2021-10-07
205162,104366,B015,Savings,Active,2024-12-18
205163,103366,B018,Savings,Dormant,2021-10-30
205164,101781,B004,Current,Active,2024-08-30
205165,104670,B004,Savings,Dormant,2021-03-17
205166,104597,B007,Savings,Active,2022-12-26
205167,101790,B017,Savings,Active,2025-05-31
205168,100052,B007,Savings,Active,2023-05-19
205169,102169,B015,Savings,Active,2021-02-20
205170,102329,B019,Premium Savings,Closed,2025-07-30
205171,103385,B009,Savings,Active,2023-12-29
205172,100734,B003,Salary,Active,2023-03-07
205173,102724,B019,Savings,Active,2025-06-06
205174,101579,B008,Savings,Active,2023-12-07
205175,102478,B012,Savings,Active,2023-12-29
205176,100119,B020,Savings,Active,2024-06-01
205177,102642,B018,Salary,Active,2021-11-15
205178,100177,B017,Salary,Active,2021-07-31
205179,104267,B008,Current,Active,2024-01-14
205180,103565,B014,Savings,Active,2024-11-05
205181,104604,B007,Salary,Active,2025-10-20
205182,103273,B011,Current,Active,2021-01-28
205183,104895,B007,Savings,Active,2021-05-21
205184,101042,B017,Savings,Active,2025-11-28
205185,100031,B016,Current,Active,2021-11-13
205186,104506,B019,Savings,Active,2023-11-04
205187,103299,B006,Current,Active,2023-05-12
205188,103440,B019,Savings,Active,2021-11-03
205189,101451,B005,Current,Active,2024-11-03
205190,101681,B013,Current,Active,2024-12-02
205191,103395,B004,Savings,Active,2022-05-29
205192,102039,B015,Savings,Active,2025-03-22
205193,100381,B016,Current,Active,2024-01-10
205194,101463,B016,Current,Active,2022-01-09
205195,101922,B006,Savings,Active,2022-05-03
205196,104153,B017,Savings,Active,2021-03-17
205197,101720,B004,Savings,Active,2023-10-27
205198,102470,B015,Savings,Active,2023-08-16
205199,102990,B010,Current,Active,2021-11-25
205200,100677,B004,Savings,Active,2024-03-15
205201,102911,B020,Savings,Active,2022-07-09
205202,101009,B016,Savings,Active,2021-11-04
205203,104391,B003,Savings,Active,2021-12-03
205204,101483,B008,Savings,Active,2023-10-22
205205,101523,B015,Premium Savings,Active,2025-08-17
205206,102016,B004,Current,Active,2023-08-19
205207,101803,B010,Current,Active,2024-02-07
205208,102964,B003,Savings,Active,2025-04-26
205209,103615,B001,Premium Savings,Active,2024-04-03
205210,104821,B005,Current,Active,2025-01-28
205211,104441,B015,Savings,Active,2023-09-08
205212,101310,B011,Salary,Active,2021-08-29
205213,103020,B007,Savings,Active,2024-04-18
205214,101643,B005,Premium Savings,Active,2024-07-14
205215,104028,B017,Savings,Active,2023-03-28
205216,100120,B014,Salary,Active,2023-07-07
205217,104975,B018,Premium Savings,Active,2021-06-19
205218,101863,B020,Current,Active,2023-05-01
205219,103723,B013,Salary,Active,2025-08-11
205220,103376,B001,Savings,Active,2021-10-24
205221,101836,B019,Current,Active,2024-03-14
205222,104816,B003,Savings,Active,2024-09-26
205223,101336,B015,Savings,Dormant,2024-07-28
205224,103701,B005,Savings,Active,2025-05-04
205225,104644,B016,Current,Dormant,2021-12-31
205226,100590,B017,Current,Active,2022-01-11
205227,104586,B016,Savings,Active,2022-09-04
205228,104451,B006,Savings,Active,2021-02-23
205229,101899,B013,Savings,Active,2021-01-11
205230,104194,B004,Current,Closed,2024-01-17
205231,100032,B018,Savings,Active,2022-06-29
205232,100946,B004,Savings,Active,2025-11-26
205233,103763,B017,Premium Savings,Active,2025-04-10
205234,104672,B003,Premium Savings,Active,2024-05-23
205235,100631,B006,Current,Active,2025-02-05
205236,103571,B015,Savings,Active,2022-04-07
205237,100515,B020,Current,Active,2024-07-02
205238,103915,B015,Current,Active,2025-05-12
205239,104482,B007,Savings,Active,2021-10-16
205240,102296,B007,Premium Savings,Active,2023-09-09
205241,100504,B013,Savings,Closed,2025-12-12
205242,101004,B009,Savings,Active,2023-07-20
205243,102536,B005,Current,Closed,2025-01-30
205244,103996,B013,Salary,Active,2021-04-15
205245,102598,B009,Salary,Active,2022-09-24
205246,102388,B020,Savings,Closed,2021-04-21
205247,103002,B001,Salary,Active,2024-07-31
205248,104838,B015,Salary,Dormant,2023-11-24
205249,103948,B016,Salary,Active,2021-12-25
205250,100767,B017,Savings,Active,2025-01-12
205251,100983,B015,Current,Active,2023-09-16
205252,101778,B020,Salary,Active,2024-10-06
205253,101356,B007,Savings,Active,2024-07-25
205254,103678,B008,Current,Active,2025-09-13
205255,104962,B019,Salary,Active,2022-02-24
205256,102862,B002,Current,Active,2023-07-07
205257,104452,B017,Savings,Closed,2021-10-23
205258,102167,B015,Savings,Active,2024-02-07
205259,103441,B012,Current,Active,2022-10-26
205260,103509,B003,Savings,Active,2024-02-19
205261,101469,B013,Savings,Active,2021-05-17
205262,103667,B009,Savings,Dormant,2022-11-25
205263,102677,B002,Savings,Dormant,2023-04-24
205264,102887,B015,Current,Active,2021-01-06
205265,101261,B017,Premium Savings,Active,2021-09-01
205266,101596,B012,Savings,Active,2025-03-11
205267,104290,B004,Savings,Active,2023-06-11
205268,103094,B008,Savings,Active,2021-05-03
205269,100652,B011,Current,Active,2021-09-13
205270,102727,B011,Savings,Active,2025-10-17
205271,103093,B012,Salary,Active,2021-11-08
205272,103989,B005,Current,Active,2025-03-21
205273,104265,B016,Savings,Active,2022-03-26
205274,103268,B002,Savings,Active,2021-07-09
205275,100063,B020,Current,Active,2025-03-11
205276,102484,B009,Savings,Active,2021-08-11
205277,101034,B017,Savings,Active,2025-01-29
205278,100094,B002,Savings,Active,2024-09-07
205279,104618,B014,Current,Dormant,2025-12-12
205280,100835,B020,Current,Active,2023-09-20
205281,101229,B020,Salary,Active,2025-08-22
205282,101683,B009,Savings,Closed,2024-03-30
205283,102328,B008,Salary,Active,2021-02-03
205284,103007,B018,Current,Active,2022-06-14
205285,101552,B013,Salary,Closed,2021-01-27
205286,103962,B020,Current,Active,2025-06-01
205287,100789,B005,Salary,Active,2023-01-13
205288,104800,B009,Salary,Active,2023-09-18
205289,104280,B007,Savings,Active,2025-01-07
205290,103000,B009,Savings,Active,2023-10-29
205291,100244,B018,Premium Savings,Active,2025-08-11
205292,103645,B018,Savings,Active,2025-12-13
205293,103522,B012,Salary,Active,2022-01-04
205294,103108,B001,Salary,Active,2024-11-09
205295,101401,B009,Savings,Active,2021-12-12
205296,102152,B010,Salary,Active,2024-06-11
205297,102076,B015,Savings,Active,2023-09-09
205298,103049,B006,Savings,Active,2025-05-01
205299,101656,B012,Salary,Active,2021-11-24
205300,102004,B016,Salary,Active,2025-12-14
205301,104540,B012,Savings,Active,2023-07-15
205302,102269,B017,Savings,Active,2025-01-22
205303,102973,B006,Current,Active,2025-01-22
205304,104556,B013,Salary,Active,2025-01-11
205305,104725,B010,Current,Active,2022-03-20
205306,102820,B009,Savings,Dormant,2021-12-16
205307,101326,B009,Savings,Active,2021-06-17
205308,100503,B012,Current,Active,2025-05-13
205309,104300,B011,Savings,Active,2024-01-13
205310,102619,B012,Salary,Active,2025-05-28
205311,102832,B020,Savings,Active,2022-09-06
205312,104767,B013,Current,Active,2023-12-26
205313,101857,B011,Salary,Active,2021-04-14
205314,100501,B019,Current,Active,2024-04-02
205315,103368,B005,Salary,Active,2025-07-05
205316,104856,B005,Savings,Active,2024-02-13
205317,100850,B003,Savings,Active,2025-04-02
205318,104939,B005,Salary,Dormant,2023-09-22
205319,102706,B002,Salary,Active,2023-03-09
205320,102804,B004,Current,Active,2021-12-01
205321,104799,B014,Savings,Active,2022-03-20
205322,101663,B014,Savings,Active,2024-04-15
205323,103727,B013,Salary,Active,2022-12-29
205324,100044,B019,Current,Active,2022-11-24
205325,103357,B018,Savings,Closed,2023-10-17
205326,100078,B007,Current,Active,2023-09-07
205327,100021,B004,Savings,Dormant,2025-01-05
205328,101941,B009,Savings,Active,2025-07-03
205329,101864,B019,Premium Savings,Active,2021-08-20
205330,103916,B020,Current,Active,2021-07-19
205331,104458,B005,Savings,Closed,2025-02-14
205332,104712,B003,Salary,Active,2025-10-10
205333,103117,B015,Premium Savings,Active,2023-09-10
205334,100774,B018,Salary,Active,2023-11-03
205335,103354,B020,Salary,Active,2024-08-13
205336,102439,B020,Premium Savings,Closed,2025-09-30
205337,102647,B006,Savings,Active,2022-10-15
205338,102509,B016,Salary,Active,2022-01-02
205339,104415,B014,Savings,Active,2025-01-31
205340,101902,B007,Savings,Active,2021-04-10
205341,104822,B001,Savings,Active,2021-07-08
205342,102700,B014,Savings,Active,2024-02-08
205343,103440,B008,Salary,Active,2022-07-31
205344,104626,B006,Salary,Active,2023-08-20
205345,104073,B001,Savings,Active,2023-06-30
205346,102193,B003,Salary,Active,2024-09-03
205347,101022,B004,Salary,Active,2021-11-09
205348,100689,B003,Savings,Active,2024-01-03
205349,101819,B019,Salary,Active,2024-09-29
205350,103328,B001,Savings,Closed,2023-07-28
205351,103993,B008,Savings,Active,2022-07-17
205352,100157,B020,Current,Active,2025-07-06
205353,102311,B003,Salary,Active,2021-08-27
205354,104701,B014,Savings,Active,2022-08-14
205355,104111,B006,Savings,Active,2023-10-01
205356,104700,B007,Current,Active,2022-05-11
205357,104785,B009,Salary,Active,2024-04-04
205358,100461,B012,Premium Savings,Active,2025-01-07
205359,103406,B016,Savings,Active,2023-08-26
205360,102755,B013,Salary,Active,2022-10-04
205361,102387,B001,Current,Active,2024-01-07
205362,103987,B004,Savings,Active,2023-10-25
205363,104673,B013,Current,Active,2025-01-22
205364,102323,B006,Savings,Closed,2024-01-26
205365,103244,B002,Salary,Active,2021-01-12
205366,102394,B011,Savings,Dormant,2022-06-22
205367,103179,B007,Savings,Active,2022-10-28
205368,104852,B017,Premium Savings,Active,2022-10-12
205369,104058,B018,Salary,Active,2025-04-19
205370,101153,B003,Savings,Active,2021-03-16
205371,104335,B016,Salary,Active,2024-09-19
205372,102632,B018,Premium Savings,Active,2022-05-26
205373,102922,B013,Savings,Active,2023-10-03
205374,100575,B013,Current,Active,2022-08-19
205375,102225,B010,Savings,Active,2021-05-08
205376,101513,B010,Salary,Active,2021-01-31
205377,100440,B002,Savings,Dormant,2022-12-16
205378,104255,B003,Salary,Active,2025-02-11
205379,100646,B014,Savings,Active,2022-09-26
205380,103583,B011,Savings,Active,2025-06-04
205381,103726,B004,Salary,Active,2025-07-31
205382,103061,B008,Savings,Active,2021-11-20
205383,104202,B013,Premium Savings,Active,2025-03-03
205384,100570,B004,Savings,Active,2024-01-10
205385,100081,B005,Current,Active,2023-10-15
205386,104254,B018,Salary,Active,2023-03-18
205387,100917,B010,Savings,Active,2025-10-06
205388,101491,B010,Current,Dormant,2021-08-22
205389,103450,B002,Current,Active,2021-01-11
205390,102675,B002,Current,Active,2021-02-15
205391,101005,B013,Salary,Active,2025-06-03
205392,101168,B007,Savings,Active,2024-04-25
205393,104181,B006,Savings,Dormant,2023-07-21
205394,102604,B004,Savings,Active,2021-05-26
205395,104613,B016,Premium Savings,Dormant,2021-09-01
205396,102811,B019,Savings,Active,2025-06-15
205397,103318,B006,Savings,Active,2025-05-13
205398,101703,B005,Savings,Active,2024-12-12
205399,100150,B016,Salary,Active,2025-05-19
205400,102530,B011,Current,Active,2024-08-14
205401,103652,B016,Savings,Active,2024-10-09
205402,102031,B015,Salary,Closed,2025-03-19
205403,104301,B016,Premium Savings,Active,2023-04-06
205404,103488,B004,Salary,Active,2021-07-14
205405,102532,B011,Current,Closed,2021-08-05
205406,102720,B009,Savings,Active,2024-02-19
205407,101137,B018,Savings,Active,2021-12-20
205408,104391,B014,Savings,Active,2022-01-12
205409,100298,B015,Current,Active,2025-05-31
205410,100249,B018,Savings,Active,2023-08-07
205411,103921,B014,Savings,Active,2023-05-13
205412,100134,B014,Current,Closed,2022-10-17
205413,102547,B011,Salary,Dormant,2022-05-05
205414,100943,B002,Savings,Active,2021-08-12
205415,103406,B015,Salary,Active,2025-09-08
205416,100593,B007,Savings,Active,2024-09-02
205417,101324,B003,Current,Active,2025-04-19
205418,102630,B008,Premium Savings,Active,2022-07-05
205419,101889,B007,Savings,Active,2021-07-12
205420,101001,B008,Salary,Active,2021-08-13
205421,100312,B006,Salary,Active,2025-11-17
205422,100081,B019,Premium Savings,Active,2025-05-24
205423,100960,B018,Savings,Active,2025-08-24
205424,101414,B001,Savings,Active,2021-09-03
205425,100600,B010,Savings,Active,2023-02-02
205426,102547,B007,Salary,Dormant,2022-01-10
205427,104429,B017,Savings,Active,2023-12-01
205428,103572,B010,Savings,Active,2021-02-13
205429,101536,B013,Premium Savings,Active,2022-12-23
205430,102192,B002,Savings,Active,2023-08-05
205431,103848,B015,Savings,Active,2022-05-13
205432,104814,B010,Salary,Active,2025-02-15
205433,102757,B018,Savings,Active,2021-05-15
205434,100998,B003,Current,Active,2025-04-03
205435,104338,B007,Savings,Active,2021-01-19
205436,102571,B017,Savings,Active,2024-09-19
205437,100149,B005,Savings,Active,2024-04-26
205438,101266,B006,Salary,Active,2023-05-11
205439,102664,B007,Savings,Active,2021-03-29
205440,104034,B011,Savings,Closed,2025-06-12
205441,104261,B002,Premium Savings,Active,2025-07-21
205442,100939,B013,Salary,Active,2024-11-01
205443,103615,B017,Current,Active,2025-10-04
205444,104809,B007,Premium Savings,Active,2025-06-11
205445,103995,B004,Savings,Active,2025-02-16
205446,103584,B008,Current,Active,2022-03-14
205447,103980,B013,Premium Savings,Active,2025-02-25
205448,102785,B011,Current,Active,2024-01-03
205449,103033,B013,Savings,Active,2021-05-23
205450,102662,B017,Salary,Active,2021-02-09
205451,104779,B019,Savings,Active,2022-04-11
205452,101813,B010,Savings,Active,2023-08-10
205453,103884,B016,Salary,Active,2025-11-01
205454,100106,B010,Savings,Active,2025-05-20
205455,102094,B003,Savings,Active,2025-11-07
205456,104576,B012,Savings,Active,2024-09-09
205457,101217,B020,Savings,Active,2021-08-21
205458,103975,B009,Savings,Active,2024-11-17
205459,102513,B011,Salary,Active,2022-12-03
205460,100675,B015,Current,Active,2022-08-02
205461,100533,B017,Salary,Dormant,2023-08-27
205462,100611,B001,Savings,Active,2022-12-28
205463,102328,B002,Savings,Active,2024-02-25
205464,101541,B010,Premium Savings,Active,2025-12-05
205465,104474,B003,Savings,Active,2022-08-08
205466,103816,B019,Savings,Active,2022-05-03
205467,100716,B015,Premium Savings,Active,2025-11-06
205468,102516,B013,Savings,Active,2021-06-07
205469,103829,B012,Savings,Active,2025-03-18
205470,103272,B010,Savings,Active,2022-12-11
205471,100047,B001,Current,Active,2025-10-25
205472,100031,B016,Savings,Active,2024-11-01
205473,102919,B010,Current,Active,2021-09-18
205474,104619,B008,Salary,Active,2023-08-14
205475,100253,B009,Current,Active,2022-04-28
205476,100829,B010,Savings,Active,2021-03-21
205477,100944,B019,Savings,Active,2024-01-28
205478,101595,B004,Salary,Active,2024-04-28
205479,104452,B004,Salary,Active,2025-01-29
205480,104736,B003,Savings,Active,2024-09-04
205481,101533,B013,Savings,Active,2024-01-16
205482,103665,B001,Current,Active,2024-01-06
205483,100051,B016,Salary,Active,2024-01-26
205484,102556,B015,Salary,Closed,2021-11-09
205485,103139,B015,Salary,Dormant,2024-03-11
205486,104315,B010,Savings,Active,2021-12-15
205487,104109,B009,Salary,Active,2023-11-21
205488,100307,B019,Salary,Active,2023-01-14
205489,102066,B017,Savings,Active,2025-03-25
205490,100382,B004,Current,Active,2022-10-16
205491,100048,B006,Savings,Active,2021-01-14
205492,100776,B005,Savings,Active,2021-07-05
205493,104666,B010,Salary,Dormant,2022-01-09
205494,101323,B013,Savings,Active,2025-04-18
205495,103698,B005,Salary,Closed,2024-10-14
205496,103546,B002,Savings,Active,2025-08-15
205497,104338,B008,Savings,Active,2024-08-31
205498,102663,B011,Current,Active,2021-09-20
205499,104876,B014,Savings,Active,2021-03-27
205500,102131,B003,Salary,Active,2023-10-24
205501,103938,B014,Savings,Active,2023-09-02
205502,103913,B004,Salary,Active,2023-02-24
205503,102718,B006,Premium Savings,Active,2023-12-14
205504,101586,B011,Savings,Active,2023-01-17
205505,100795,B003,Savings,Active,2022-03-06
205506,100428,B012,Salary,Active,2023-11-26
205507,102497,B001,Savings,Active,2022-12-24
205508,101984,B005,Savings,Active,2023-04-11
205509,101046,B012,Salary,Active,2025-02-18
205510,103833,B006,Savings,Active,2023-04-04
205511,100813,B009,Current,Dormant,2025-09-11
205512,102371,B006,Savings,Active,2021-09-20
205513,102144,B011,Salary,Active,2024-04-02
205514,104886,B003,Current,Active,2024-07-20
205515,100522,B004,Current,Active,2021-06-26
205516,104281,B020,Current,Active,2023-11-25
205517,103423,B007,Savings,Active,2024-08-03
205518,103955,B014,Savings,Active,2021-04-13
205519,103890,B001,Salary,Active,2025-02-08
205520,103866,B003,Salary,Active,2022-11-17
205521,102176,B016,Salary,Active,2024-03-20
205522,102906,B008,Salary,Active,2022-02-02
205523,101825,B007,Savings,Dormant,2021-09-14
205524,104506,B004,Current,Active,2022-12-13
205525,101129,B006,Salary,Active,2021-10-05
205526,102950,B005,Savings,Active,2021-08-05
205527,101056,B016,Savings,Active,2023-11-10
205528,101863,B019,Savings,Dormant,2024-01-20
205529,104817,B001,Savings,Active,2025-08-16
205530,100980,B003,Salary,Active,2023-11-28
205531,104430,B013,Savings,Active,2023-09-27
205532,104066,B018,Salary,Active,2023-12-18
205533,101832,B007,Premium Savings,Active,2025-12-17
205534,101856,B017,Premium Savings,Active,2022-10-31
205535,100028,B001,Salary,Active,2024-06-06
205536,103955,B015,Salary,Active,2024-08-10
205537,103331,B019,Savings,Active,2021-11-14
205538,104916,B010,Salary,Active,2025-03-18
205539,101458,B012,Salary,Active,2023-02-07
205540,101994,B006,Premium Savings,Active,2023-01-30
205541,103434,B016,Current,Active,2022-02-13
205542,101704,B017,Savings,Active,2023-03-02
205543,101594,B017,Salary,Active,2023-11-26
205544,100851,B017,Salary,Active,2025-06-28
205545,104941,B002,Savings,Closed,2022-07-30
205546,102377,B011,Current,Active,2024-01-10
205547,103848,B011,Current,Active,2025-05-11
205548,103271,B001,Current,Active,2023-07-20
205549,102998,B017,Premium Savings,Closed,2021-12-31
205550,101564,B004,Current,Active,2024-09-07
205551,101577,B009,Salary,Active,2023-11-07
205552,102429,B002,Savings,Active,2022-07-21
205553,100677,B016,Savings,Active,2025-04-22
205554,102686,B004,Savings,Active,2021-03-01
205555,100455,B011,Current,Active,2025-11-06
205556,101377,B011,Salary,Dormant,2024-07-05
205557,103166,B002,Current,Active,2024-06-01
205558,100118,B018,Savings,Active,2024-03-25
205559,100225,B001,Savings,Active,2025-12-08
205560,101079,B014,Premium Savings,Active,2023-02-22
205561,103780,B004,Savings,Active,2025-12-05
205562,104016,B013,Savings,Active,2021-03-25
205563,100005,B005,Current,Active,2025-08-23
205564,101391,B015,Salary,Active,2025-09-12
205565,100284,B012,Savings,Active,2022-05-10
205566,100070,B013,Savings,Active,2024-08-26
205567,104711,B020,Current,Closed,2022-12-10
205568,102125,B009,Savings,Active,2022-12-05
205569,103977,B016,Savings,Dormant,2023-08-16
205570,103413,B017,Savings,Active,2022-01-02
205571,102248,B007,Savings,Dormant,2022-02-26
205572,103763,B007,Savings,Active,2023-10-11
205573,101244,B015,Salary,Active,2025-12-16
205574,102070,B019,Savings,Dormant,2021-02-08
205575,101894,B001,Current,Active,2023-04-22
205576,102860,B003,Current,Closed,2023-04-15
205577,101053,B004,Savings,Active,2024-09-27
205578,103728,B013,Salary,Active,2025-12-09
205579,104210,B009,Savings,Active,2023-10-19
205580,104447,B011,Premium Savings,Active,2024-09-11
205581,104471,B007,Current,Active,2021-09-07
205582,103200,B009,Savings,Dormant,2025-12-03
205583,103990,B016,Premium Savings,Active,2025-10-03
205584,103455,B009,Savings,Active,2022-12-24
205585,104767,B008,Savings,Active,2024-08-03
205586,100494,B001,Savings,Active,2021-06-09
205587,100993,B008,Current,Active,2023-12-01
205588,102103,B016,Salary,Closed,2025-10-28
205589,103105,B003,Salary,Active,2021-10-11
205590,104445,B008,Premium Savings,Active,2025-04-29
205591,100474,B006,Premium Savings,Active,2025-11-19
205592,100804,B010,Savings,Active,2023-10-24
205593,104304,B017,Premium Savings,Active,2024-12-02
205594,101550,B017,Savings,Active,2022-02-24
205595,100085,B008,Premium Savings,Active,2023-03-25
205596,103390,B012,Savings,Active,2024-09-10
205597,104389,B017,Savings,Active,2023-02-24
205598,104511,B018,Savings,Active,2021-02-05
205599,104272,B013,Savings,Active,2025-02-05
205600,100296,B003,Salary,Active,2025-07-27
205601,100675,B008,Savings,Active,2023-12-11
205602,104353,B006,Savings,Active,2024-06-26
205603,103465,B014,Salary,Active,2021-10-08
205604,101102,B005,Current,Active,2021-11-17
205605,101939,B001,Current,Active,2025-08-03
205606,104305,B018,Premium Savings,Active,2021-10-28
205607,104645,B003,Savings,Active,2025-09-08
205608,104447,B016,Savings,Active,2021-04-16
205609,102303,B020,Savings,Active,2023-05-15
205610,103878,B017,Savings,Active,2024-11-07
205611,100226,B010,Savings,Active,2021-06-23
205612,104620,B012,Current,Active,2021-08-22
205613,101110,B015,Savings,Active,2024-09-10
205614,104806,B005,Salary,Active,2023-08-08
205615,100082,B009,Salary,Active,2025-01-06
205616,104626,B008,Savings,Active,2022-10-16
205617,102634,B006,Current,Active,2024-09-15
205618,102566,B012,Savings,Active,2023-09-30
205619,103383,B009,Salary,Active,2021-04-30
205620,102319,B001,Savings,Active,2024-06-22
205621,104755,B002,Salary,Active,2025-08-06
205622,100527,B013,Current,Active,2022-01-19
205623,103281,B012,Salary,Active,2024-12-24
205624,101081,B018,Savings,Active,2022-01-01
205625,100187,B002,Savings,Dormant,2025-08-15
205626,103262,B007,Savings,Active,2022-09-09
205627,103390,B008,Current,Active,2024-03-26
205628,100637,B014,Current,Active,2025-09-03
205629,103634,B009,Salary,Active,2023-10-14
205630,104712,B010,Savings,Active,2023-03-22
205631,103478,B019,Salary,Active,2023-06-14
205632,101136,B001,Premium Savings,Active,2022-04-14
205633,100424,B018,Savings,Active,2021-03-24
205634,100440,B006,Savings,Active,2023-08-07
205635,103094,B001,Current,Active,2024-12-11
205636,101177,B011,Savings,Active,2021-11-26
205637,101857,B005,Savings,Active,2025-08-11
205638,100245,B015,Current,Active,2024-10-28
205639,102204,B016,Current,Active,2024-04-17
205640,100831,B009,Savings,Dormant,2022-08-06
205641,102140,B016,Premium Savings,Active,2024-08-02
205642,102939,B004,Savings,Active,2025-11-29
205643,104805,B007,Savings,Active,2022-06-08
205644,101446,B002,Savings,Active,2024-02-24
205645,101606,B013,Premium Savings,Active,2023-02-09
205646,104006,B015,Salary,Active,2024-01-22
205647,104765,B016,Savings,Active,2022-04-07
205648,102024,B008,Salary,Dormant,2022-06-15
205649,101729,B017,Savings,Active,2025-05-19
205650,103570,B013,Savings,Active,2021-11-22
205651,103759,B012,Savings,Dormant,2025-03-11
205652,103542,B005,Salary,Active,2021-05-22
205653,103200,B017,Savings,Active,2025-06-28
205654,100679,B016,Current,Active,2025-04-11
205655,101312,B018,Savings,Dormant,2025-08-25
205656,100283,B007,Salary,Dormant,2025-11-23
205657,101950,B012,Premium Savings,Active,2025-10-05
205658,104210,B002,Savings,Active,2022-01-28
205659,101119,B012,Current,Active,2025-05-26
205660,103505,B011,Salary,Active,2025-12-19
205661,102105,B017,Premium Savings,Dormant,2023-09-24
205662,100875,B015,Current,Active,2024-01-30
205663,101116,B020,Savings,Active,2025-05-31
205664,103400,B019,Savings,Active,2024-12-06
205665,103955,B004,Current,Active,2024-12-26
205666,101648,B020,Savings,Active,2025-12-09
205667,104589,B001,Savings,Active,2025-03-12
205668,100284,B010,Salary,Active,2025-11-15
205669,102874,B019,Salary,Active,2025-08-12
205670,101144,B013,Savings,Closed,2023-11-03
205671,104460,B020,Current,Active,2023-12-05
205672,103780,B012,Current,Active,2023-08-20
205673,100294,B014,Current,Dormant,2022-08-06
205674,101954,B011,Savings,Active,2024-05-18
205675,103730,B019,Savings,Active,2024-01-07
205676,102725,B003,Savings,Active,2022-02-06
205677,102449,B008,Premium Savings,Closed,2025-04-17
205678,100683,B014,Savings,Active,2022-12-11
205679,102854,B010,Savings,Active,2023-04-28
205680,100464,B020,Current,Active,2025-02-19
205681,101594,B012,Salary,Active,2024-01-19
205682,101197,B003,Savings,Active,2021-07-20
205683,103285,B013,Savings,Active,2022-07-28
205684,102363,B007,Current,Active,2023-04-18
205685,102127,B010,Savings,Active,2024-08-28
205686,104235,B002,Current,Active,2022-07-31
205687,101949,B018,Salary,Active,2023-05-08
205688,103817,B009,Current,Active,2023-11-30
205689,104441,B017,Current,Active,2023-09-10
205690,100801,B010,Savings,Active,2021-12-12
205691,103723,B019,Current,Active,2023-07-07
205692,100358,B008,Premium Savings,Dormant,2025-08-21
205693,103206,B003,Current,Active,2024-04-16
205694,101128,B010,Salary,Active,2024-12-15
205695,101280,B001,Current,Active,2024-08-20
205696,104262,B017,Salary,Closed,2021-05-29
205697,100933,B019,Savings,Active,2023-04-19
205698,102580,B005,Premium Savings,Closed,2022-08-18
205699,103906,B002,Savings,Active,2023-07-05
205700,104035,B016,Savings,Active,2021-03-20
205701,101024,B014,Savings,Active,2022-02-21
205702,101848,B016,Current,Active,2021-08-13
205703,102810,B012,Current,Active,2021-04-07
205704,102953,B012,Current,Active,2023-02-13
205705,100818,B006,Savings,Active,2024-11-27
205706,102974,B007,Current,Active,2022-08-25
205707,100007,B013,Savings,Active,2024-11-21
205708,103134,B019,Salary,Active,2023-08-09
205709,103679,B007,Savings,Active,2024-05-09
205710,102351,B008,Savings,Active,2022-06-15
205711,101227,B012,Savings,Active,2023-02-07
205712,101197,B001,Savings,Closed,2022-08-30
205713,103451,B014,Salary,Active,2023-02-08
205714,102143,B003,Premium Savings,Active,2025-10-15
205715,104645,B014,Current,Active,2021-07-26
205716,104874,B018,Savings,Active,2025-05-16
205717,102172,B019,Savings,Active,2025-08-10
205718,101361,B003,Current,Active,2021-01-25
205719,104061,B012,Savings,Active,2023-01-10
205720,103625,B009,Salary,Active,2024-01-05
205721,100823,B010,Current,Active,2022-07-02
205722,104724,B014,Savings,Active,2021-09-17
205723,101002,B020,Premium Savings,Active,2022-12-14
205724,102832,B012,Savings,Active,2024-12-11
205725,100935,B012,Salary,Active,2023-05-26
205726,102447,B014,Savings,Active,2025-03-06
205727,103124,B011,Savings,Active,2022-11-06
205728,100605,B007,Savings,Active,2024-04-20
205729,101297,B017,Current,Dormant,2024-11-16
205730,103767,B014,Savings,Closed,2024-05-13
205731,104780,B012,Salary,Active,2023-03-26
205732,104558,B001,Savings,Dormant,2025-04-03
205733,103760,B006,Savings,Active,2021-11-02
205734,104904,B006,Salary,Active,2021-07-05
205735,100825,B013,Savings,Active,2021-03-07
205736,101009,B003,Savings,Active,2024-07-15
205737,102028,B008,Savings,Active,2022-10-06
205738,104601,B010,Current,Dormant,2021-08-07
205739,103995,B015,Savings,Active,2021-12-17
205740,101852,B003,Savings,Active,2021-03-19
205741,100082,B013,Salary,Active,2023-01-22
205742,103096,B011,Salary,Active,2024-03-11
205743,101545,B015,Savings,Active,2022-04-13
205744,101119,B004,Salary,Active,2022-05-12
205745,101071,B012,Savings,Active,2025-11-08
205746,101242,B009,Current,Active,2021-03-25
205747,101596,B006,Savings,Active,2025-03-14
205748,103095,B002,Savings,Active,2021-04-26
205749,100819,B008,Savings,Active,2024-12-08
205750,102425,B009,Savings,Active,2025-11-23
205751,104606,B002,Savings,Active,2022-07-10
205752,104822,B017,Savings,Active,2022-02-12
205753,104148,B014,Savings,Dormant,2022-03-08
205754,101323,B007,Savings,Active,2023-01-15
205755,100732,B001,Savings,Active,2022-05-04
205756,104391,B015,Current,Active,2022-05-02
205757,102020,B001,Savings,Active,2021-11-03
205758,102303,B009,Savings,Active,2025-09-03
205759,102132,B005,Savings,Active,2022-06-23
205760,100673,B005,Current,Active,2021-05-15
205761,103607,B016,Current,Active,2022-07-28
205762,101196,B007,Salary,Active,2023-09-19
205763,101166,B005,Savings,Active,2021-07-30
205764,103779,B007,Current,Active,2023-05-22
205765,103565,B003,Savings,Active,2025-12-09
205766,104134,B015,Salary,Dormant,2024-06-17
205767,103531,B010,Salary,Active,2022-09-22
205768,100198,B005,Savings,Active,2025-06-28
205769,102087,B007,Premium Savings,Active,2022-08-27
205770,102051,B020,Savings,Active,2021-01-01
205771,101608,B012,Premium Savings,Active,2022-03-12
205772,102471,B014,Savings,Active,2021-01-31
205773,102486,B018,Savings,Closed,2023-06-22
205774,103076,B009,Current,Active,2022-11-20
205775,104800,B007,Savings,Active,2021-05-05
205776,103254,B020,Salary,Active,2023-01-03
205777,104664,B012,Savings,Active,2021-12-16
205778,104153,B005,Savings,Active,2025-06-14
205779,103671,B018,Savings,Active,2024-01-05
205780,101367,B016,Premium Savings,Active,2022-05-24
205781,102890,B009,Premium Savings,Active,2024-10-05
205782,100560,B006,Current,Active,2025-03-29
205783,104620,B014,Current,Active,2024-11-06
205784,100933,B011,Savings,Active,2021-06-12
205785,101193,B005,Savings,Active,2023-07-05
205786,104685,B002,Premium Savings,Active,2021-05-22
205787,100609,B017,Salary,Active,2024-02-15
205788,102734,B017,Salary,Closed,2024-09-21
205789,102873,B019,Savings,Active,2021-02-17
205790,101096,B008,Salary,Active,2024-10-23
205791,101949,B015,Premium Savings,Active,2022-03-21
205792,103930,B012,Premium Savings,Active,2021-06-22
205793,103558,B006,Current,Active,2022-05-29
205794,102936,B019,Savings,Active,2025-12-18
205795,102720,B007,Premium Savings,Active,2022-06-13
205796,101837,B001,Current,Active,2021-05-27
205797,103118,B004,Savings,Active,2021-05-20
205798,100092,B020,Savings,Active,2025-06-02
205799,100352,B002,Current,Active,2024-04-08
205800,103914,B011,Salary,Active,2021-12-20
205801,100872,B010,Premium Savings,Active,2024-02-24
205802,103588,B016,Premium Savings,Closed,2021-02-10
205803,100081,B017,Current,Active,2024-05-30
205804,101311,B010,Premium Savings,Active,2025-04-09
205805,104691,B013,Savings,Dormant,2024-11-26
205806,101329,B017,Savings,Closed,2021-12-03
205807,104914,B017,Savings,Active,2022-10-06
205808,101358,B018,Salary,Active,2023-08-25
205809,103181,B015,Premium Savings,Closed,2021-05-20
205810,103353,B008,Salary,Active,2025-02-17
205811,103169,B012,Premium Savings,Active,2024-01-14
205812,101471,B015,Current,Active,2021-10-10
205813,103795,B006,Salary,Active,2024-10-01
205814,101552,B020,Savings,Active,2024-09-14
205815,104072,B009,Salary,Active,2021-10-21
205816,101884,B016,Salary,Active,2023-08-29
205817,104185,B011,Savings,Active,2022-07-29
205818,104902,B020,Savings,Active,2022-04-12
205819,103775,B014,Savings,Active,2025-01-10
205820,102301,B015,Salary,Active,2021-03-17
205821,102115,B016,Current,Active,2023-02-17
205822,101887,B007,Savings,Active,2022-04-25
205823,101757,B007,Premium Savings,Active,2022-08-26
205824,102351,B017,Savings,Active,2023-02-15
205825,102429,B010,Savings,Active,2023-11-24
205826,103597,B014,Salary,Active,2022-11-03
205827,104449,B011,Savings,Active,2023-09-22
205828,104419,B001,Savings,Active,2024-08-01
205829,103022,B010,Salary,Active,2021-11-21
205830,104955,B004,Savings,Active,2023-01-18
205831,104469,B002,Savings,Active,2023-09-07
205832,102431,B006,Savings,Active,2022-11-26
205833,102062,B006,Salary,Active,2023-10-10
205834,102301,B015,Current,Active,2025-01-22
205835,100118,B006,Salary,Active,2024-01-21
205836,101652,B016,Current,Active,2023-04-27
205837,101915,B005,Savings,Active,2024-04-25
205838,103896,B017,Savings,Active,2025-12-04
205839,101313,B011,Savings,Active,2021-02-01
205840,103278,B002,Salary,Closed,2023-11-15
205841,101611,B003,Current,Active,2021-01-10
205842,101817,B002,Current,Active,2025-09-07
205843,100345,B009,Salary,Active,2024-09-03
205844,102593,B006,Savings,Active,2025-05-30
205845,100487,B001,Salary,Active,2023-11-10
205846,101030,B014,Savings,Active,2023-01-26
205847,102509,B018,Salary,Active,2021-01-09
205848,103470,B017,Savings,Active,2024-01-24
205849,102021,B004,Savings,Active,2025-07-16
205850,101261,B018,Salary,Active,2021-09-14
205851,104487,B009,Savings,Active,2022-03-22
205852,101748,B005,Salary,Active,2023-08-20
205853,101605,B003,Salary,Active,2023-09-01
205854,100341,B016,Salary,Active,2023-02-13
205855,101760,B006,Savings,Active,2021-09-27
205856,101100,B013,Salary,Active,2023-06-02
205857,101770,B012,Premium Savings,Active,2023-07-09
205858,100975,B019,Savings,Active,2021-12-03
205859,100984,B015,Current,Active,2024-01-15
205860,103677,B016,Salary,Active,2025-04-30
205861,102373,B010,Savings,Active,2021-06-08
205862,103473,B011,Savings,Active,2021-05-26
205863,102884,B003,Premium Savings,Active,2023-11-02
205864,102691,B016,Current,Active,2024-11-26
205865,102333,B016,Premium Savings,Active,2021-07-06
205866,101936,B007,Savings,Active,2025-09-20
205867,101311,B003,Current,Closed,2023-05-21
205868,104448,B016,Savings,Active,2021-07-14
205869,102046,B016,Savings,Closed,2023-03-28
205870,104421,B016,Premium Savings,Active,2023-03-03
205871,103841,B001,Salary,Closed,2022-12-14
205872,103015,B018,Premium Savings,Active,2023-12-04
205873,104215,B008,Savings,Active,2022-03-27
205874,103290,B005,Premium Savings,Active,2025-12-15
205875,104079,B011,Salary,Active,2022-06-06
205876,103983,B017,Savings,Active,2025-04-29
205877,103230,B017,Savings,Active,2025-02-02
205878,103614,B004,Savings,Closed,2023-01-26
205879,104088,B020,Savings,Active,2021-12-18
205880,101125,B016,Premium Savings,Active,2025-11-02
205881,104384,B019,Premium Savings,Active,2023-11-12
205882,102517,B019,Savings,Active,2022-08-28
205883,100612,B011,Savings,Active,2021-10-03
205884,100760,B001,Savings,Active,2022-09-13
205885,103752,B002,Salary,Active,2024-04-05
205886,104047,B013,Current,Active,2023-07-13
205887,103271,B002,Current,Active,2021-05-02
205888,103268,B014,Current,Active,2024-11-23
205889,104329,B003,Premium Savings,Active,2022-08-10
205890,104896,B017,Savings,Active,2021-12-17
205891,104160,B006,Savings,Closed,2024-07-01
205892,100683,B003,Current,Dormant,2024-09-17
205893,104012,B007,Premium Savings,Active,2025-02-08
205894,102551,B019,Salary,Active,2021-01-05
205895,103993,B012,Salary,Closed,2022-12-08
205896,103621,B020,Salary,Active,2022-04-25
205897,103390,B006,Savings,Active,2023-11-26
205898,104337,B014,Salary,Active,2025-11-14
205899,100757,B004,Salary,Active,2021-08-07
205900,104267,B009,Savings,Active,2024-04-13
205901,101738,B008,Current,Active,2023-03-23
205902,101010,B013,Savings,Active,2023-04-25
205903,103601,B014,Salary,Active,2025-09-15
205904,104912,B002,Savings,Dormant,2024-08-28
205905,100440,B014,Savings,Active,2021-06-22
205906,104907,B016,Salary,Active,2023-03-06
205907,101713,B008,Current,Active,2024-09-17
205908,104846,B002,Savings,Active,2021-07-14
205909,100247,B009,Savings,Active,2023-07-13
205910,103069,B007,Salary,Active,2023-06-28
205911,102673,B016,Premium Savings,Active,2021-05-14
205912,104160,B003,Salary,Active,2025-10-10
205913,102360,B006,Savings,Active,2022-11-07
205914,100381,B015,Salary,Active,2022-05-13
205915,100920,B019,Current,Active,2021-06-12
205916,101278,B012,Savings,Active,2021-04-07
205917,104357,B001,Savings,Active,2021-12-25
205918,100460,B014,Savings,Active,2024-09-14
205919,104196,B001,Savings,Active,2022-05-05
205920,102528,B002,Current,Active,2023-04-10
205921,102827,B014,Savings,Active,2024-04-22
205922,104824,B008,Current,Active,2022-09-03
205923,103836,B001,Current,Active,2023-01-14
205924,103246,B009,Current,Active,2023-06-09
205925,104122,B008,Current,Active,2025-07-09
205926,102307,B013,Current,Active,2025-08-25
205927,104656,B019,Savings,Active,2022-06-13
205928,103965,B003,Savings,Active,2022-04-02
205929,104885,B014,Current,Active,2023-01-08
205930,102752,B013,Savings,Active,2022-01-01
205931,103214,B020,Savings,Active,2023-11-04
205932,102289,B008,Savings,Active,2023-09-02
205933,104626,B004,Savings,Active,2023-04-30
205934,103147,B019,Savings,Active,2023-04-26
205935,100793,B002,Salary,Active,2025-04-17
205936,102560,B009,Current,Active,2021-10-01
205937,100666,B014,Current,Active,2024-10-30
205938,103208,B003,Savings,Active,2023-11-26
205939,103498,B006,Salary,Closed,2024-12-18
205940,104014,B003,Savings,Active,2023-11-15
205941,100768,B017,Current,Active,2024-11-08
205942,102313,B006,Savings,Active,2024-01-10
205943,101772,B013,Savings,Active,2024-07-23
205944,102076,B005,Salary,Active,2023-01-25
205945,104699,B014,Savings,Active,2025-06-20
205946,102794,B016,Savings,Active,2022-06-14
205947,102217,B001,Savings,Active,2024-08-01
205948,104524,B015,Premium Savings,Active,2022-08-23
205949,102660,B014,Premium Savings,Active,2024-12-15
205950,102115,B002,Salary,Active,2025-03-03
205951,102702,B006,Savings,Active,2021-12-04
205952,104239,B018,Savings,Active,2024-02-15
205953,102264,B009,Salary,Active,2023-08-22
205954,103086,B002,Savings,Active,2022-12-28
205955,100894,B013,Savings,Active,2022-05-25
205956,100062,B016,Salary,Active,2024-01-25
205957,100337,B009,Savings,Active,2025-02-11
205958,102382,B003,Salary,Active,2022-10-01
205959,103593,B003,Salary,Active,2022-09-02
205960,101053,B008,Salary,Active,2025-04-24
205961,104716,B010,Salary,Active,2024-10-10
205962,100752,B016,Savings,Active,2024-08-20
205963,103482,B014,Current,Active,2023-12-17
205964,101173,B006,Salary,Active,2021-07-04
205965,100296,B014,Salary,Active,2021-10-02
205966,103563,B003,Salary,Closed,2021-04-13
205967,102591,B004,Premium Savings,Dormant,2022-07-28
205968,103137,B016,Salary,Active,2021-03-02
205969,104708,B019,Premium Savings,Active,2023-05-10
205970,102685,B014,Savings,Active,2021-02-20
205971,104207,B010,Premium Savings,Active,2025-12-22
205972,102477,B018,Premium Savings,Active,2023-06-26
205973,101746,B008,Savings,Active,2021-01-24
205974,101946,B013,Current,Active,2021-11-27
205975,101725,B014,Current,Active,2021-12-09
205976,104433,B002,Salary,Active,2024-05-16
205977,102557,B020,Savings,Active,2024-11-06
205978,104663,B013,Current,Dormant,2023-06-01
205979,101257,B005,Current,Active,2024-08-19
205980,103823,B017,Savings,Active,2021-06-20
205981,100578,B008,Premium Savings,Active,2022-07-27
205982,101442,B002,Current,Active,2021-01-11
205983,100167,B014,Savings,Active,2023-01-14
205984,104570,B003,Salary,Active,2021-03-09
205985,101492,B012,Savings,Active,2024-12-14
205986,104096,B014,Savings,Active,2023-09-01
205987,102129,B004,Savings,Active,2024-10-06
205988,100621,B016,Premium Savings,Active,2023-12-07
205989,101719,B010,Salary,Active,2021-03-10
205990,101709,B008,Current,Active,2022-10-07
205991,102545,B003,Savings,Active,2021-01-23
205992,101639,B015,Savings,Active,2021-05-24
205993,103381,B004,Current,Active,2025-09-12
205994,103651,B004,Current,Active,2025-09-02
205995,100777,B006,Savings,Active,2021-08-07
205996,102620,B009,Savings,Active,2023-01-11
205997,102894,B018,Salary,Active,2022-06-12
205998,101335,B015,Current,Active,2023-02-23
205999,103859,B015,Savings,Active,2024-01-19
206000,101154,B004,Premium Savings,Active,2022-11-28
206001,104358,B013,Savings,Active,2025-01-22
206002,102288,B007,Salary,Active,2021-04-19
206003,101831,B010,Savings,Closed,2023-12-01
206004,103330,B013,Premium Savings,Closed,2024-07-20
206005,103099,B004,Savings,Active,2023-10-11
206006,102544,B007,Premium Savings,Active,2024-04-28
206007,103434,B008,Salary,Active,2024-02-04
206008,101306,B018,Savings,Active,2021-10-28
206009,104045,B020,Savings,Active,2024-12-11
206010,103100,B020,Salary,Active,2022-05-06
206011,101065,B011,Savings,Active,2021-11-21
206012,104995,B013,Savings,Active,2023-09-26
206013,104328,B015,Salary,Active,2024-03-05
206014,100884,B016,Savings,Active,2022-11-19
206015,103923,B014,Current,Active,2021-04-21
206016,102642,B019,Current,Dormant,2025-12-27
206017,103848,B008,Savings,Active,2025-01-23
206018,101879,B015,Savings,Active,2023-06-26
206019,101222,B013,Savings,Active,2022-09-30
206020,101093,B016,Premium Savings,Active,2025-05-30
206021,100331,B019,Savings,Active,2022-10-10
206022,104378,B002,Salary,Dormant,2022-01-09
206023,101563,B018,Salary,Active,2022-04-06
206024,104789,B017,Salary,Dormant,2023-10-13
206025,101130,B018,Savings,Active,2024-09-25
206026,101751,B006,Savings,Active,2022-08-11
206027,104395,B012,Current,Closed,2021-12-19
206028,101737,B002,Salary,Active,2025-09-02
206029,103793,B002,Salary,Active,2021-06-26
206030,100459,B012,Savings,Active,2023-10-03
206031,104771,B020,Salary,Active,2021-11-21
206032,103089,B005,Savings,Active,2024-04-08
206033,103752,B016,Current,Active,2022-11-16
206034,100133,B002,Current,Dormant,2021-05-19
206035,104823,B002,Savings,Active,2021-11-02
206036,102482,B013,Premium Savings,Dormant,2023-06-10
206037,101060,B006,Current,Active,2021-09-22
206038,100765,B002,Savings,Active,2023-11-24
206039,100436,B019,Savings,Active,2025-01-01
206040,103362,B018,Salary,Active,2022-06-14
206041,101065,B001,Salary,Active,2025-09-07
206042,104645,B020,Savings,Active,2024-09-04
206043,101139,B001,Savings,Active,2021-06-05
206044,100444,B015,Current,Active,2023-05-02
206045,104264,B016,Savings,Active,2023-10-08
206046,103889,B006,Savings,Dormant,2023-10-22
206047,102595,B003,Savings,Active,2023-04-21
206048,104153,B012,Current,Active,2022-10-21
206049,103630,B018,Savings,Active,2023-11-05
206050,100882,B001,Savings,Active,2024-05-19
206051,102079,B018,Savings,Active,2025-03-28
206052,104614,B013,Savings,Dormant,2021-07-08
206053,103391,B020,Premium Savings,Active,2021-09-10
206054,103105,B006,Savings,Active,2023-07-13
206055,100887,B013,Savings,Active,2023-02-14
206056,102675,B010,Salary,Active,2025-06-23
206057,100829,B013,Premium Savings,Active,2023-11-13
206058,103358,B004,Salary,Active,2022-03-06
206059,101111,B010,Savings,Active,2025-04-01
206060,101441,B020,Current,Active,2025-05-04
206061,102869,B017,Salary,Active,2021-03-16
206062,100128,B005,Salary,Active,2025-06-04
206063,103498,B002,Savings,Active,2022-10-26
206064,102211,B009,Savings,Active,2022-02-25
206065,102562,B005,Savings,Active,2021-07-30
206066,103717,B006,Current,Active,2021-05-28
206067,103852,B004,Savings,Active,2021-04-20
206068,104594,B011,Current,Active,2024-10-27
206069,100900,B002,Current,Active,2025-07-09
206070,102151,B019,Salary,Active,2025-10-16
206071,100477,B001,Premium Savings,Active,2023-07-21
206072,101319,B004,Salary,Active,2022-04-12
206073,102759,B012,Savings,Active,2025-06-11
206074,100657,B003,Salary,Active,2025-07-25
206075,102229,B011,Savings,Active,2023-01-02
206076,104678,B002,Savings,Dormant,2022-01-15
206077,100355,B018,Savings,Active,2025-03-12
206078,101155,B012,Salary,Active,2022-10-18
206079,101414,B007,Savings,Active,2023-09-07
206080,104556,B013,Savings,Active,2025-06-05
206081,103673,B011,Savings,Active,2021-10-31
206082,100919,B017,Current,Active,2022-07-09
206083,103504,B015,Salary,Closed,2022-01-22
206084,100091,B017,Current,Active,2024-10-11
206085,103991,B018,Savings,Active,2021-08-03
206086,101122,B003,Salary,Active,2021-09-26
206087,103560,B016,Savings,Active,2022-08-27
206088,102464,B019,Savings,Active,2022-11-23
206089,103668,B004,Current,Active,2024-09-21
206090,101744,B017,Salary,Active,2025-09-13
206091,102655,B013,Salary,Active,2023-12-22
206092,104539,B013,Savings,Active,2022-02-17
206093,104014,B015,Salary,Active,2024-04-21
206094,102726,B007,Savings,Active,2024-07-04
206095,104614,B018,Salary,Active,2021-06-04
206096,100589,B015,Current,Active,2025-08-06
206097,103502,B009,Savings,Active,2023-07-23
206098,103127,B013,Savings,Active,2024-12-03
206099,101284,B020,Savings,Active,2021-04-04
206100,101945,B008,Current,Active,2025-09-27
206101,102029,B018,Salary,Active,2025-11-10
206102,103395,B001,Salary,Active,2025-09-19
206103,103124,B016,Current,Active,2023-08-24
206104,103931,B012,Salary,Active,2021-07-27
206105,103287,B015,Salary,Active,2023-04-04
206106,104928,B012,Premium Savings,Active,2024-01-04
206107,104150,B010,Savings,Active,2023-03-30
206108,102884,B004,Savings,Active,2023-02-19
206109,100093,B005,Premium Savings,Active,2022-10-01
206110,101834,B019,Current,Active,2024-05-30
206111,100639,B009,Savings,Active,2023-11-12
206112,102169,B004,Savings,Active,2024-09-17
206113,104967,B003,Savings,Active,2021-05-27
206114,102014,B006,Savings,Active,2022-03-24
206115,104087,B015,Savings,Active,2025-05-23
206116,102253,B008,Current,Active,2024-12-30
206117,102884,B009,Current,Active,2024-05-14
206118,100151,B014,Current,Active,2023-01-17
206119,103439,B013,Savings,Active,2023-02-20
206120,101237,B002,Savings,Active,2024-04-13
206121,102301,B008,Savings,Active,2024-11-08
206122,104939,B015,Savings,Active,2023-02-20
206123,101117,B015,Salary,Active,2025-06-27
206124,104641,B009,Savings,Dormant,2022-09-24
206125,104145,B005,Savings,Active,2022-08-08
206126,100242,B004,Current,Active,2024-06-20
206127,101847,B002,Current,Active,2024-12-13
206128,104898,B003,Savings,Active,2023-09-16
206129,102271,B020,Salary,Active,2025-10-03
206130,103960,B009,Savings,Active,2025-04-06
206131,104595,B007,Savings,Active,2022-01-14
206132,100014,B009,Savings,Dormant,2024-12-05
206133,103657,B011,Current,Active,2025-01-19
206134,104568,B003,Salary,Active,2025-05-04
206135,102889,B019,Salary,Active,2023-08-17
206136,104802,B010,Current,Active,2024-10-29
206137,103497,B012,Savings,Active,2024-08-14
206138,103144,B011,Salary,Active,2025-08-01
206139,100619,B019,Savings,Active,2022-06-26
206140,103942,B020,Current,Dormant,2021-10-13
206141,104278,B003,Savings,Active,2024-10-30
206142,101663,B015,Savings,Active,2024-03-14
206143,100791,B004,Salary,Active,2025-11-18
206144,102862,B001,Current,Active,2021-05-31
206145,104694,B012,Salary,Dormant,2021-03-05
206146,103658,B010,Salary,Active,2023-07-01
206147,104053,B010,Savings,Active,2024-01-14
206148,102807,B001,Savings,Active,2025-04-21
206149,102089,B013,Savings,Active,2024-05-04
206150,101524,B011,Savings,Active,2024-08-17
206151,104038,B002,Savings,Dormant,2022-12-09
206152,103247,B007,Savings,Active,2023-11-30
206153,103740,B003,Salary,Active,2021-09-14
206154,104193,B019,Savings,Active,2024-06-20
206155,104897,B015,Savings,Dormant,2021-09-14
206156,104181,B010,Savings,Dormant,2021-11-13
206157,102233,B002,Salary,Closed,2021-10-30
206158,100661,B017,Savings,Active,2025-08-26
206159,102797,B008,Salary,Active,2021-11-14
206160,102228,B012,Salary,Active,2022-01-23
206161,104676,B015,Salary,Active,2025-12-22
206162,100194,B008,Salary,Active,2021-11-01
206163,104281,B020,Salary,Active,2023-09-20
206164,103164,B005,Savings,Active,2021-09-13
206165,100352,B007,Salary,Active,2023-03-29
206166,101211,B004,Savings,Active,2025-09-05
206167,100312,B007,Savings,Active,2022-08-23
206168,104652,B016,Premium Savings,Active,2023-04-22
206169,103225,B010,Current,Active,2025-05-19
206170,103092,B018,Savings,Active,2023-08-31
206171,102601,B018,Savings,Active,2025-09-28
206172,102004,B007,Savings,Active,2022-11-23
206173,100857,B016,Salary,Active,2022-02-27
206174,103658,B010,Salary,Active,2021-02-19
206175,100660,B009,Savings,Active,2022-12-23
206176,101037,B006,Savings,Active,2021-05-02
206177,104885,B002,Savings,Active,2023-11-18
206178,100458,B010,Salary,Active,2021-01-29
206179,104755,B014,Current,Active,2021-07-07
206180,100437,B018,Salary,Active,2023-09-11
206181,102433,B009,Current,Active,2024-01-14
206182,102915,B003,Savings,Active,2021-12-20
206183,100568,B010,Savings,Closed,2024-09-17
206184,104445,B006,Savings,Active,2023-01-04
206185,104787,B019,Salary,Active,2021-12-08
206186,101114,B014,Current,Active,2023-04-21
206187,101109,B019,Premium Savings,Active,2025-08-12
206188,103801,B007,Savings,Active,2023-08-30
206189,101859,B009,Premium Savings,Active,2025-04-09
206190,100189,B002,Savings,Active,2025-06-18
206191,103751,B003,Savings,Active,2022-02-18
206192,101767,B008,Savings,Closed,2021-03-20
206193,102036,B008,Savings,Active,2024-05-09
206194,103269,B014,Savings,Closed,2023-06-21
206195,102886,B005,Savings,Active,2022-10-19
206196,104132,B020,Current,Active,2021-08-29
206197,103990,B016,Salary,Active,2021-09-27
206198,104716,B018,Salary,Dormant,2025-08-18
206199,104591,B007,Salary,Active,2021-09-19
206200,103163,B012,Salary,Active,2025-08-02
206201,102783,B011,Premium Savings,Active,2022-04-30
206202,102314,B016,Savings,Active,2021-09-13
206203,103323,B017,Premium Savings,Active,2023-08-07
206204,100304,B012,Savings,Active,2021-08-03
206205,102012,B020,Savings,Active,2022-05-13
206206,101379,B010,Current,Active,2021-07-20
206207,102783,B006,Savings,Active,2021-02-06
206208,104616,B004,Savings,Active,2021-06-29
206209,102405,B008,Savings,Active,2025-11-03
206210,102915,B006,Salary,Active,2021-10-16
206211,102014,B005,Salary,Active,2022-02-08
206212,101714,B010,Savings,Dormant,2021-10-12
206213,103406,B006,Savings,Active,2021-05-18
206214,101245,B020,Current,Active,2021-10-26
206215,104396,B007,Savings,Active,2021-07-07
206216,100569,B013,Savings,Active,2021-09-29
206217,101112,B016,Savings,Active,2023-04-14
206218,103759,B019,Salary,Closed,2022-11-21
206219,100415,B014,Savings,Active,2021-11-25
206220,102062,B006,Savings,Dormant,2022-04-09
206221,101889,B012,Savings,Active,2023-05-01
206222,104683,B002,Current,Dormant,2023-02-01
206223,100795,B006,Savings,Active,2021-08-08
206224,102272,B020,Current,Active,2025-06-20
206225,102299,B001,Salary,Active,2022-12-12
206226,104092,B007,Savings,Dormant,2022-10-05
206227,102705,B002,Savings,Closed,2023-11-14
206228,100652,B011,Savings,Dormant,2022-06-07
206229,104353,B016,Premium Savings,Active,2024-02-10
206230,100755,B002,Current,Active,2025-07-27
206231,103475,B003,Salary,Active,2025-03-22
206232,101367,B018,Salary,Active,2022-08-10
206233,100610,B006,Premium Savings,Active,2021-06-22
206234,100957,B001,Salary,Active,2021-08-11
206235,104721,B002,Savings,Active,2022-01-20
206236,104884,B019,Current,Active,2024-02-04
206237,103002,B019,Premium Savings,Active,2023-06-20
206238,104041,B004,Current,Active,2022-05-30
206239,104515,B006,Salary,Active,2021-12-24
206240,101743,B004,Salary,Active,2023-08-07
206241,103788,B010,Current,Active,2025-10-21
206242,102600,B017,Salary,Active,2024-11-02
206243,100866,B016,Current,Active,2022-04-13
206244,102667,B008,Savings,Active,2023-10-30
206245,100230,B014,Savings,Active,2023-07-17
206246,103037,B006,Current,Active,2025-01-15
206247,101301,B019,Premium Savings,Active,2022-09-21
206248,100519,B012,Premium Savings,Active,2022-09-22
206249,103527,B019,Savings,Active,2023-03-29
206250,101745,B006,Salary,Active,2021-11-04
206251,102236,B020,Savings,Active,2025-05-07
206252,100430,B006,Current,Active,2022-12-22
206253,100400,B014,Premium Savings,Active,2025-04-21
206254,104596,B001,Premium Savings,Active,2023-01-22
206255,103000,B005,Current,Dormant,2024-05-18
206256,102018,B011,Current,Dormant,2024-07-30
206257,103330,B011,Savings,Active,2024-12-15
206258,103636,B003,Salary,Dormant,2024-06-07
206259,100569,B001,Savings,Active,2024-06-12
206260,104605,B017,Savings,Active,2022-07-19
206261,103278,B005,Salary,Active,2021-04-25
206262,101548,B016,Savings,Active,2025-08-24
206263,101344,B004,Salary,Active,2025-03-22
206264,100440,B006,Savings,Active,2022-05-18
206265,101283,B001,Savings,Active,2021-02-08
206266,101682,B011,Savings,Active,2025-12-24
206267,101066,B011,Savings,Active,2021-05-31
206268,103355,B012,Savings,Active,2021-03-01
206269,101263,B015,Current,Active,2025-12-09
206270,102499,B014,Current,Active,2024-05-14
206271,102794,B005,Savings,Active,2024-01-05
206272,100375,B009,Salary,Active,2024-02-06
206273,100844,B002,Salary,Dormant,2024-09-15
206274,100351,B014,Salary,Active,2023-12-04
206275,103455,B008,Current,Active,2024-09-25
206276,103498,B004,Salary,Active,2024-11-22
206277,100647,B018,Savings,Active,2022-01-21
206278,103683,B010,Savings,Active,2023-12-15
206279,104057,B002,Savings,Active,2022-08-29
206280,100548,B002,Salary,Active,2024-01-19
206281,100585,B006,Savings,Active,2021-11-07
206282,103974,B019,Premium Savings,Active,2025-05-21
206283,101544,B002,Savings,Active,2022-04-30
206284,101728,B009,Savings,Active,2021-12-07
206285,102943,B008,Savings,Active,2021-08-11
206286,100342,B013,Salary,Dormant,2023-08-28
206287,102190,B012,Savings,Dormant,2022-10-12
206288,101670,B010,Current,Active,2024-07-23
206289,104114,B017,Current,Active,2023-02-02
206290,103653,B001,Savings,Active,2022-07-16
206291,101434,B008,Salary,Dormant,2022-07-28
206292,103279,B002,Salary,Active,2022-02-05
206293,102014,B007,Current,Closed,2024-06-27
206294,102408,B006,Savings,Active,2021-08-24
206295,103677,B018,Salary,Active,2025-07-22
206296,101399,B014,Salary,Active,2022-04-25
206297,102891,B005,Premium Savings,Dormant,2021-01-19
206298,102090,B013,Savings,Active,2024-04-30
206299,103251,B017,Salary,Active,2024-07-21
206300,101909,B004,Salary,Active,2024-01-28
206301,104677,B012,Savings,Active,2022-10-22
206302,101951,B010,Salary,Active,2021-11-10
206303,100548,B019,Savings,Active,2025-05-13
206304,102449,B008,Savings,Dormant,2023-06-16
206305,101194,B014,Current,Active,2023-05-18
206306,102277,B012,Savings,Active,2022-01-26
206307,104604,B007,Savings,Active,2024-11-27
206308,100513,B007,Salary,Active,2025-09-05
206309,100213,B018,Premium Savings,Active,2024-03-23
206310,101451,B018,Savings,Active,2024-08-14
206311,102180,B006,Savings,Active,2024-07-18
206312,100646,B010,Savings,Active,2021-11-13
206313,103480,B003,Savings,Active,2023-04-27
206314,103011,B009,Premium Savings,Active,2022-06-13
206315,103509,B018,Savings,Active,2023-01-05
206316,102115,B015,Salary,Closed,2025-04-06
206317,104654,B010,Savings,Active,2025-02-26
206318,103360,B016,Premium Savings,Active,2023-10-14
206319,104604,B012,Savings,Active,2021-08-02
206320,100439,B009,Premium Savings,Dormant,2022-10-12
206321,103337,B001,Current,Active,2024-08-13
206322,101725,B003,Premium Savings,Active,2023-12-29
206323,100965,B011,Current,Active,2023-10-17
206324,100902,B002,Salary,Active,2022-12-12
206325,100983,B001,Savings,Active,2025-11-05
206326,100461,B007,Salary,Active,2025-07-22
206327,102273,B012,Current,Active,2024-03-21
206328,103868,B015,Current,Active,2025-05-14
206329,102318,B020,Current,Active,2021-11-23
206330,100655,B014,Savings,Dormant,2021-10-20
206331,103536,B020,Salary,Active,2024-07-26
206332,100875,B006,Savings,Active,2024-05-21
206333,104345,B014,Savings,Active,2022-03-22
206334,101834,B001,Salary,Active,2025-03-09
206335,100007,B003,Salary,Active,2024-09-26
206336,101464,B013,Savings,Dormant,2022-01-21
206337,104163,B007,Savings,Active,2024-01-19
206338,104600,B012,Current,Active,2025-05-10
206339,102110,B019,Salary,Active,2024-11-04
206340,104944,B016,Savings,Closed,2023-02-05
206341,101159,B008,Savings,Active,2025-02-02
206342,102113,B014,Salary,Active,2022-07-16
206343,102293,B019,Savings,Active,2025-11-15
206344,101006,B005,Salary,Active,2025-12-01
206345,101916,B012,Salary,Active,2022-07-05
206346,102491,B015,Salary,Active,2024-06-09
206347,103498,B014,Savings,Active,2025-10-23
206348,102479,B010,Savings,Active,2022-06-15
206349,100518,B009,Current,Active,2024-07-30
206350,102331,B012,Savings,Active,2023-08-25
206351,104243,B010,Savings,Active,2023-03-21
206352,100102,B008,Savings,Active,2024-03-20
206353,104991,B018,Savings,Active,2023-05-21
206354,100642,B016,Savings,Active,2024-07-23
206355,100046,B013,Savings,Dormant,2025-10-18
206356,100706,B004,Savings,Active,2022-01-18
206357,101252,B011,Salary,Active,2021-11-18
206358,101759,B005,Savings,Dormant,2024-01-31
206359,104149,B004,Salary,Active,2025-10-21
206360,102904,B005,Salary,Active,2025-03-27
206361,103194,B004,Salary,Active,2023-01-09
206362,104390,B016,Premium Savings,Dormant,2025-01-06
206363,100658,B011,Premium Savings,Active,2025-07-23
206364,101117,B015,Savings,Active,2022-06-22
206365,104841,B020,Savings,Active,2021-07-11
206366,103857,B006,Salary,Active,2025-11-06
206367,100297,B004,Salary,Active,2021-10-17
206368,101132,B003,Savings,Active,2021-01-23
206369,101868,B001,Premium Savings,Active,2022-08-06
206370,100164,B001,Salary,Active,2024-11-22
206371,102915,B012,Salary,Active,2024-09-24
206372,103250,B014,Savings,Active,2022-08-02
206373,101680,B006,Current,Active,2024-06-05
206374,101074,B011,Savings,Active,2025-09-14
206375,102128,B005,Savings,Active,2021-01-13
206376,104599,B015,Savings,Active,2025-04-21
206377,103593,B015,Savings,Active,2024-01-02
206378,104668,B015,Salary,Active,2025-05-28
206379,102765,B011,Current,Active,2021-03-31
206380,100526,B017,Current,Active,2022-04-05
206381,100300,B002,Savings,Active,2022-11-30
206382,100974,B009,Premium Savings,Active,2024-12-24
206383,102606,B002,Premium Savings,Active,2024-05-21
206384,101053,B017,Salary,Active,2022-08-31
206385,101587,B002,Savings,Dormant,2022-03-18
206386,104558,B009,Savings,Active,2023-03-28
206387,100218,B004,Current,Dormant,2021-10-30
206388,100391,B015,Salary,Dormant,2025-07-09
206389,101949,B009,Premium Savings,Active,2025-02-25
206390,103756,B012,Savings,Dormant,2024-08-07
206391,104119,B020,Savings,Closed,2023-05-25
206392,101439,B019,Savings,Active,2024-03-15
206393,101454,B009,Savings,Active,2022-04-09
206394,102913,B008,Salary,Active,2021-08-24
206395,104330,B006,Current,Active,2022-03-01
206396,100887,B014,Salary,Active,2023-09-10
206397,104462,B020,Savings,Active,2025-10-17
206398,104033,B012,Savings,Active,2021-08-14
206399,101339,B012,Current,Active,2022-07-11
206400,103354,B020,Salary,Active,2021-05-17
206401,103145,B004,Salary,Active,2023-03-16
206402,100106,B002,Salary,Dormant,2025-09-24
206403,102009,B002,Current,Active,2021-04-04
206404,101186,B012,Savings,Active,2023-12-18
206405,100341,B018,Salary,Active,2021-10-10
206406,102332,B005,Premium Savings,Active,2021-01-12
206407,103514,B015,Savings,Active,2023-09-09
206408,102656,B018,Savings,Active,2023-05-06
206409,100444,B019,Savings,Active,2025-07-02
206410,104137,B016,Salary,Active,2022-06-08
206411,100353,B008,Current,Active,2024-03-03
206412,101935,B014,Savings,Active,2021-10-08
206413,102842,B012,Savings,Dormant,2023-11-23
206414,104635,B010,Salary,Active,2025-02-03
206415,103770,B015,Savings,Active,2022-12-05
206416,100970,B014,Savings,Active,2021-10-08
206417,102139,B017,Current,Active,2023-07-12
206418,104289,B012,Savings,Dormant,2021-10-31
206419,101239,B014,Savings,Active,2024-03-25
206420,104522,B006,Savings,Active,2022-03-01
206421,102668,B010,Savings,Active,2024-04-20
206422,103134,B017,Savings,Active,2024-07-24
206423,103315,B016,Savings,Active,2025-12-29
206424,104838,B011,Savings,Active,2021-12-15
206425,103439,B012,Salary,Active,2025-08-27
206426,102053,B006,Salary,Dormant,2022-08-10
206427,102951,B008,Savings,Active,2021-10-10
206428,103497,B014,Current,Active,2025-07-05
206429,102991,B003,Savings,Active,2023-11-08
206430,100051,B001,Salary,Active,2023-10-29
206431,104510,B012,Savings,Active,2022-07-05
206432,101374,B015,Savings,Active,2021-11-12
206433,103255,B020,Savings,Active,2021-04-23
206434,102832,B010,Savings,Active,2025-04-19
206435,100601,B003,Savings,Active,2021-02-07
206436,104380,B013,Savings,Active,2023-07-24
206437,100417,B007,Salary,Active,2022-05-02
206438,104765,B004,Savings,Active,2025-03-03
206439,104609,B013,Savings,Active,2024-07-06
206440,102898,B015,Salary,Active,2021-05-24
206441,104772,B002,Savings,Active,2021-08-22
206442,104280,B015,Savings,Dormant,2021-10-23
206443,104500,B012,Current,Active,2024-07-25
206444,103997,B015,Savings,Active,2021-06-17
206445,104646,B013,Salary,Active,2022-03-05
206446,103869,B010,Savings,Active,2023-05-29
206447,104402,B007,Savings,Active,2021-12-04
206448,100558,B013,Salary,Active,2022-12-08
206449,102135,B004,Salary,Active,2022-07-09
206450,102394,B011,Salary,Active,2023-01-30
206451,104548,B016,Savings,Active,2021-02-20
206452,102432,B005,Current,Active,2022-10-31
206453,102200,B002,Premium Savings,Active,2023-09-07
206454,103938,B001,Savings,Active,2023-02-14
206455,103251,B012,Premium Savings,Active,2025-09-15
206456,102931,B009,Salary,Active,2022-11-27
206457,104569,B014,Salary,Active,2022-07-10
206458,104100,B017,Savings,Dormant,2021-10-19
206459,103557,B020,Premium Savings,Active,2024-01-26
206460,104783,B007,Salary,Dormant,2023-11-05
206461,100242,B003,Salary,Active,2021-04-06
206462,102774,B015,Premium Savings,Active,2025-05-06
206463,100156,B001,Salary,Active,2025-11-21
206464,103959,B013,Current,Active,2025-12-20
206465,100636,B006,Current,Active,2024-11-21
206466,102803,B008,Salary,Active,2021-08-03
206467,103913,B003,Salary,Active,2025-06-24
206468,103129,B001,Current,Active,2023-01-21
206469,100294,B004,Current,Active,2025-04-26
206470,102381,B009,Salary,Active,2022-03-16
206471,103899,B006,Savings,Active,2024-06-07
206472,104798,B008,Salary,Active,2023-11-01
206473,104491,B003,Current,Active,2023-04-18
206474,104088,B003,Salary,Active,2022-10-20
206475,101535,B015,Savings,Active,2021-04-08
206476,103760,B017,Current,Active,2025-05-21
206477,100835,B015,Savings,Active,2024-08-12
206478,101648,B020,Current,Active,2025-09-03
206479,101418,B015,Salary,Active,2023-08-02
206480,102428,B003,Current,Active,2022-08-17
206481,104377,B015,Current,Active,2024-01-29
206482,104315,B005,Savings,Dormant,2022-10-13
206483,104464,B016,Current,Closed,2025-09-10
206484,104682,B013,Salary,Active,2023-09-04
206485,100141,B017,Salary,Dormant,2024-05-21
206486,104988,B020,Savings,Active,2024-03-05
206487,104388,B014,Current,Active,2022-12-11
206488,103673,B019,Salary,Active,2024-10-05
206489,100403,B011,Current,Active,2023-06-16
206490,103655,B019,Current,Active,2021-07-02
206491,103378,B002,Premium Savings,Active,2023-01-16
206492,100470,B009,Salary,Active,2021-04-04
206493,101010,B016,Savings,Active,2024-09-03
206494,103758,B020,Current,Dormant,2024-05-22
206495,100836,B018,Current,Active,2025-06-24
206496,101734,B008,Salary,Active,2023-05-24
206497,103041,B013,Savings,Active,2025-12-15
206498,104324,B002,Savings,Active,2024-05-12
206499,101423,B003,Current,Active,2022-12-06
206500,100057,B015,Savings,Active,2022-07-05
