customer_id,first_name,last_name,gender,age,city,customer_segment,signup_date,credit_score
100001,Arjun,Joshi,Female,63,Shivamogga,Mass,2022-05-11,776
100002,Aarav,Kumar,Female,55,Mumbai,Wealth,2025-02-03,683
100003,Aditi,Nair,Male,40,Bhopal,Mass,2024-08-13,798
100004,Meera,Gupta,Male,24,Mangaluru,Mass Affluent,2023-10-03,621
100005,Nisha,Kumar,Female,28,Mangaluru,Mass,2023-09-25,728
100006,Akash,Rao,Female,32,Mumbai,Mass Affluent,2025-06-07,733
100007,Isha,Gupta,Other,40,Kolkata,Mass Affluent,2022-05-06,769
100008,Varun,Reddy,Female,62,Coimbatore,Mass,2024-10-15,663
100009,Kavya,Kulkarni,Female,26,Noida,Premium,2022-10-22,597
100010,Rohan,Sharma,Female,48,Delhi,Mass,2022-05-18,747
100011,Varun,Gupta,Female,37,Bhopal,Premium,2024-02-08,772
100012,Vivaan,Iyer,Female,23,Hubballi,Mass,2025-11-25,806
100013,Sneha,Gupta,Male,50,Indore,Mass Affluent,2024-12-10,710
100014,Sanjay,Rao,Female,54,Mumbai,Mass,2025-01-16,789
100015,Meera,Verma,Female,66,Pune,Mass Affluent,2024-11-13,769
100016,Sanjay,Gupta,Female,44,Visakhapatnam,Mass,2025-02-21,828
100017,Vivaan,Desai,Female,36,Kolkata,Mass Affluent,2024-01-20,731
100018,Priya,Verma,Female,61,Chennai,Mass,2022-07-07,614
100019,Nisha,Desai,Male,32,Mumbai,Mass,2025-05-11,730
100020,Aditi,Iyer,Male,53,Chennai,Premium,2023-10-20,741
100021,Vikram,Kumar,Male,65,Kochi,Mass Affluent,2024-01-01,771
100022,Isha,Kumar,Male,21,Hubballi,Mass Affluent,2023-06-26,628
100023,Meera,Gupta,Male,64,Hubballi,Mass Affluent,2022-09-24,713
100024,Ananya,Nair,Male,30,Mumbai,Mass,2025-09-15,796
100025,Vikram,Patel,Male,43,Delhi,Premium,2025-02-15,728
100026,Aditya,Kumar,Male,33,Coimbatore,Mass,2024-07-29,714
100027,Rohan,Kulkarni,Female,27,Shivamogga,Wealth,2023-08-11,850
100028,Vivaan,Verma,Female,54,Kochi,Premium,2025-04-16,660
100029,Kavya,Rao,Male,43,Indore,Mass,2024-03-07,821
100030,Rahul,Reddy,Male,44,Chennai,Mass,2023-10-10,806
100031,Kiran,Sharma,Male,43,Visakhapatnam,Mass Affluent,2023-10-20,719
100032,Varun,Singh,Male,56,Bhopal,Mass Affluent,2022-11-28,733
100033,Neha,Desai,Male,66,Kochi,Mass,2022-05-15,732
100034,Aditya,Nair,Male,45,Hyderabad,Mass,2024-03-20,748
100035,Aarav,Rao,Male,28,Mumbai,Mass,2025-07-20,693
100036,Rahul,Nair,Other,36,Bhopal,Premium,2022-04-04,705
100037,Sanjay,Nair,Female,44,Chennai,Mass Affluent,2025-06-07,710
100038,Priya,Gupta,Female,25,Bengaluru,Mass,2025-04-23,712
100039,Akash,Kulkarni,Male,31,Jaipur,Mass Affluent,2023-02-09,713
100040,Rahul,Iyer,Male,30,Mumbai,Premium,2024-07-11,578
100041,Neha,Shetty,Female,66,Indore,Wealth,2022-08-30,742
100042,Arjun,Mehta,Male,39,Bhopal,Mass,2025-01-11,698
100043,Neha,Joshi,Female,62,Mangaluru,Mass,2024-10-19,604
100044,Sneha,Desai,Other,46,Indore,Mass,2023-06-02,710
100045,Varun,Shetty,Female,44,Indore,Mass Affluent,2022-04-10,708
100046,Neha,Mehta,Male,65,Kochi,Mass,2025-11-18,824
100047,Nisha,Nair,Female,53,Pune,Mass,2023-10-13,697
100048,Aditi,Gupta,Male,32,Ahmedabad,Premium,2025-07-27,782
100049,Rohan,Singh,Male,34,Bhopal,Mass Affluent,2024-09-16,832
100050,Sanjay,Gupta,Male,52,Coimbatore,Mass,2025-02-10,691
100051,Ananya,Singh,Female,21,Chennai,Mass,2025-01-14,732
100052,Arjun,Gupta,Female,28,Jaipur,Mass,2022-10-12,850
100053,Akash,Rao,Male,24,Hyderabad,Mass,2023-06-16,751
100054,Sanjay,Iyer,Male,54,Pune,Mass,2023-11-13,761
100055,Aarav,Iyer,Female,41,Ahmedabad,Mass,2023-12-28,706
100056,Sanjay,Singh,Female,21,Delhi,Mass,2022-03-05,783
100057,Sanjay,Verma,Male,55,Shivamogga,Premium,2024-03-08,732
100058,Varun,Shetty,Male,51,Ahmedabad,Premium,2022-08-14,607
100059,Rohan,Nair,Female,54,Mumbai,Mass,2024-12-21,710
100060,Aditi,Sharma,Female,28,Noida,Mass Affluent,2024-09-24,652
100061,Priya,Patel,Female,62,Hyderabad,Mass,2025-09-08,743
100062,Aditi,Sharma,Male,29,Bhopal,Premium,2024-12-23,671
100063,Aditi,Desai,Male,47,Bhopal,Premium,2023-06-20,768
100064,Aditi,Desai,Male,47,Delhi,Mass Affluent,2025-11-13,738
100065,Priya,Patel,Male,31,Jaipur,Mass Affluent,2023-08-23,648
100066,Meera,Sharma,Female,38,Hubballi,Mass,2023-04-21,701
100067,Priya,Rao,Male,23,Visakhapatnam,Mass,2025-08-15,778
100068,Aarav,Nair,Female,43,Shivamogga,Mass Affluent,2023-06-25,815
100069,Aarav,Singh,Female,52,Bhopal,Mass,2022-04-22,672
100070,Akash,Gupta,Other,35,Coimbatore,Mass Affluent,2023-11-17,658
100071,Sanjay,Kumar,Female,46,Hubballi,Mass Affluent,2025-03-07,850
100072,Sneha,Reddy,Female,65,Bengaluru,Mass,2022-10-04,734
100073,Arjun,Joshi,Male,32,Jaipur,Mass Affluent,2023-11-07,741
100074,Nisha,Mehta,Male,34,Bhopal,Premium,2022-07-09,683
100075,Aditya,Rao,Male,26,Jaipur,Mass Affluent,2024-09-29,750
100076,Neha,Reddy,Other,46,Mysuru,Mass Affluent,2023-11-26,850
100077,Kiran,Shetty,Female,30,Kolkata,Premium,2023-04-28,753
100078,Aarav,Mehta,Male,61,Hyderabad,Mass,2022-11-28,810
100079,Varun,Kulkarni,Male,34,Indore,Mass Affluent,2024-04-04,737
100080,Priya,Rao,Male,52,Coimbatore,Mass,2024-09-04,663
100081,Kiran,Patel,Male,29,Kochi,Mass,2025-10-04,687
100082,Priya,Kumar,Female,36,Chennai,Wealth,2023-10-01,657
100083,Aarav,Kumar,Male,29,Mumbai,Mass,2022-08-23,750
100084,Ananya,Reddy,Female,46,Coimbatore,Mass,2025-04-30,821
100085,Priya,Reddy,Female,22,Mangaluru,Mass,2024-07-08,746
100086,Kiran,Singh,Male,24,Mangaluru,Wealth,2024-10-19,713
100087,Varun,Shetty,Male,44,Mysuru,Premium,2022-05-22,680
100088,Rahul,Joshi,Other,46,Gurugram,Mass,2023-04-02,760
100089,Aditya,Iyer,Female,36,Mysuru,Mass Affluent,2025-01-26,648
100090,Priya,Kumar,Male,41,Noida,Mass,2025-04-30,656
100091,Vikram,Reddy,Male,40,Hubballi,Mass Affluent,2023-09-28,798
100092,Neha,Kulkarni,Female,56,Bhopal,Mass Affluent,2025-03-20,716
100093,Aarav,Shetty,Female,41,Chennai,Mass,2025-05-13,714
100094,Akash,Kumar,Female,60,Mysuru,Mass Affluent,2023-07-20,723
100095,Ananya,Desai,Female,31,Ahmedabad,Premium,2025-08-04,786
100096,Arjun,Desai,Female,30,Mumbai,Mass,2023-02-25,747
100097,Aditi,Kulkarni,Male,39,Pune,Mass,2022-12-16,683
100098,Kiran,Reddy,Female,24,Ahmedabad,Wealth,2024-09-23,686
100099,Sanjay,Gupta,Male,52,Visakhapatnam,Mass,2024-07-18,721
100100,Rohan,Kulkarni,Female,39,Visakhapatnam,Mass Affluent,2022-07-24,756
100101,Sneha,Desai,Other,38,Chennai,Mass Affluent,2025-04-30,733
100102,Priya,Kumar,Other,46,Coimbatore,Mass,2022-10-19,726
100103,Rahul,Mehta,Female,24,Shivamogga,Mass,2025-03-21,738
100104,Isha,Iyer,Female,38,Coimbatore,Mass,2022-01-11,732
100105,Aditya,Nair,Female,66,Indore,Mass,2025-03-09,680
100106,Aditi,Shetty,Other,50,Gurugram,Mass Affluent,2025-02-22,812
100107,Nisha,Rao,Female,47,Gurugram,Premium,2025-02-13,701
100108,Akash,Patel,Male,44,Noida,Mass,2024-08-28,744
100109,Kiran,Shetty,Male,43,Mysuru,Mass Affluent,2023-11-20,591
100110,Rohan,Desai,Female,65,Bhopal,Mass,2024-10-26,720
100111,Priya,Shetty,Female,64,Jaipur,Mass,2023-02-09,658
100112,Meera,Singh,Female,40,Bhopal,Mass Affluent,2025-02-13,666
100113,Akash,Sharma,Female,64,Mangaluru,Mass,2024-03-22,850
100114,Aarav,Shetty,Male,24,Coimbatore,Mass Affluent,2023-11-02,752
100115,Rahul,Verma,Male,36,Hyderabad,Mass,2024-01-09,821
100116,Rohan,Shetty,Female,35,Coimbatore,Mass Affluent,2024-04-10,795
100117,Rohan,Kulkarni,Male,53,Visakhapatnam,Premium,2022-02-24,804
100118,Isha,Gupta,Female,49,Bhopal,Mass,2022-07-24,721
100119,Vikram,Nair,Female,43,Indore,Premium,2022-12-25,847
100120,Aarav,Sharma,Female,33,Mangaluru,Mass,2022-06-17,794
100121,Varun,Shetty,Male,44,Mumbai,Mass,2023-10-04,738
100122,Aditi,Reddy,Female,33,Pune,Mass,2024-09-02,753
100123,Aditi,Verma,Male,44,Gurugram,Premium,2024-08-13,725
100124,Meera,Reddy,Male,36,Visakhapatnam,Mass Affluent,2023-11-19,739
100125,Aditya,Mehta,Male,62,Ahmedabad,Wealth,2025-06-02,732
100126,Kavya,Singh,Male,56,Gurugram,Mass Affluent,2024-04-05,762
100127,Rahul,Iyer,Female,29,Coimbatore,Mass,2022-04-26,850
100128,Priya,Reddy,Female,65,Hubballi,Premium,2025-01-21,651
100129,Meera,Kumar,Male,51,Ahmedabad,Wealth,2024-04-18,815
100130,Aditi,Mehta,Female,37,Gurugram,Premium,2024-07-15,709
100131,Kiran,Singh,Female,45,Shivamogga,Mass Affluent,2024-04-05,824
100132,Neha,Nair,Female,30,Kolkata,Premium,2024-03-19,712
100133,Isha,Kulkarni,Female,23,Coimbatore,Mass,2022-05-13,764
100134,Aarav,Gupta,Female,40,Coimbatore,Premium,2024-03-27,724
100135,Kavya,Sharma,Male,57,Coimbatore,Wealth,2025-03-06,614
100136,Vivaan,Joshi,Male,37,Coimbatore,Mass Affluent,2023-03-20,850
100137,Isha,Joshi,Female,39,Delhi,Mass,2024-05-30,669
100138,Meera,Singh,Female,67,Bengaluru,Mass,2022-02-14,741
100139,Vivaan,Kumar,Female,67,Visakhapatnam,Wealth,2023-05-23,661
100140,Akash,Nair,Male,42,Delhi,Premium,2023-09-30,641
100141,Neha,Joshi,Male,23,Kolkata,Mass Affluent,2025-12-05,721
100142,Aarav,Singh,Female,52,Bengaluru,Wealth,2022-11-10,693
100143,Meera,Iyer,Male,54,Bhopal,Mass Affluent,2023-02-08,653
100144,Sneha,Joshi,Female,63,Bhopal,Premium,2023-08-20,733
100145,Aditi,Kumar,Female,65,Indore,Mass,2025-12-20,631
100146,Nisha,Iyer,Male,50,Hubballi,Mass,2025-05-30,744
100147,Isha,Kulkarni,Male,26,Coimbatore,Mass Affluent,2022-02-20,726
100148,Varun,Nair,Male,32,Kolkata,Mass,2022-12-08,561
100149,Neha,Shetty,Male,54,Mangaluru,Mass,2025-04-14,698
100150,Priya,Kulkarni,Female,49,Noida,Premium,2022-03-27,768
100151,Arjun,Gupta,Female,41,Delhi,Mass,2025-06-03,661
100152,Aditi,Kumar,Male,39,Kolkata,Mass Affluent,2023-02-15,771
100153,Rohan,Joshi,Female,54,Mysuru,Mass,2025-09-01,765
100154,Meera,Nair,Male,40,Noida,Premium,2023-03-05,664
100155,Varun,Nair,Male,28,Ahmedabad,Mass,2023-09-27,734
100156,Vikram,Reddy,Female,67,Jaipur,Mass Affluent,2024-08-24,793
100157,Sanjay,Patel,Female,37,Kochi,Mass Affluent,2022-07-04,674
100158,Aditya,Joshi,Female,34,Kolkata,Mass,2024-03-24,721
100159,Aditya,Mehta,Male,24,Jaipur,Mass,2024-01-08,816
100160,Sanjay,Verma,Female,43,Mysuru,Mass,2025-02-18,675
100161,Neha,Desai,Male,67,Kochi,Mass,2025-12-25,767
100162,Aarav,Reddy,Other,28,Hyderabad,Mass,2024-08-27,659
100163,Rohan,Iyer,Female,32,Gurugram,Mass,2023-08-21,724
100164,Varun,Shetty,Female,29,Gurugram,Mass Affluent,2023-08-17,766
100165,Neha,Iyer,Male,25,Visakhapatnam,Mass,2023-09-03,567
100166,Vivaan,Iyer,Male,49,Mumbai,Mass,2025-04-03,698
100167,Kavya,Joshi,Female,35,Hyderabad,Mass,2023-04-14,765
100168,Arjun,Sharma,Male,56,Kochi,Mass Affluent,2022-09-01,751
100169,Neha,Desai,Female,39,Kolkata,Mass Affluent,2023-05-04,698
100170,Aarav,Mehta,Female,50,Mumbai,Mass Affluent,2022-02-03,658
100171,Aditi,Patel,Other,25,Mumbai,Mass Affluent,2022-06-04,779
100172,Ananya,Iyer,Male,36,Coimbatore,Mass Affluent,2022-05-12,712
100173,Vikram,Nair,Female,40,Coimbatore,Mass,2025-01-31,773
100174,Kiran,Rao,Male,23,Mangaluru,Mass,2024-11-20,762
100175,Rahul,Kulkarni,Male,40,Hyderabad,Mass Affluent,2024-10-14,704
100176,Arjun,Iyer,Female,43,Kochi,Mass,2023-11-06,810
100177,Rahul,Rao,Male,39,Mangaluru,Premium,2024-11-12,693
100178,Isha,Kulkarni,Other,44,Hubballi,Mass Affluent,2022-08-24,818
100179,Vivaan,Desai,Female,58,Hubballi,Mass Affluent,2025-08-07,827
100180,Ananya,Singh,Other,57,Gurugram,Mass Affluent,2024-01-02,809
100181,Vikram,Desai,Other,21,Delhi,Premium,2025-10-01,722
100182,Nisha,Iyer,Female,51,Mumbai,Mass,2022-08-11,850
100183,Aditi,Sharma,Male,63,Mangaluru,Mass,2023-12-28,746
100184,Vikram,Rao,Female,61,Kolkata,Premium,2024-10-13,752
100185,Nisha,Desai,Male,36,Coimbatore,Mass Affluent,2023-12-25,733
100186,Meera,Joshi,Female,57,Shivamogga,Mass,2023-10-14,656
100187,Vikram,Iyer,Female,58,Ahmedabad,Mass,2022-08-31,826
100188,Aditya,Joshi,Female,38,Kochi,Mass,2023-07-11,695
100189,Varun,Patel,Male,61,Noida,Premium,2022-12-15,799
100190,Rohan,Kulkarni,Male,50,Noida,Mass,2023-03-17,816
100191,Kavya,Sharma,Male,56,Hubballi,Mass,2024-09-25,777
100192,Sanjay,Shetty,Male,56,Visakhapatnam,Mass,2024-07-09,687
100193,Isha,Sharma,Male,57,Visakhapatnam,Wealth,2024-06-05,711
100194,Vivaan,Verma,Male,65,Jaipur,Mass Affluent,2023-06-13,548
100195,Neha,Mehta,Male,61,Indore,Mass Affluent,2025-11-02,727
100196,Ananya,Gupta,Female,40,Kolkata,Premium,2022-05-08,791
100197,Sanjay,Gupta,Male,47,Ahmedabad,Mass,2023-05-16,718
100198,Sanjay,Desai,Female,51,Coimbatore,Premium,2022-06-22,694
100199,Sneha,Kulkarni,Male,61,Bengaluru,Mass Affluent,2023-05-10,714
100200,Akash,Desai,Female,39,Shivamogga,Mass Affluent,2025-11-05,820
100201,Ananya,Kumar,Male,35,Shivamogga,Premium,2023-06-19,731
100202,Ananya,Shetty,Female,55,Kolkata,Wealth,2025-08-19,850
100203,Varun,Desai,Female,65,Shivamogga,Mass,2023-12-24,695
100204,Meera,Singh,Female,63,Hyderabad,Mass,2024-10-18,750
100205,Priya,Verma,Male,27,Delhi,Premium,2023-10-30,705
100206,Isha,Sharma,Female,64,Jaipur,Mass,2023-01-24,850
100207,Kavya,Mehta,Male,58,Gurugram,Mass Affluent,2025-01-20,748
100208,Nisha,Gupta,Male,28,Bengaluru,Mass,2025-11-15,850
100209,Isha,Rao,Male,21,Ahmedabad,Premium,2023-01-20,706
100210,Aarav,Desai,Female,30,Chennai,Mass Affluent,2025-02-10,842
100211,Aditya,Kumar,Male,64,Mangaluru,Wealth,2023-01-17,743
100212,Aditya,Iyer,Female,56,Ahmedabad,Mass Affluent,2024-11-12,794
100213,Isha,Desai,Male,48,Pune,Wealth,2025-02-25,650
100214,Aditi,Reddy,Male,50,Delhi,Mass Affluent,2023-10-19,759
100215,Varun,Desai,Male,40,Visakhapatnam,Mass Affluent,2024-12-11,660
100216,Rahul,Singh,Male,63,Shivamogga,Mass Affluent,2023-02-02,753
100217,Nisha,Shetty,Female,28,Bhopal,Mass Affluent,2022-04-26,629
100218,Meera,Nair,Female,35,Delhi,Mass Affluent,2022-05-21,728
100219,Vivaan,Verma,Female,30,Indore,Mass,2023-10-15,812
100220,Neha,Desai,Male,60,Coimbatore,Mass,2025-08-10,773
100221,Kiran,Joshi,Male,46,Coimbatore,Mass Affluent,2022-07-06,649
100222,Vikram,Reddy,Female,53,Shivamogga,Mass,2023-10-28,602
100223,Sanjay,Iyer,Male,64,Kochi,Mass Affluent,2024-10-24,770
100224,Varun,Gupta,Male,30,Hyderabad,Mass,2022-10-23,846
100225,Priya,Rao,Female,66,Indore,Mass,2024-11-19,668
100226,Isha,Rao,Male,26,Visakhapatnam,Mass Affluent,2023-03-23,850
100227,Kiran,Joshi,Male,56,Kolkata,Mass,2025-03-26,735
100228,Nisha,Kulkarni,Male,54,Indore,Wealth,2024-04-25,598
100229,Vivaan,Patel,Female,59,Gurugram,Wealth,2024-03-09,626
100230,Rohan,Patel,Male,28,Bengaluru,Mass,2022-09-16,789
100231,Aditya,Sharma,Female,66,Bhopal,Mass,2023-11-08,744
100232,Isha,Mehta,Male,58,Gurugram,Mass,2025-06-04,839
100233,Rohan,Reddy,Male,26,Bengaluru,Premium,2022-01-29,651
100234,Arjun,Gupta,Male,47,Mysuru,Mass,2025-01-12,743
100235,Neha,Desai,Female,59,Jaipur,Premium,2023-12-21,735
100236,Vikram,Rao,Male,43,Indore,Wealth,2024-11-16,725
100237,Sneha,Kulkarni,Female,38,Ahmedabad,Mass,2024-08-26,708
100238,Varun,Sharma,Male,33,Chennai,Mass Affluent,2023-09-23,710
100239,Sanjay,Iyer,Male,45,Mumbai,Mass Affluent,2023-03-27,747
100240,Sanjay,Nair,Male,67,Chennai,Mass Affluent,2024-07-04,756
100241,Neha,Verma,Female,49,Mumbai,Mass,2022-07-24,753
100242,Vikram,Gupta,Male,54,Pune,Mass Affluent,2024-05-02,819
100243,Sanjay,Shetty,Female,57,Mangaluru,Mass,2022-05-19,651
100244,Akash,Singh,Female,57,Noida,Premium,2024-08-06,608
100245,Neha,Patel,Female,39,Shivamogga,Mass,2024-07-06,806
100246,Rahul,Iyer,Female,57,Mangaluru,Mass Affluent,2022-05-04,669
100247,Sneha,Kumar,Female,36,Pune,Premium,2025-01-10,708
100248,Sanjay,Shetty,Female,48,Kochi,Mass Affluent,2023-08-31,692
100249,Sanjay,Rao,Male,35,Noida,Mass Affluent,2025-02-22,691
100250,Sneha,Shetty,Female,65,Delhi,Mass,2022-03-02,633
100251,Aditya,Shetty,Female,55,Noida,Mass Affluent,2022-09-20,695
100252,Ananya,Sharma,Male,48,Noida,Mass,2023-12-23,780
100253,Kavya,Gupta,Female,42,Delhi,Wealth,2022-10-02,735
100254,Sneha,Iyer,Female,45,Coimbatore,Mass,2023-04-27,770
100255,Kiran,Patel,Male,57,Jaipur,Mass,2024-08-22,700
100256,Kiran,Kumar,Female,33,Hubballi,Premium,2022-07-31,798
100257,Vivaan,Rao,Male,59,Coimbatore,Mass,2024-09-16,699
100258,Rohan,Mehta,Male,34,Hubballi,Premium,2022-05-31,587
100259,Meera,Nair,Male,27,Mysuru,Mass,2022-09-13,757
100260,Rahul,Kulkarni,Female,55,Chennai,Mass,2024-05-07,789
100261,Akash,Reddy,Male,54,Hyderabad,Mass Affluent,2025-03-04,696
100262,Vivaan,Singh,Female,36,Kochi,Mass Affluent,2022-09-07,819
100263,Sneha,Mehta,Male,51,Ahmedabad,Premium,2023-03-14,675
100264,Isha,Reddy,Male,55,Mysuru,Mass,2025-09-12,782
100265,Varun,Gupta,Female,58,Delhi,Mass,2025-12-15,850
100266,Vikram,Kumar,Male,65,Kochi,Mass,2024-04-28,738
100267,Priya,Singh,Female,61,Jaipur,Mass,2023-10-15,719
100268,Aditi,Nair,Male,41,Gurugram,Mass Affluent,2023-05-22,728
100269,Meera,Joshi,Other,31,Kolkata,Mass,2024-06-13,849
100270,Priya,Mehta,Female,25,Noida,Mass Affluent,2024-05-12,763
100271,Arjun,Kulkarni,Male,47,Shivamogga,Premium,2023-03-07,850
100272,Ananya,Nair,Male,52,Noida,Mass,2022-02-03,755
100273,Rahul,Nair,Male,53,Ahmedabad,Mass Affluent,2022-08-10,689
100274,Isha,Sharma,Female,21,Mysuru,Mass,2025-10-31,694
100275,Aditi,Kumar,Female,53,Ahmedabad,Premium,2023-09-03,739
100276,Rahul,Sharma,Male,57,Shivamogga,Mass,2023-12-06,592
100277,Rahul,Desai,Male,54,Bengaluru,Mass Affluent,2023-11-13,702
100278,Varun,Kumar,Female,45,Kochi,Mass,2025-02-16,703
100279,Neha,Joshi,Male,21,Hyderabad,Mass,2022-04-05,752
100280,Arjun,Desai,Female,44,Chennai,Mass,2022-05-01,850
100281,Kavya,Verma,Female,51,Kolkata,Mass,2023-02-07,739
100282,Kavya,Gupta,Male,47,Noida,Premium,2023-12-12,600
100283,Varun,Sharma,Female,48,Kolkata,Mass,2024-09-06,671
100284,Nisha,Shetty,Male,45,Indore,Wealth,2023-12-18,753
100285,Akash,Shetty,Male,46,Ahmedabad,Mass Affluent,2023-10-07,742
100286,Sneha,Singh,Other,36,Bengaluru,Mass,2025-10-01,849
100287,Rohan,Rao,Female,49,Shivamogga,Mass,2022-08-24,802
100288,Vikram,Mehta,Female,34,Chennai,Mass,2024-04-14,800
100289,Rohan,Kumar,Female,44,Delhi,Premium,2024-03-02,720
100290,Rohan,Singh,Male,40,Hyderabad,Mass,2023-11-23,812
100291,Varun,Singh,Female,54,Hubballi,Premium,2025-03-25,672
100292,Vikram,Desai,Female,63,Mangaluru,Mass,2023-01-25,803
100293,Kiran,Patel,Male,50,Mangaluru,Mass,2025-10-24,715
100294,Kavya,Mehta,Male,27,Visakhapatnam,Mass,2023-04-30,634
100295,Sanjay,Rao,Female,52,Hyderabad,Mass Affluent,2024-03-06,777
100296,Nisha,Nair,Female,36,Visakhapatnam,Mass Affluent,2024-01-31,833
100297,Aarav,Shetty,Male,23,Mumbai,Premium,2025-05-25,707
100298,Meera,Mehta,Female,30,Mumbai,Mass,2023-10-03,844
100299,Arjun,Rao,Male,67,Delhi,Mass,2023-02-20,619
100300,Varun,Singh,Male,41,Indore,Premium,2022-02-01,651
100301,Vivaan,Sharma,Male,30,Noida,Mass Affluent,2023-06-15,725
100302,Akash,Gupta,Female,27,Bengaluru,Premium,2025-04-21,709
100303,Arjun,Reddy,Male,51,Pune,Mass,2022-01-15,688
100304,Ananya,Patel,Female,56,Visakhapatnam,Mass Affluent,2025-08-01,744
100305,Rahul,Kulkarni,Male,37,Hubballi,Mass,2024-03-03,698
100306,Varun,Nair,Female,25,Coimbatore,Wealth,2022-07-24,710
100307,Neha,Gupta,Female,37,Indore,Mass,2023-03-18,754
100308,Kavya,Kumar,Male,52,Shivamogga,Premium,2024-03-19,688
100309,Vivaan,Patel,Female,26,Noida,Mass,2023-04-06,728
100310,Isha,Sharma,Male,33,Noida,Premium,2022-06-08,690
100311,Sanjay,Joshi,Male,21,Kochi,Premium,2024-08-30,651
100312,Sanjay,Sharma,Female,43,Kochi,Premium,2024-09-08,788
100313,Rahul,Iyer,Female,29,Mysuru,Mass Affluent,2022-06-23,850
100314,Neha,Singh,Male,30,Mumbai,Mass,2023-02-15,810
100315,Ananya,Nair,Female,26,Indore,Premium,2022-12-23,758
100316,Sneha,Shetty,Male,55,Hyderabad,Mass Affluent,2024-08-20,690
100317,Priya,Singh,Female,44,Shivamogga,Mass Affluent,2024-12-02,715
100318,Aditya,Iyer,Female,65,Kolkata,Mass,2024-11-27,809
100319,Nisha,Patel,Other,39,Hubballi,Mass,2025-10-02,575
100320,Rahul,Singh,Male,31,Mangaluru,Mass,2025-01-27,710
100321,Kiran,Kulkarni,Female,30,Kochi,Mass Affluent,2023-04-14,786
100322,Varun,Kulkarni,Female,65,Mangaluru,Mass,2022-06-07,655
100323,Meera,Nair,Male,48,Bhopal,Mass,2024-06-16,765
100324,Neha,Kulkarni,Male,36,Shivamogga,Premium,2025-08-30,761
100325,Sanjay,Nair,Other,51,Mangaluru,Mass Affluent,2025-11-24,633
100326,Neha,Patel,Male,47,Jaipur,Premium,2022-12-03,741
100327,Sneha,Mehta,Female,26,Hubballi,Mass,2022-12-12,692
100328,Rahul,Iyer,Male,53,Hyderabad,Mass,2022-02-24,764
100329,Arjun,Gupta,Female,26,Hyderabad,Mass Affluent,2022-07-26,782
100330,Isha,Gupta,Male,30,Gurugram,Mass,2024-03-21,763
100331,Sneha,Singh,Other,54,Delhi,Mass Affluent,2024-03-09,740
100332,Varun,Rao,Female,41,Hubballi,Mass,2023-06-26,755
100333,Neha,Nair,Male,31,Shivamogga,Mass Affluent,2023-03-29,653
100334,Vikram,Joshi,Female,24,Hubballi,Mass,2025-04-26,733
100335,Aditi,Singh,Female,48,Mysuru,Mass Affluent,2023-11-03,679
100336,Vivaan,Rao,Male,53,Ahmedabad,Premium,2025-03-26,807
100337,Kavya,Kumar,Male,30,Delhi,Mass,2025-11-07,783
100338,Sneha,Patel,Female,40,Mangaluru,Mass,2023-04-09,783
100339,Neha,Mehta,Female,37,Mumbai,Mass Affluent,2022-10-23,850
100340,Isha,Singh,Male,62,Ahmedabad,Mass Affluent,2025-10-23,712
100341,Kiran,Gupta,Female,58,Pune,Mass,2024-07-15,697
100342,Aditi,Verma,Male,33,Chennai,Mass,2023-03-01,710
100343,Sneha,Desai,Male,45,Jaipur,Premium,2024-06-26,623
100344,Ananya,Gupta,Female,64,Ahmedabad,Mass Affluent,2024-01-22,628
100345,Rohan,Verma,Male,37,Jaipur,Mass Affluent,2025-08-15,778
100346,Neha,Desai,Male,27,Hyderabad,Mass,2023-01-09,637
100347,Isha,Kulkarni,Female,35,Delhi,Premium,2025-12-18,660
100348,Isha,Sharma,Male,49,Coimbatore,Mass,2025-09-28,728
100349,Kiran,Rao,Male,67,Bhopal,Mass,2022-09-21,706
100350,Sneha,Reddy,Female,35,Mysuru,Mass Affluent,2022-08-29,797
100351,Rahul,Mehta,Female,23,Coimbatore,Mass Affluent,2024-02-18,739
100352,Priya,Sharma,Female,29,Bhopal,Mass Affluent,2022-03-07,679
100353,Aditya,Kumar,Female,40,Indore,Mass,2023-03-13,803
100354,Isha,Reddy,Female,25,Pune,Mass,2023-09-28,786
100355,Nisha,Gupta,Male,22,Gurugram,Mass Affluent,2025-11-16,636
100356,Varun,Sharma,Female,51,Bengaluru,Mass,2025-12-19,753
100357,Meera,Sharma,Male,59,Mangaluru,Mass Affluent,2022-08-10,685
100358,Kavya,Nair,Male,31,Noida,Mass Affluent,2025-07-25,683
100359,Vivaan,Kulkarni,Female,45,Shivamogga,Mass,2022-05-13,850
100360,Kiran,Nair,Female,47,Shivamogga,Mass Affluent,2024-12-28,744
100361,Meera,Iyer,Female,52,Pune,Premium,2025-05-19,720
100362,Varun,Gupta,Male,67,Delhi,Premium,2025-07-24,741
100363,Sneha,Shetty,Male,62,Hubballi,Mass,2022-11-23,796
100364,Vikram,Joshi,Female,35,Coimbatore,Mass Affluent,2025-07-28,686
100365,Rohan,Shetty,Female,66,Ahmedabad,Premium,2022-06-19,698
100366,Arjun,Sharma,Male,22,Kochi,Mass Affluent,2024-01-28,781
100367,Vivaan,Kumar,Male,66,Indore,Mass,2023-11-17,629
100368,Sneha,Verma,Male,27,Kolkata,Mass,2023-04-07,804
100369,Meera,Joshi,Female,26,Hyderabad,Mass Affluent,2022-02-02,623
100370,Rohan,Sharma,Female,26,Visakhapatnam,Premium,2025-02-01,718
100371,Nisha,Patel,Male,26,Noida,Premium,2023-05-05,623
100372,Kavya,Desai,Male,42,Delhi,Premium,2024-08-24,661
100373,Neha,Singh,Male,51,Chennai,Mass,2023-08-22,826
100374,Rahul,Sharma,Male,55,Bengaluru,Mass Affluent,2023-06-30,808
100375,Kavya,Verma,Female,21,Visakhapatnam,Mass,2025-07-17,816
100376,Meera,Nair,Male,34,Coimbatore,Mass,2022-05-18,634
100377,Arjun,Iyer,Female,27,Ahmedabad,Mass,2024-12-11,661
100378,Rohan,Mehta,Female,27,Shivamogga,Premium,2024-12-26,759
100379,Isha,Singh,Other,56,Indore,Mass,2023-07-09,785
100380,Priya,Shetty,Female,51,Hubballi,Mass Affluent,2023-01-19,679
100381,Arjun,Rao,Male,30,Shivamogga,Mass,2022-01-08,694
100382,Sanjay,Gupta,Male,35,Mysuru,Mass,2025-09-29,656
100383,Neha,Kumar,Male,64,Pune,Mass Affluent,2025-10-15,850
100384,Neha,Verma,Female,48,Mumbai,Mass,2022-12-18,702
100385,Vivaan,Rao,Male,32,Kochi,Mass,2022-02-16,737
100386,Vikram,Patel,Male,64,Mumbai,Mass Affluent,2022-06-29,741
100387,Rahul,Reddy,Male,30,Visakhapatnam,Premium,2022-04-09,812
100388,Akash,Verma,Male,34,Mumbai,Mass Affluent,2025-04-28,668
100389,Isha,Patel,Female,53,Gurugram,Premium,2025-07-26,817
100390,Vikram,Mehta,Female,45,Noida,Mass,2022-08-12,645
100391,Arjun,Patel,Female,24,Coimbatore,Mass,2024-12-26,817
100392,Arjun,Kulkarni,Female,58,Kochi,Mass,2022-09-19,615
100393,Varun,Verma,Male,31,Bhopal,Wealth,2023-06-21,728
100394,Varun,Iyer,Male,53,Indore,Mass,2024-05-25,849
100395,Priya,Singh,Male,36,Mangaluru,Mass,2024-11-17,784
100396,Aarav,Joshi,Female,56,Mysuru,Wealth,2025-06-30,764
100397,Sanjay,Rao,Female,63,Chennai,Wealth,2022-03-07,662
100398,Neha,Rao,Male,57,Hubballi,Mass,2022-10-14,684
100399,Sanjay,Kumar,Female,64,Delhi,Premium,2023-02-14,829
100400,Vikram,Shetty,Male,46,Noida,Mass,2023-03-30,768
100401,Vikram,Kulkarni,Male,24,Pune,Mass Affluent,2025-12-28,797
100402,Meera,Kumar,Female,46,Mysuru,Mass Affluent,2025-02-09,740
100403,Meera,Verma,Female,42,Visakhapatnam,Wealth,2023-04-13,715
100404,Priya,Reddy,Female,54,Hyderabad,Mass,2025-11-19,789
100405,Aarav,Desai,Female,32,Coimbatore,Premium,2023-12-30,753
100406,Neha,Reddy,Male,53,Kolkata,Mass,2024-01-02,723
100407,Kavya,Singh,Female,41,Ahmedabad,Mass Affluent,2023-09-26,636
100408,Varun,Iyer,Female,52,Kochi,Mass Affluent,2022-07-30,802
100409,Sneha,Joshi,Female,40,Pune,Mass Affluent,2025-09-26,766
100410,Kavya,Reddy,Male,38,Shivamogga,Premium,2022-01-21,693
100411,Aarav,Gupta,Other,31,Visakhapatnam,Mass Affluent,2022-09-12,818
100412,Isha,Sharma,Male,59,Ahmedabad,Mass Affluent,2022-12-02,752
100413,Priya,Kulkarni,Male,24,Pune,Mass,2023-02-12,753
100414,Vikram,Sharma,Female,32,Kolkata,Wealth,2022-07-12,797
100415,Kiran,Joshi,Female,41,Hyderabad,Mass Affluent,2022-01-27,782
100416,Rahul,Mehta,Other,28,Bhopal,Mass,2024-09-16,756
100417,Neha,Reddy,Female,64,Gurugram,Mass Affluent,2025-11-16,722
100418,Arjun,Patel,Male,37,Mumbai,Mass,2022-06-27,850
100419,Sneha,Rao,Female,32,Ahmedabad,Mass Affluent,2023-03-09,684
100420,Aditi,Patel,Male,32,Kochi,Mass,2024-01-10,787
100421,Varun,Mehta,Female,30,Hyderabad,Mass,2025-09-16,729
100422,Akash,Iyer,Male,52,Kochi,Premium,2024-10-10,767
100423,Vivaan,Mehta,Female,43,Shivamogga,Premium,2025-01-23,821
100424,Rahul,Kumar,Female,31,Shivamogga,Mass Affluent,2024-04-28,713
100425,Kiran,Reddy,Female,62,Coimbatore,Wealth,2023-09-01,777
100426,Rahul,Kulkarni,Male,51,Kolkata,Mass,2022-10-19,754
100427,Varun,Rao,Male,39,Bengaluru,Mass,2025-06-15,690
100428,Aditya,Mehta,Male,45,Ahmedabad,Premium,2025-03-20,823
100429,Aarav,Singh,Male,51,Mumbai,Mass Affluent,2022-02-06,785
100430,Vikram,Iyer,Female,28,Pune,Premium,2024-11-10,705
100431,Akash,Shetty,Male,58,Chennai,Mass,2022-05-04,812
100432,Rahul,Iyer,Female,33,Delhi,Mass,2024-12-14,677
100433,Kiran,Kumar,Male,22,Bhopal,Mass,2025-04-20,733
100434,Priya,Joshi,Male,45,Chennai,Wealth,2022-07-11,705
100435,Priya,Gupta,Female,62,Pune,Mass,2023-09-26,788
100436,Akash,Sharma,Male,55,Kochi,Mass Affluent,2022-06-30,701
100437,Ananya,Joshi,Male,35,Gurugram,Mass,2024-04-08,788
100438,Aarav,Singh,Male,39,Bengaluru,Mass Affluent,2025-09-16,777
100439,Ananya,Patel,Male,49,Kolkata,Mass,2022-04-29,709
100440,Sneha,Patel,Female,31,Gurugram,Premium,2023-08-04,850
100441,Priya,Nair,Male,59,Noida,Mass Affluent,2025-11-21,683
100442,Priya,Patel,Male,34,Hubballi,Mass,2023-03-16,636
100443,Sanjay,Joshi,Female,31,Delhi,Mass,2022-07-13,795
100444,Varun,Shetty,Female,25,Kolkata,Mass,2023-12-15,585
100445,Rohan,Mehta,Female,53,Ahmedabad,Mass Affluent,2024-01-13,839
100446,Neha,Patel,Male,22,Ahmedabad,Premium,2024-08-25,742
100447,Meera,Iyer,Female,58,Visakhapatnam,Mass,2023-04-04,635
100448,Ananya,Patel,Male,66,Gurugram,Mass Affluent,2025-10-27,669
100449,Ananya,Iyer,Male,26,Chennai,Mass,2024-01-31,621
100450,Arjun,Nair,Female,25,Gurugram,Premium,2023-02-23,762
100451,Rohan,Rao,Female,64,Mumbai,Wealth,2025-11-03,642
100452,Kavya,Iyer,Female,26,Mumbai,Mass Affluent,2025-09-12,770
100453,Varun,Kulkarni,Female,40,Ahmedabad,Mass,2023-12-30,714
100454,Nisha,Reddy,Male,61,Mumbai,Mass,2022-02-06,702
100455,Kiran,Sharma,Female,27,Jaipur,Wealth,2024-05-21,771
100456,Aditya,Sharma,Female,52,Jaipur,Mass,2024-03-21,779
100457,Arjun,Joshi,Male,38,Visakhapatnam,Mass Affluent,2022-08-05,815
100458,Neha,Reddy,Male,41,Mangaluru,Premium,2024-07-14,691
100459,Priya,Patel,Male,64,Hyderabad,Premium,2025-05-12,733
100460,Vikram,Kumar,Female,51,Kochi,Mass Affluent,2022-06-04,691
100461,Vikram,Kulkarni,Male,36,Chennai,Mass Affluent,2024-11-22,746
100462,Aarav,Desai,Male,64,Ahmedabad,Premium,2022-07-24,681
100463,Kavya,Sharma,Female,48,Jaipur,Mass,2024-12-29,705
100464,Rohan,Mehta,Female,25,Bhopal,Premium,2023-09-04,706
100465,Arjun,Kumar,Male,39,Shivamogga,Mass,2022-01-10,756
100466,Sneha,Iyer,Female,32,Pune,Mass Affluent,2025-11-11,735
100467,Aarav,Singh,Female,51,Delhi,Premium,2022-08-31,770
100468,Kiran,Iyer,Female,61,Gurugram,Mass Affluent,2024-05-20,728
100469,Sneha,Rao,Male,22,Indore,Mass,2022-09-22,694
100470,Rohan,Verma,Male,57,Bengaluru,Mass,2025-09-24,748
100471,Sneha,Shetty,Female,64,Shivamogga,Premium,2024-12-13,671
100472,Isha,Gupta,Male,67,Indore,Mass Affluent,2025-03-20,775
100473,Nisha,Verma,Female,52,Kolkata,Mass,2023-09-23,715
100474,Arjun,Reddy,Male,35,Ahmedabad,Premium,2023-11-14,749
100475,Vivaan,Joshi,Female,27,Shivamogga,Premium,2024-07-15,750
100476,Priya,Patel,Female,65,Kolkata,Premium,2025-02-19,847
100477,Rohan,Verma,Female,40,Hyderabad,Mass Affluent,2025-05-21,762
100478,Kavya,Iyer,Female,37,Jaipur,Wealth,2022-01-27,740
100479,Vivaan,Gupta,Female,55,Mysuru,Premium,2024-08-26,687
100480,Sneha,Shetty,Male,54,Pune,Mass,2022-06-09,791
100481,Akash,Singh,Male,59,Kolkata,Wealth,2023-02-25,716
100482,Vivaan,Reddy,Female,62,Kolkata,Mass Affluent,2025-04-25,628
100483,Kiran,Kulkarni,Female,62,Coimbatore,Premium,2023-01-01,721
100484,Varun,Singh,Other,29,Coimbatore,Premium,2025-03-09,748
100485,Priya,Patel,Female,28,Bengaluru,Mass Affluent,2023-11-07,678
100486,Arjun,Singh,Male,30,Mysuru,Mass,2022-12-06,727
100487,Rahul,Mehta,Female,50,Hyderabad,Mass,2023-05-03,730
100488,Nisha,Kumar,Female,48,Visakhapatnam,Mass,2024-02-14,731
100489,Vikram,Kulkarni,Female,61,Delhi,Mass Affluent,2025-01-22,821
100490,Neha,Iyer,Female,60,Bhopal,Premium,2024-06-03,643
100491,Isha,Desai,Female,59,Mysuru,Mass,2025-09-24,850
100492,Nisha,Gupta,Female,24,Visakhapatnam,Mass,2025-06-20,733
100493,Arjun,Sharma,Male,53,Mysuru,Mass Affluent,2025-01-04,776
100494,Rahul,Nair,Female,60,Coimbatore,Mass,2024-05-30,744
100495,Nisha,Iyer,Male,67,Bhopal,Mass,2023-02-28,614
100496,Arjun,Kumar,Male,37,Pune,Mass,2023-08-26,661
100497,Nisha,Shetty,Male,57,Mumbai,Mass Affluent,2022-06-23,698
100498,Isha,Patel,Male,40,Noida,Mass Affluent,2023-07-01,805
100499,Akash,Verma,Male,28,Jaipur,Premium,2025-09-14,638
100500,Aarav,Desai,Female,36,Mangaluru,Mass,2023-09-14,675
100501,Sanjay,Patel,Female,32,Shivamogga,Mass,2022-06-16,747
100502,Rahul,Nair,Female,63,Kochi,Premium,2024-08-09,768
100503,Aarav,Gupta,Male,29,Coimbatore,Wealth,2025-11-06,766
100504,Kavya,Sharma,Male,27,Hubballi,Mass,2025-06-20,666
100505,Priya,Joshi,Female,48,Bhopal,Premium,2023-02-05,623
100506,Varun,Kumar,Female,47,Bhopal,Premium,2023-10-25,773
100507,Aditya,Sharma,Female,47,Bhopal,Premium,2024-02-15,835
100508,Vivaan,Desai,Female,27,Shivamogga,Mass,2022-12-28,711
100509,Sneha,Iyer,Female,44,Ahmedabad,Mass,2023-01-28,655
100510,Vikram,Rao,Female,64,Hubballi,Mass,2022-12-12,705
100511,Ananya,Shetty,Other,25,Hubballi,Premium,2025-12-23,763
100512,Nisha,Mehta,Female,58,Mysuru,Premium,2024-12-25,719
100513,Sanjay,Kulkarni,Female,26,Delhi,Mass,2025-05-12,834
100514,Vikram,Gupta,Male,31,Jaipur,Mass,2025-04-07,800
100515,Priya,Joshi,Male,63,Hubballi,Mass,2025-11-01,748
100516,Meera,Iyer,Male,34,Hubballi,Mass Affluent,2022-06-03,598
100517,Priya,Desai,Female,45,Pune,Premium,2025-07-11,687
100518,Meera,Iyer,Female,38,Hubballi,Mass,2022-04-08,697
100519,Sneha,Nair,Male,49,Coimbatore,Mass Affluent,2023-11-26,683
100520,Priya,Reddy,Female,40,Hubballi,Mass Affluent,2024-05-17,748
100521,Ananya,Kulkarni,Male,41,Pune,Premium,2023-06-07,750
100522,Meera,Gupta,Male,59,Mumbai,Premium,2022-08-02,618
100523,Nisha,Singh,Female,47,Shivamogga,Mass,2022-10-08,791
100524,Sanjay,Shetty,Male,47,Indore,Mass Affluent,2025-04-19,736
100525,Aditi,Iyer,Male,58,Shivamogga,Premium,2023-04-11,760
100526,Aditya,Reddy,Female,41,Delhi,Premium,2023-03-30,787
100527,Sneha,Mehta,Male,59,Noida,Mass Affluent,2025-09-10,681
100528,Kiran,Mehta,Female,54,Pune,Mass,2022-07-30,823
100529,Aarav,Desai,Other,62,Delhi,Mass Affluent,2025-08-29,725
100530,Vivaan,Joshi,Female,42,Hubballi,Mass Affluent,2025-09-06,841
100531,Sneha,Kumar,Female,47,Delhi,Mass,2024-05-23,672
100532,Sanjay,Sharma,Male,27,Bengaluru,Wealth,2022-08-30,836
100533,Priya,Verma,Female,26,Chennai,Mass,2022-08-16,672
100534,Ananya,Singh,Male,26,Hyderabad,Premium,2023-02-20,850
100535,Vivaan,Mehta,Male,50,Hyderabad,Mass,2024-04-23,668
100536,Meera,Mehta,Female,36,Mangaluru,Mass,2022-08-13,809
100537,Vivaan,Patel,Male,34,Visakhapatnam,Mass Affluent,2023-10-28,710
100538,Varun,Mehta,Female,49,Bengaluru,Mass Affluent,2022-06-18,785
100539,Varun,Reddy,Male,39,Mangaluru,Premium,2024-02-28,732
100540,Akash,Nair,Female,27,Mangaluru,Mass Affluent,2022-01-31,659
100541,Rohan,Nair,Male,47,Visakhapatnam,Mass,2024-11-01,539
100542,Arjun,Kulkarni,Male,46,Mumbai,Premium,2022-03-22,850
100543,Rohan,Gupta,Female,27,Chennai,Mass Affluent,2022-10-12,740
100544,Nisha,Mehta,Male,33,Kochi,Mass,2022-09-12,529
100545,Rahul,Shetty,Female,32,Mysuru,Premium,2025-04-28,756
100546,Vikram,Desai,Male,53,Mysuru,Mass,2022-03-19,783
100547,Arjun,Desai,Female,32,Hubballi,Mass,2023-09-19,685
100548,Aarav,Desai,Other,22,Ahmedabad,Mass Affluent,2024-05-13,685
100549,Rahul,Iyer,Female,33,Visakhapatnam,Mass Affluent,2024-01-24,734
100550,Nisha,Joshi,Female,43,Kolkata,Mass Affluent,2024-09-20,819
100551,Aditi,Kulkarni,Male,57,Bhopal,Premium,2025-03-18,742
100552,Neha,Rao,Female,23,Bhopal,Mass,2023-07-29,837
100553,Meera,Mehta,Female,62,Pune,Wealth,2025-04-24,814
100554,Aditi,Shetty,Female,36,Hubballi,Mass,2023-04-10,719
100555,Sneha,Mehta,Female,37,Hubballi,Mass,2025-12-08,625
100556,Priya,Verma,Female,21,Kochi,Mass,2024-01-07,719
100557,Aditya,Rao,Female,33,Ahmedabad,Mass,2024-12-10,772
100558,Rohan,Reddy,Male,43,Bhopal,Mass,2025-07-01,739
100559,Priya,Shetty,Female,50,Gurugram,Premium,2025-03-03,779
100560,Aditya,Verma,Female,57,Visakhapatnam,Premium,2025-05-27,795
100561,Isha,Rao,Female,45,Bhopal,Mass Affluent,2024-02-23,772
100562,Aditya,Kulkarni,Male,25,Coimbatore,Mass,2022-03-05,716
100563,Nisha,Singh,Female,39,Coimbatore,Premium,2023-12-21,771
100564,Aditya,Singh,Female,55,Mangaluru,Mass,2022-09-22,850
100565,Vivaan,Kulkarni,Female,51,Jaipur,Mass Affluent,2025-07-22,631
100566,Aditi,Kulkarni,Male,48,Indore,Mass Affluent,2022-12-12,769
100567,Rahul,Reddy,Male,44,Pune,Mass,2022-11-29,850
100568,Neha,Joshi,Male,44,Coimbatore,Mass Affluent,2022-12-31,653
100569,Kiran,Kulkarni,Male,67,Hyderabad,Premium,2024-07-27,805
100570,Rahul,Reddy,Other,49,Shivamogga,Mass,2024-04-13,814
100571,Nisha,Rao,Male,49,Jaipur,Mass Affluent,2025-10-17,632
100572,Meera,Patel,Female,36,Hubballi,Wealth,2023-08-31,785
100573,Rahul,Reddy,Male,44,Delhi,Mass,2023-02-17,716
100574,Meera,Rao,Male,54,Indore,Mass,2022-03-13,731
100575,Kavya,Gupta,Other,61,Hubballi,Mass,2022-01-11,712
100576,Priya,Shetty,Female,57,Hubballi,Premium,2023-06-30,827
100577,Sneha,Desai,Male,52,Indore,Mass,2025-09-13,727
100578,Sanjay,Singh,Male,57,Kochi,Mass Affluent,2024-02-04,703
100579,Isha,Nair,Other,22,Delhi,Mass,2025-07-28,704
100580,Neha,Gupta,Other,33,Chennai,Wealth,2022-05-29,711
100581,Priya,Rao,Male,32,Visakhapatnam,Premium,2022-05-17,659
100582,Varun,Singh,Female,51,Jaipur,Mass Affluent,2025-05-01,702
100583,Kavya,Gupta,Male,56,Indore,Wealth,2022-06-05,743
100584,Vivaan,Iyer,Female,27,Mysuru,Mass Affluent,2022-03-17,763
100585,Isha,Shetty,Male,30,Gurugram,Wealth,2023-08-13,819
100586,Kavya,Desai,Female,44,Jaipur,Mass,2025-09-12,752
100587,Rahul,Joshi,Female,66,Bengaluru,Mass,2024-10-03,702
100588,Akash,Verma,Male,21,Gurugram,Premium,2022-05-25,664
100589,Varun,Kulkarni,Male,62,Mysuru,Mass,2025-05-07,756
100590,Varun,Rao,Male,30,Indore,Mass,2025-05-16,727
100591,Vivaan,Kulkarni,Male,33,Ahmedabad,Mass Affluent,2025-03-15,729
100592,Sneha,Shetty,Male,50,Hubballi,Mass Affluent,2025-08-10,753
100593,Priya,Singh,Male,55,Gurugram,Mass,2022-12-17,771
100594,Aditi,Kulkarni,Other,62,Mangaluru,Mass,2025-12-01,754
100595,Vikram,Gupta,Male,21,Coimbatore,Mass,2023-04-14,723
100596,Neha,Kumar,Female,23,Hubballi,Mass,2025-03-16,679
100597,Priya,Singh,Male,43,Kolkata,Mass,2024-04-25,692
100598,Meera,Kumar,Female,47,Mysuru,Mass Affluent,2025-02-12,794
100599,Nisha,Desai,Male,33,Hubballi,Premium,2024-07-05,705
100600,Nisha,Patel,Female,50,Visakhapatnam,Mass,2024-07-27,641
100601,Kiran,Rao,Male,33,Hyderabad,Mass,2024-06-18,816
100602,Akash,Shetty,Male,64,Mangaluru,Mass Affluent,2025-02-11,669
100603,Aarav,Patel,Female,29,Ahmedabad,Mass,2024-12-15,737
100604,Isha,Gupta,Female,51,Shivamogga,Mass,2022-07-16,769
100605,Aditi,Rao,Female,45,Noida,Mass,2025-04-21,735
100606,Vivaan,Verma,Male,25,Coimbatore,Mass Affluent,2024-02-22,562
100607,Isha,Nair,Male,49,Ahmedabad,Mass,2023-04-17,762
100608,Sneha,Joshi,Female,27,Shivamogga,Mass,2024-01-21,828
100609,Aditi,Reddy,Female,46,Shivamogga,Mass Affluent,2025-11-12,790
100610,Aditya,Sharma,Female,50,Shivamogga,Premium,2025-06-06,586
100611,Rohan,Joshi,Male,24,Kolkata,Mass Affluent,2025-05-02,850
100612,Rahul,Gupta,Male,31,Ahmedabad,Wealth,2023-11-07,642
100613,Aditi,Sharma,Female,34,Gurugram,Mass Affluent,2025-02-18,660
100614,Kiran,Kulkarni,Female,64,Hyderabad,Mass,2023-07-17,790
100615,Sneha,Shetty,Male,31,Mysuru,Mass,2024-09-28,767
100616,Kavya,Singh,Female,64,Coimbatore,Mass,2024-07-22,741
100617,Nisha,Kulkarni,Female,46,Ahmedabad,Mass,2022-12-31,695
100618,Arjun,Reddy,Male,65,Kolkata,Mass,2023-01-25,828
100619,Sanjay,Kulkarni,Male,60,Mangaluru,Mass,2022-03-31,732
100620,Arjun,Singh,Female,34,Pune,Mass Affluent,2022-07-24,625
100621,Aarav,Joshi,Male,47,Mumbai,Mass Affluent,2023-09-26,821
100622,Aarav,Iyer,Female,54,Noida,Mass,2023-11-29,750
100623,Rahul,Kulkarni,Female,24,Kochi,Mass Affluent,2022-08-30,813
100624,Vikram,Kumar,Male,52,Bhopal,Mass,2023-09-01,775
100625,Rahul,Kulkarni,Female,42,Gurugram,Mass Affluent,2024-06-01,850
100626,Meera,Joshi,Male,22,Hyderabad,Mass Affluent,2022-12-06,713
100627,Ananya,Singh,Male,61,Chennai,Mass,2023-05-09,736
100628,Aarav,Gupta,Female,33,Jaipur,Mass,2023-06-21,785
100629,Ananya,Verma,Female,62,Mumbai,Wealth,2024-01-08,714
100630,Aarav,Joshi,Male,30,Chennai,Mass Affluent,2023-06-19,791
100631,Isha,Reddy,Female,46,Kochi,Mass Affluent,2024-12-11,529
100632,Sneha,Joshi,Female,38,Gurugram,Mass,2023-04-24,730
100633,Priya,Shetty,Female,62,Delhi,Mass,2023-09-26,728
100634,Rohan,Sharma,Female,65,Jaipur,Mass,2023-07-09,725
100635,Nisha,Patel,Male,57,Pune,Wealth,2022-09-25,674
100636,Sneha,Mehta,Male,60,Mysuru,Mass,2024-09-28,798
100637,Rohan,Sharma,Female,57,Kochi,Mass,2022-12-10,700
100638,Ananya,Iyer,Male,34,Delhi,Wealth,2023-03-10,749
100639,Aditya,Rao,Female,64,Mumbai,Mass Affluent,2025-03-03,732
100640,Sanjay,Singh,Male,45,Mysuru,Mass,2025-10-17,770
100641,Nisha,Nair,Male,37,Indore,Mass Affluent,2024-09-06,835
100642,Rohan,Patel,Male,30,Jaipur,Mass Affluent,2025-08-30,749
100643,Meera,Rao,Male,54,Pune,Wealth,2025-06-01,794
100644,Meera,Gupta,Male,34,Kolkata,Mass,2023-12-04,745
100645,Aditi,Desai,Female,51,Delhi,Premium,2025-01-29,700
100646,Vivaan,Desai,Female,24,Mumbai,Mass,2023-04-25,725
100647,Vikram,Joshi,Male,50,Mumbai,Premium,2023-11-04,715
100648,Akash,Sharma,Male,51,Mysuru,Premium,2024-02-21,775
100649,Akash,Joshi,Female,45,Visakhapatnam,Premium,2025-11-03,742
100650,Akash,Reddy,Male,51,Indore,Premium,2025-05-23,679
100651,Sanjay,Nair,Female,67,Bhopal,Mass Affluent,2023-12-16,719
100652,Kavya,Reddy,Female,60,Mumbai,Mass,2024-08-10,628
100653,Vivaan,Mehta,Female,41,Visakhapatnam,Mass,2022-10-23,722
100654,Isha,Gupta,Female,61,Pune,Mass,2025-03-20,735
100655,Rahul,Kumar,Female,65,Coimbatore,Mass Affluent,2024-03-18,850
100656,Rahul,Mehta,Other,28,Mangaluru,Mass,2024-02-17,829
100657,Varun,Rao,Female,37,Mumbai,Mass Affluent,2025-01-23,663
100658,Varun,Iyer,Male,55,Noida,Mass Affluent,2024-07-13,749
100659,Priya,Reddy,Male,45,Visakhapatnam,Wealth,2022-04-16,750
100660,Kavya,Joshi,Male,27,Pune,Mass,2023-02-25,719
100661,Aditya,Shetty,Male,43,Chennai,Premium,2022-09-16,723
100662,Rahul,Rao,Female,38,Coimbatore,Mass Affluent,2024-12-08,710
100663,Vikram,Kumar,Male,55,Delhi,Wealth,2022-02-21,850
100664,Isha,Rao,Male,45,Ahmedabad,Premium,2022-10-23,706
100665,Priya,Singh,Male,27,Chennai,Mass,2024-05-22,759
100666,Isha,Kumar,Female,23,Bengaluru,Mass,2024-10-11,558
100667,Rahul,Iyer,Female,34,Pune,Wealth,2024-01-05,793
100668,Varun,Reddy,Other,28,Noida,Mass Affluent,2025-06-10,818
100669,Nisha,Iyer,Male,62,Bengaluru,Premium,2025-09-03,661
100670,Meera,Joshi,Male,33,Shivamogga,Premium,2022-07-12,699
100671,Neha,Singh,Other,50,Visakhapatnam,Mass Affluent,2025-10-22,767
100672,Aditi,Rao,Female,26,Bengaluru,Mass Affluent,2024-06-15,736
100673,Akash,Singh,Female,41,Shivamogga,Premium,2024-07-17,768
100674,Aditi,Verma,Female,64,Kolkata,Premium,2022-05-19,715
100675,Isha,Verma,Male,51,Noida,Mass,2024-06-26,850
100676,Rohan,Gupta,Female,34,Shivamogga,Mass,2024-11-25,688
100677,Priya,Singh,Female,56,Mysuru,Mass,2024-04-27,850
100678,Neha,Desai,Female,44,Bhopal,Mass,2022-05-04,822
100679,Aditi,Kumar,Female,32,Noida,Premium,2024-02-03,793
100680,Aarav,Singh,Male,67,Noida,Premium,2025-09-28,662
100681,Arjun,Mehta,Male,65,Mysuru,Mass,2024-11-22,799
100682,Nisha,Joshi,Female,47,Shivamogga,Mass,2022-07-20,777
100683,Neha,Verma,Female,22,Mysuru,Mass Affluent,2025-11-02,587
100684,Ananya,Sharma,Male,40,Visakhapatnam,Premium,2025-10-31,637
100685,Priya,Gupta,Male,45,Kochi,Mass Affluent,2022-09-05,760
100686,Ananya,Mehta,Female,64,Gurugram,Mass,2025-03-15,726
100687,Nisha,Verma,Male,55,Ahmedabad,Mass,2023-08-17,699
100688,Rahul,Shetty,Male,31,Hubballi,Mass Affluent,2024-05-16,811
100689,Nisha,Desai,Female,44,Visakhapatnam,Mass Affluent,2023-10-12,673
100690,Rahul,Singh,Female,29,Gurugram,Premium,2025-02-16,703
100691,Neha,Joshi,Female,43,Gurugram,Premium,2025-12-26,690
100692,Sneha,Patel,Female,46,Visakhapatnam,Mass,2025-03-06,771
100693,Vikram,Verma,Male,44,Mysuru,Mass,2025-09-21,615
100694,Rahul,Verma,Female,41,Chennai,Mass,2025-10-13,700
100695,Sneha,Rao,Female,41,Mysuru,Mass,2022-05-12,614
100696,Vivaan,Rao,Female,58,Chennai,Mass,2023-01-05,713
100697,Vivaan,Patel,Female,44,Pune,Mass,2024-11-19,786
100698,Nisha,Gupta,Male,22,Delhi,Mass,2024-05-11,787
100699,Kavya,Rao,Male,55,Jaipur,Premium,2022-03-15,684
100700,Neha,Kumar,Male,50,Pune,Mass,2022-05-19,772
100701,Aditi,Nair,Male,53,Mysuru,Premium,2024-01-30,722
100702,Neha,Mehta,Other,54,Hubballi,Mass,2024-06-18,830
100703,Rohan,Iyer,Male,29,Jaipur,Mass,2022-09-02,726
100704,Ananya,Rao,Female,66,Noida,Mass,2022-09-08,527
100705,Kiran,Nair,Male,67,Visakhapatnam,Mass,2022-07-08,798
100706,Varun,Gupta,Male,27,Bhopal,Mass,2024-04-04,703
100707,Ananya,Gupta,Male,31,Hubballi,Premium,2022-01-12,716
100708,Kiran,Gupta,Male,32,Jaipur,Premium,2024-04-15,759
100709,Priya,Rao,Female,66,Mysuru,Mass,2023-11-26,635
100710,Nisha,Mehta,Other,64,Mysuru,Mass,2023-11-12,740
100711,Rohan,Singh,Male,33,Kochi,Mass,2024-09-18,772
100712,Sanjay,Mehta,Other,50,Chennai,Premium,2024-02-03,760
100713,Isha,Gupta,Female,32,Visakhapatnam,Mass,2024-11-28,693
100714,Meera,Shetty,Female,22,Bengaluru,Mass,2025-01-20,804
100715,Akash,Singh,Male,31,Gurugram,Premium,2025-09-05,665
100716,Ananya,Iyer,Male,24,Mumbai,Premium,2025-03-12,691
100717,Arjun,Gupta,Female,60,Visakhapatnam,Mass Affluent,2024-01-26,725
100718,Kavya,Joshi,Female,57,Ahmedabad,Mass,2023-12-20,756
100719,Aarav,Singh,Male,29,Kochi,Mass,2022-12-11,712
100720,Isha,Desai,Female,47,Pune,Mass,2024-05-25,821
100721,Akash,Iyer,Male,30,Bhopal,Mass Affluent,2022-07-23,756
100722,Ananya,Gupta,Female,47,Coimbatore,Premium,2025-09-21,740
100723,Meera,Sharma,Male,63,Kochi,Mass,2025-05-18,753
100724,Priya,Patel,Female,62,Delhi,Premium,2022-06-24,786
100725,Rahul,Desai,Male,60,Indore,Mass Affluent,2025-02-21,752
100726,Kiran,Reddy,Male,32,Ahmedabad,Premium,2022-06-20,608
100727,Priya,Rao,Female,29,Mysuru,Mass,2024-11-18,811
100728,Aditya,Mehta,Male,28,Bhopal,Mass,2022-05-09,743
100729,Ananya,Nair,Female,26,Bengaluru,Mass,2023-12-14,783
100730,Ananya,Mehta,Female,49,Ahmedabad,Mass Affluent,2024-08-18,707
100731,Varun,Iyer,Male,51,Shivamogga,Mass,2024-11-30,607
100732,Aditya,Kulkarni,Male,62,Bhopal,Mass,2023-09-04,575
100733,Varun,Kumar,Female,25,Jaipur,Premium,2025-09-07,669
100734,Ananya,Iyer,Female,33,Coimbatore,Mass Affluent,2025-02-04,771
100735,Meera,Joshi,Female,55,Ahmedabad,Mass Affluent,2022-11-01,826
100736,Sneha,Rao,Male,53,Noida,Mass Affluent,2024-09-06,756
100737,Rohan,Sharma,Female,41,Bhopal,Mass Affluent,2024-12-02,661
100738,Sanjay,Desai,Female,28,Pune,Mass Affluent,2023-05-03,680
100739,Rahul,Sharma,Female,43,Gurugram,Mass,2024-12-13,830
100740,Aarav,Singh,Male,29,Pune,Mass,2025-08-04,643
100741,Nisha,Shetty,Male,46,Mangaluru,Mass,2025-04-07,850
100742,Aditi,Reddy,Female,63,Bhopal,Mass,2025-01-18,850
100743,Vikram,Nair,Other,30,Delhi,Mass Affluent,2024-07-15,850
100744,Isha,Kulkarni,Male,26,Mysuru,Mass Affluent,2023-01-30,762
100745,Aarav,Desai,Female,55,Coimbatore,Mass,2025-03-07,711
100746,Aarav,Sharma,Male,22,Indore,Premium,2023-06-16,760
100747,Ananya,Shetty,Male,67,Ahmedabad,Mass Affluent,2024-02-17,799
100748,Rahul,Shetty,Male,57,Mumbai,Mass Affluent,2023-04-05,689
100749,Sanjay,Patel,Male,39,Bhopal,Premium,2023-04-03,658
100750,Aditya,Gupta,Male,38,Jaipur,Mass,2022-08-19,715
100751,Vikram,Nair,Male,39,Pune,Mass,2025-11-04,681
100752,Rahul,Verma,Male,39,Mumbai,Mass,2022-08-04,822
100753,Aditya,Singh,Female,60,Visakhapatnam,Mass Affluent,2022-05-06,692
100754,Rohan,Kumar,Female,58,Visakhapatnam,Mass,2025-09-28,742
100755,Aditya,Rao,Female,30,Ahmedabad,Premium,2024-03-21,804
100756,Ananya,Verma,Male,29,Bengaluru,Mass,2023-10-02,825
100757,Kiran,Reddy,Female,46,Shivamogga,Mass Affluent,2024-12-12,750
100758,Priya,Kumar,Male,51,Hyderabad,Mass Affluent,2023-07-14,762
100759,Priya,Shetty,Female,55,Gurugram,Mass,2022-07-06,664
100760,Aarav,Desai,Female,35,Bhopal,Mass Affluent,2024-12-01,807
100761,Aditya,Kumar,Male,43,Coimbatore,Mass Affluent,2022-09-14,823
100762,Arjun,Kumar,Male,25,Pune,Premium,2024-03-18,604
100763,Arjun,Desai,Female,42,Mangaluru,Mass Affluent,2025-10-17,850
100764,Vivaan,Verma,Female,53,Pune,Mass Affluent,2025-09-28,686
100765,Kiran,Mehta,Female,35,Shivamogga,Mass,2023-06-11,777
100766,Priya,Rao,Other,35,Bhopal,Mass Affluent,2025-02-13,740
100767,Kiran,Kulkarni,Female,42,Bengaluru,Mass,2024-06-13,731
100768,Kiran,Reddy,Male,61,Coimbatore,Mass,2023-12-01,721
100769,Isha,Singh,Female,49,Ahmedabad,Mass,2022-07-24,666
100770,Priya,Kumar,Male,64,Mangaluru,Mass Affluent,2023-07-04,772
100771,Kiran,Sharma,Female,23,Ahmedabad,Mass,2024-08-09,715
100772,Rahul,Rao,Male,60,Noida,Wealth,2025-12-11,643
100773,Ananya,Gupta,Other,23,Bengaluru,Mass,2022-01-08,663
100774,Aarav,Patel,Female,36,Shivamogga,Mass,2024-11-13,645
100775,Isha,Reddy,Male,41,Mumbai,Mass,2025-05-20,698
100776,Sanjay,Reddy,Male,32,Shivamogga,Mass,2025-10-20,769
100777,Neha,Iyer,Male,67,Noida,Mass,2023-09-11,685
100778,Aditya,Iyer,Female,62,Kolkata,Mass Affluent,2022-06-22,803
100779,Kavya,Singh,Female,47,Hubballi,Mass,2023-01-31,727
100780,Aditya,Mehta,Male,42,Mangaluru,Mass,2025-05-26,715
100781,Arjun,Kumar,Male,56,Ahmedabad,Mass,2025-07-05,736
100782,Aditya,Shetty,Female,54,Delhi,Mass,2024-07-19,833
100783,Vikram,Iyer,Male,43,Pune,Wealth,2022-06-29,639
100784,Akash,Joshi,Female,59,Pune,Mass,2022-06-28,850
100785,Sneha,Desai,Male,30,Bengaluru,Premium,2023-11-30,802
100786,Aditi,Kulkarni,Male,34,Bhopal,Mass Affluent,2024-05-08,733
100787,Aditi,Sharma,Male,21,Coimbatore,Mass,2022-02-17,818
100788,Aditi,Iyer,Female,26,Noida,Premium,2024-09-28,712
100789,Priya,Patel,Male,30,Mumbai,Mass,2024-03-05,755
100790,Akash,Iyer,Male,50,Shivamogga,Premium,2022-01-18,697
100791,Kavya,Gupta,Female,61,Mumbai,Mass Affluent,2022-05-20,803
100792,Vivaan,Iyer,Female,48,Indore,Mass,2023-10-26,685
100793,Neha,Singh,Male,41,Mysuru,Premium,2024-11-20,731
100794,Akash,Singh,Male,33,Coimbatore,Mass,2025-04-20,783
100795,Ananya,Singh,Female,25,Mumbai,Wealth,2023-09-22,808
100796,Rahul,Singh,Male,48,Pune,Premium,2023-03-08,678
100797,Vikram,Joshi,Female,27,Coimbatore,Mass,2025-11-14,788
100798,Aditi,Verma,Male,58,Visakhapatnam,Mass,2023-11-01,666
100799,Sneha,Patel,Male,40,Visakhapatnam,Premium,2023-04-06,584
100800,Ananya,Sharma,Male,37,Pune,Mass,2023-10-08,683
100801,Aditya,Nair,Female,22,Noida,Mass Affluent,2022-01-18,793
100802,Neha,Verma,Male,32,Pune,Mass,2023-03-17,734
100803,Ananya,Kumar,Male,21,Hubballi,Mass,2024-01-23,698
100804,Sanjay,Kumar,Male,55,Hyderabad,Mass Affluent,2025-09-02,739
100805,Kiran,Gupta,Female,44,Mysuru,Mass Affluent,2024-12-13,737
100806,Aditya,Joshi,Male,57,Hubballi,Mass Affluent,2025-02-14,779
100807,Ananya,Rao,Female,47,Noida,Mass Affluent,2024-03-06,622
100808,Akash,Reddy,Female,65,Ahmedabad,Mass,2022-06-11,728
100809,Isha,Patel,Male,57,Pune,Mass,2023-07-25,744
100810,Neha,Shetty,Other,27,Noida,Mass,2025-12-26,639
100811,Meera,Joshi,Female,26,Kochi,Mass,2022-03-06,638
100812,Aditi,Verma,Male,62,Bhopal,Mass,2025-07-07,709
100813,Rohan,Nair,Male,33,Noida,Mass Affluent,2024-09-26,736
100814,Akash,Joshi,Male,56,Shivamogga,Mass,2023-02-19,736
100815,Sneha,Reddy,Male,50,Jaipur,Mass,2025-02-09,696
100816,Vivaan,Reddy,Female,53,Hubballi,Mass Affluent,2025-05-06,693
100817,Ananya,Rao,Female,33,Mangaluru,Mass,2022-03-05,707
100818,Sanjay,Kumar,Female,35,Hyderabad,Wealth,2022-06-05,756
100819,Neha,Nair,Male,47,Mumbai,Mass,2024-08-29,822
100820,Sneha,Desai,Male,22,Mangaluru,Mass,2025-12-29,580
100821,Aditi,Mehta,Male,35,Mysuru,Premium,2022-02-04,779
100822,Kavya,Singh,Female,44,Indore,Mass Affluent,2024-08-29,727
100823,Vikram,Patel,Male,30,Ahmedabad,Premium,2022-07-19,772
100824,Aditya,Rao,Female,34,Jaipur,Mass,2024-08-07,818
100825,Priya,Verma,Female,67,Mysuru,Mass,2024-06-29,682
100826,Priya,Singh,Male,34,Kochi,Mass Affluent,2022-05-13,801
100827,Arjun,Shetty,Female,63,Hyderabad,Mass,2024-09-20,647
100828,Meera,Reddy,Female,64,Jaipur,Mass Affluent,2025-08-02,744
100829,Aditya,Verma,Female,52,Delhi,Mass,2025-06-14,718
100830,Isha,Verma,Male,28,Shivamogga,Mass,2022-02-12,738
100831,Kiran,Singh,Male,30,Pune,Mass,2022-12-26,666
100832,Arjun,Nair,Female,64,Mangaluru,Premium,2022-12-18,766
100833,Varun,Joshi,Male,21,Coimbatore,Mass,2023-10-24,846
100834,Rahul,Sharma,Female,44,Chennai,Wealth,2022-07-28,667
100835,Rohan,Patel,Male,49,Kochi,Mass,2025-06-01,748
100836,Vikram,Kulkarni,Female,60,Coimbatore,Mass Affluent,2025-02-08,795
100837,Vikram,Iyer,Female,63,Hubballi,Mass,2025-03-26,714
100838,Aarav,Reddy,Male,34,Mumbai,Mass Affluent,2022-10-17,830
100839,Rohan,Sharma,Male,44,Mangaluru,Premium,2022-01-22,705
100840,Kavya,Joshi,Female,50,Bengaluru,Mass Affluent,2025-08-22,727
100841,Nisha,Kulkarni,Male,66,Visakhapatnam,Mass,2023-02-26,665
100842,Akash,Joshi,Female,47,Ahmedabad,Mass Affluent,2024-08-16,744
100843,Sneha,Kulkarni,Female,26,Delhi,Mass,2025-08-20,735
100844,Aarav,Nair,Male,64,Shivamogga,Mass Affluent,2022-02-22,780
100845,Vikram,Rao,Female,45,Noida,Mass Affluent,2022-01-08,690
100846,Arjun,Rao,Female,29,Gurugram,Mass,2022-01-08,687
100847,Aditya,Sharma,Female,29,Shivamogga,Mass Affluent,2022-08-17,767
100848,Meera,Sharma,Male,30,Bengaluru,Mass Affluent,2022-03-17,833
100849,Aditi,Mehta,Male,54,Delhi,Mass,2025-04-12,779
100850,Vivaan,Mehta,Male,65,Gurugram,Mass,2024-06-03,850
100851,Arjun,Patel,Female,41,Kochi,Mass,2025-12-01,774
100852,Sneha,Gupta,Female,25,Hyderabad,Premium,2025-03-16,771
100853,Rohan,Mehta,Female,62,Mysuru,Mass Affluent,2025-11-07,783
100854,Meera,Kulkarni,Male,50,Bhopal,Mass,2022-12-15,839
100855,Ananya,Singh,Female,47,Chennai,Mass,2023-02-25,822
100856,Sneha,Desai,Female,23,Jaipur,Mass,2025-05-25,659
100857,Isha,Gupta,Female,66,Bengaluru,Mass,2022-12-24,791
100858,Neha,Mehta,Male,24,Bengaluru,Mass,2022-03-25,754
100859,Kiran,Reddy,Female,49,Bengaluru,Mass,2024-09-03,721
100860,Meera,Gupta,Male,49,Kochi,Mass,2025-03-15,611
100861,Priya,Sharma,Male,45,Shivamogga,Mass Affluent,2025-11-14,627
100862,Sneha,Joshi,Female,46,Kochi,Mass Affluent,2025-09-16,709
100863,Sneha,Sharma,Female,39,Indore,Mass,2022-06-25,632
100864,Rahul,Iyer,Male,47,Ahmedabad,Mass Affluent,2025-02-01,711
100865,Sanjay,Desai,Female,38,Visakhapatnam,Mass,2025-05-20,785
100866,Sneha,Gupta,Other,43,Indore,Mass,2024-10-16,694
100867,Kavya,Singh,Male,52,Jaipur,Wealth,2025-04-11,741
100868,Vikram,Iyer,Female,55,Coimbatore,Mass Affluent,2025-05-08,660
100869,Sanjay,Joshi,Male,28,Kolkata,Mass,2023-10-14,756
100870,Meera,Verma,Male,67,Shivamogga,Mass,2022-02-28,771
100871,Nisha,Kumar,Male,25,Mangaluru,Mass Affluent,2023-10-29,635
100872,Isha,Patel,Female,33,Hyderabad,Mass,2022-10-22,682
100873,Kavya,Nair,Male,37,Delhi,Wealth,2022-06-16,646
100874,Kiran,Desai,Male,36,Mumbai,Mass,2022-07-02,771
100875,Kavya,Nair,Female,37,Mangaluru,Mass,2024-10-15,746
100876,Vivaan,Kumar,Female,36,Gurugram,Mass Affluent,2024-01-07,732
100877,Sanjay,Sharma,Female,41,Delhi,Mass Affluent,2024-02-28,726
100878,Rahul,Kulkarni,Female,56,Visakhapatnam,Mass,2024-12-23,758
100879,Meera,Rao,Male,59,Visakhapatnam,Premium,2024-03-11,759
100880,Aarav,Reddy,Male,37,Kolkata,Premium,2024-07-08,700
100881,Arjun,Patel,Female,33,Bhopal,Mass,2022-05-06,691
100882,Akash,Patel,Female,52,Mumbai,Mass,2025-05-27,731
100883,Varun,Joshi,Male,23,Visakhapatnam,Mass,2023-10-18,722
100884,Rahul,Desai,Male,41,Indore,Mass Affluent,2022-08-15,850
100885,Aditya,Reddy,Male,31,Mangaluru,Mass Affluent,2025-04-02,708
100886,Varun,Desai,Male,49,Jaipur,Mass,2024-12-08,755
100887,Akash,Sharma,Other,24,Delhi,Wealth,2022-03-19,768
100888,Arjun,Rao,Female,59,Pune,Mass,2022-10-09,833
100889,Meera,Singh,Male,33,Chennai,Premium,2022-01-23,678
100890,Rohan,Kulkarni,Female,45,Indore,Premium,2023-01-31,829
100891,Kavya,Nair,Female,47,Indore,Mass,2022-05-26,725
100892,Ananya,Singh,Male,43,Mumbai,Mass,2024-11-02,850
100893,Aditya,Kumar,Male,42,Delhi,Mass,2024-02-02,760
100894,Kiran,Desai,Female,33,Gurugram,Premium,2025-12-02,649
100895,Priya,Iyer,Male,57,Jaipur,Mass,2024-12-30,721
100896,Nisha,Joshi,Female,45,Delhi,Premium,2024-06-11,829
100897,Aarav,Rao,Female,31,Hyderabad,Mass Affluent,2024-01-14,741
100898,Akash,Shetty,Female,33,Indore,Mass,2022-03-21,731
100899,Aditi,Gupta,Other,41,Hyderabad,Premium,2022-04-13,785
100900,Vikram,Iyer,Female,60,Pune,Mass,2024-06-18,711
100901,Sanjay,Sharma,Female,66,Mumbai,Mass Affluent,2022-01-07,720
100902,Arjun,Sharma,Male,39,Mumbai,Mass,2022-03-03,669
100903,Vivaan,Sharma,Female,39,Noida,Mass,2022-11-16,850
100904,Nisha,Shetty,Female,27,Ahmedabad,Mass,2025-07-14,649
100905,Arjun,Nair,Female,46,Mangaluru,Mass,2023-11-02,747
100906,Aditya,Rao,Female,32,Bhopal,Mass Affluent,2024-11-01,769
100907,Isha,Mehta,Male,59,Pune,Mass,2023-08-24,734
100908,Sanjay,Reddy,Female,46,Mangaluru,Mass,2022-09-10,647
100909,Nisha,Kulkarni,Female,31,Ahmedabad,Mass,2023-06-26,665
100910,Priya,Mehta,Female,64,Shivamogga,Mass Affluent,2022-05-14,772
100911,Arjun,Gupta,Female,59,Kochi,Premium,2025-01-29,680
100912,Kiran,Nair,Female,35,Indore,Mass Affluent,2022-09-25,590
100913,Meera,Reddy,Female,26,Ahmedabad,Wealth,2023-07-04,762
100914,Arjun,Reddy,Male,33,Kochi,Mass,2025-12-01,674
100915,Priya,Sharma,Male,38,Delhi,Mass,2024-05-14,779
100916,Aarav,Gupta,Female,40,Mumbai,Mass Affluent,2023-11-01,721
100917,Kiran,Iyer,Female,59,Kolkata,Mass,2024-03-03,718
100918,Rahul,Reddy,Female,66,Hyderabad,Mass Affluent,2025-02-18,739
100919,Meera,Reddy,Male,56,Bhopal,Premium,2023-01-07,655
100920,Sanjay,Sharma,Male,60,Delhi,Mass,2024-07-18,677
100921,Aditya,Gupta,Male,26,Delhi,Premium,2025-06-28,717
100922,Nisha,Verma,Female,28,Ahmedabad,Mass,2024-04-15,655
100923,Meera,Gupta,Female,63,Hubballi,Mass Affluent,2023-10-14,785
100924,Akash,Patel,Other,49,Noida,Mass,2022-07-31,713
100925,Sanjay,Sharma,Male,32,Kochi,Mass Affluent,2022-12-29,634
100926,Aditya,Patel,Female,58,Kochi,Mass,2025-10-13,696
100927,Kavya,Rao,Female,29,Shivamogga,Premium,2024-03-01,742
100928,Sneha,Rao,Male,57,Mysuru,Premium,2023-03-16,704
100929,Aditya,Singh,Other,62,Hubballi,Mass Affluent,2023-09-03,763
100930,Rohan,Sharma,Female,43,Coimbatore,Mass Affluent,2024-04-23,775
100931,Sanjay,Singh,Male,51,Pune,Mass Affluent,2024-02-24,850
100932,Priya,Desai,Male,55,Mysuru,Mass Affluent,2024-10-18,816
100933,Kiran,Reddy,Female,62,Noida,Mass Affluent,2023-01-11,620
100934,Kiran,Rao,Female,48,Bhopal,Mass Affluent,2024-08-05,710
100935,Varun,Iyer,Female,34,Shivamogga,Premium,2023-10-09,716
100936,Rohan,Reddy,Female,30,Bengaluru,Mass Affluent,2025-10-05,775
100937,Arjun,Kulkarni,Male,37,Mangaluru,Mass,2022-08-19,670
100938,Sneha,Nair,Female,23,Mangaluru,Premium,2022-08-05,698
100939,Akash,Verma,Female,53,Shivamogga,Mass,2023-11-06,648
100940,Arjun,Patel,Male,38,Hubballi,Mass,2024-01-13,693
100941,Rohan,Joshi,Female,54,Kolkata,Wealth,2024-10-05,695
100942,Isha,Gupta,Male,23,Shivamogga,Mass,2023-08-13,713
100943,Arjun,Gupta,Male,36,Gurugram,Mass,2025-08-27,652
100944,Meera,Sharma,Male,39,Chennai,Mass Affluent,2023-11-24,804
100945,Rohan,Gupta,Female,25,Ahmedabad,Premium,2022-07-08,768
100946,Aditya,Kulkarni,Male,59,Ahmedabad,Mass,2022-06-24,634
100947,Rohan,Rao,Male,49,Noida,Mass Affluent,2025-11-22,737
100948,Sanjay,Kumar,Female,60,Bhopal,Mass,2022-07-15,625
100949,Sanjay,Mehta,Male,58,Hubballi,Mass,2025-10-15,829
100950,Priya,Verma,Female,22,Gurugram,Mass,2023-02-10,848
100951,Ananya,Sharma,Female,61,Hyderabad,Mass,2022-05-17,731
100952,Varun,Patel,Male,24,Gurugram,Premium,2023-03-21,675
100953,Arjun,Mehta,Male,61,Mangaluru,Mass Affluent,2024-06-16,689
100954,Meera,Kumar,Other,52,Mumbai,Premium,2023-09-17,703
100955,Meera,Patel,Male,59,Indore,Premium,2025-02-20,728
100956,Kavya,Iyer,Male,44,Coimbatore,Premium,2024-06-11,831
100957,Rahul,Nair,Female,28,Chennai,Mass Affluent,2023-08-09,802
100958,Kavya,Shetty,Female,28,Mangaluru,Mass,2024-07-15,803
100959,Aditi,Gupta,Female,26,Kolkata,Premium,2025-11-19,747
100960,Vikram,Kulkarni,Female,58,Mumbai,Mass Affluent,2023-08-25,654
100961,Arjun,Rao,Female,46,Mumbai,Mass,2022-08-13,681
100962,Aditi,Sharma,Female,31,Mysuru,Mass,2023-08-20,739
100963,Varun,Patel,Female,26,Pune,Mass,2025-05-11,651
100964,Rohan,Sharma,Female,24,Shivamogga,Mass Affluent,2022-11-14,756
100965,Kavya,Joshi,Female,33,Bengaluru,Premium,2025-10-17,791
100966,Vivaan,Joshi,Female,56,Noida,Mass Affluent,2024-05-08,773
100967,Kavya,Kulkarni,Male,62,Visakhapatnam,Mass,2024-05-28,770
100968,Aditi,Joshi,Female,49,Mangaluru,Mass,2023-04-08,604
100969,Arjun,Sharma,Female,67,Mysuru,Premium,2025-09-05,828
100970,Vivaan,Mehta,Male,39,Mangaluru,Mass,2022-02-22,625
100971,Kavya,Kumar,Male,36,Gurugram,Mass,2023-03-13,724
100972,Rahul,Mehta,Female,53,Coimbatore,Premium,2023-09-03,778
100973,Isha,Rao,Male,27,Mumbai,Premium,2023-11-28,760
100974,Vivaan,Mehta,Male,63,Mangaluru,Mass Affluent,2023-11-24,646
100975,Akash,Desai,Male,57,Mysuru,Mass Affluent,2022-08-04,658
100976,Priya,Reddy,Male,22,Kolkata,Mass,2022-11-26,755
100977,Sanjay,Gupta,Female,29,Hyderabad,Premium,2022-05-20,771
100978,Arjun,Iyer,Male,50,Hyderabad,Mass Affluent,2024-04-15,657
100979,Rahul,Gupta,Male,55,Shivamogga,Mass Affluent,2023-05-28,762
100980,Aditi,Rao,Female,31,Bhopal,Mass,2024-04-06,629
100981,Aditi,Nair,Male,56,Hyderabad,Mass Affluent,2024-05-10,779
100982,Nisha,Singh,Male,43,Jaipur,Mass,2024-10-21,673
100983,Sanjay,Mehta,Female,52,Jaipur,Mass,2024-03-09,741
100984,Varun,Gupta,Female,40,Mysuru,Mass Affluent,2024-08-04,729
100985,Aditya,Mehta,Female,42,Shivamogga,Premium,2024-05-07,816
100986,Kiran,Kumar,Female,39,Bhopal,Mass,2024-08-10,752
100987,Sanjay,Desai,Female,28,Bhopal,Premium,2024-06-19,693
100988,Priya,Singh,Male,29,Chennai,Mass,2023-04-07,760
100989,Vikram,Iyer,Female,28,Hubballi,Mass Affluent,2022-12-26,850
100990,Sneha,Desai,Female,58,Pune,Mass,2025-02-23,787
100991,Aarav,Joshi,Male,40,Indore,Mass,2023-05-16,731
100992,Isha,Kumar,Female,38,Ahmedabad,Premium,2024-03-12,677
100993,Varun,Mehta,Male,61,Mysuru,Mass,2022-10-15,692
100994,Meera,Kulkarni,Female,62,Jaipur,Premium,2023-09-22,783
100995,Aditya,Singh,Female,31,Mangaluru,Mass,2024-02-13,673
100996,Rahul,Singh,Female,37,Mumbai,Mass Affluent,2024-07-02,735
100997,Vikram,Kumar,Male,40,Delhi,Mass,2024-02-08,836
100998,Akash,Sharma,Female,60,Hyderabad,Mass Affluent,2023-06-11,746
100999,Nisha,Shetty,Female,52,Ahmedabad,Premium,2025-11-05,659
101000,Vivaan,Kumar,Male,46,Hubballi,Mass Affluent,2024-01-19,850
101001,Aditi,Desai,Male,32,Bhopal,Mass,2025-03-26,850
101002,Varun,Reddy,Female,39,Noida,Premium,2024-12-11,770
101003,Aditi,Gupta,Male,22,Mumbai,Mass Affluent,2024-03-26,824
101004,Sneha,Nair,Female,54,Visakhapatnam,Mass,2025-07-18,716
101005,Isha,Gupta,Female,64,Delhi,Mass Affluent,2022-07-07,786
101006,Rahul,Patel,Male,57,Chennai,Mass Affluent,2025-09-06,705
101007,Rohan,Iyer,Female,35,Bengaluru,Mass Affluent,2025-05-26,640
101008,Kavya,Gupta,Male,43,Visakhapatnam,Mass,2024-01-06,850
101009,Vivaan,Joshi,Female,66,Coimbatore,Mass,2024-12-06,637
101010,Vivaan,Mehta,Female,40,Hubballi,Wealth,2024-01-30,756
101011,Neha,Nair,Male,60,Indore,Mass Affluent,2023-01-28,755
101012,Nisha,Joshi,Female,48,Kochi,Mass Affluent,2025-03-13,771
101013,Meera,Sharma,Female,44,Chennai,Wealth,2022-12-26,729
101014,Sneha,Reddy,Other,48,Indore,Mass,2023-04-05,729
101015,Priya,Nair,Male,31,Noida,Mass,2024-01-29,745
101016,Aditya,Iyer,Female,40,Ahmedabad,Mass Affluent,2025-05-07,769
101017,Kiran,Mehta,Female,35,Hubballi,Mass Affluent,2023-07-15,735
101018,Vivaan,Rao,Male,56,Mangaluru,Wealth,2023-12-23,730
101019,Nisha,Reddy,Female,49,Gurugram,Mass Affluent,2022-03-02,643
101020,Nisha,Shetty,Male,39,Mumbai,Mass,2022-06-19,850
101021,Rohan,Iyer,Female,59,Visakhapatnam,Mass,2022-03-23,772
101022,Rohan,Patel,Male,42,Mysuru,Mass,2022-04-16,750
101023,Kiran,Gupta,Other,65,Kochi,Premium,2025-06-22,691
101024,Vikram,Shetty,Male,49,Kolkata,Mass,2025-05-14,665
101025,Isha,Patel,Male,62,Bhopal,Mass Affluent,2025-04-14,795
101026,Nisha,Nair,Female,67,Visakhapatnam,Mass,2022-03-23,724
101027,Ananya,Verma,Female,36,Bhopal,Mass,2022-04-24,778
101028,Meera,Singh,Female,33,Hyderabad,Mass,2023-02-14,640
101029,Priya,Joshi,Female,60,Ahmedabad,Mass Affluent,2024-04-05,843
101030,Rohan,Patel,Male,31,Hubballi,Mass,2023-05-03,798
101031,Vikram,Kumar,Female,56,Delhi,Wealth,2023-12-13,729
101032,Kavya,Kulkarni,Male,29,Pune,Premium,2022-09-10,768
101033,Nisha,Gupta,Male,61,Pune,Mass,2024-12-02,787
101034,Sanjay,Reddy,Female,53,Noida,Premium,2023-04-04,641
101035,Rahul,Nair,Female,45,Mangaluru,Mass,2022-04-08,850
101036,Vivaan,Reddy,Male,42,Noida,Mass,2024-12-20,769
101037,Sneha,Iyer,Male,50,Chennai,Mass,2025-08-11,686
101038,Kiran,Reddy,Female,39,Shivamogga,Premium,2022-01-22,658
101039,Ananya,Gupta,Male,39,Noida,Mass Affluent,2023-09-30,804
101040,Rahul,Shetty,Male,30,Kochi,Mass,2025-04-22,750
101041,Neha,Gupta,Male,28,Kolkata,Mass Affluent,2024-10-28,769
101042,Neha,Iyer,Male,62,Mysuru,Mass Affluent,2025-06-04,737
101043,Neha,Singh,Male,56,Noida,Mass Affluent,2023-08-30,665
101044,Kavya,Kumar,Other,41,Kolkata,Mass Affluent,2023-06-28,771
101045,Sneha,Kumar,Male,60,Ahmedabad,Premium,2024-11-01,721
101046,Isha,Iyer,Female,49,Chennai,Mass Affluent,2022-08-13,733
101047,Aditya,Iyer,Female,49,Mysuru,Mass,2022-12-16,850
101048,Sneha,Verma,Female,26,Mangaluru,Premium,2024-05-27,796
101049,Arjun,Sharma,Female,46,Mumbai,Mass,2024-09-02,800
101050,Kiran,Singh,Female,26,Kolkata,Mass Affluent,2022-06-24,850
101051,Ananya,Desai,Female,53,Jaipur,Mass Affluent,2024-01-13,762
101052,Aditya,Mehta,Female,24,Ahmedabad,Mass,2023-06-17,743
101053,Neha,Mehta,Female,45,Mumbai,Mass,2024-01-03,687
101054,Rohan,Singh,Female,38,Chennai,Mass Affluent,2025-10-31,703
101055,Varun,Reddy,Female,27,Bengaluru,Premium,2022-04-22,592
101056,Vikram,Reddy,Male,43,Kochi,Premium,2025-12-24,790
101057,Aarav,Patel,Female,30,Hyderabad,Mass Affluent,2023-10-19,646
101058,Aditi,Kulkarni,Female,32,Gurugram,Mass,2025-02-01,798
101059,Aditi,Mehta,Male,62,Chennai,Mass,2023-09-12,732
101060,Neha,Desai,Female,37,Pune,Mass Affluent,2023-03-31,744
101061,Isha,Verma,Male,39,Hubballi,Mass,2025-01-30,732
101062,Nisha,Joshi,Male,21,Visakhapatnam,Mass Affluent,2024-09-30,832
101063,Neha,Nair,Female,35,Mangaluru,Mass,2022-07-30,820
101064,Vivaan,Desai,Male,37,Indore,Mass,2024-10-26,733
101065,Neha,Desai,Male,54,Mangaluru,Mass Affluent,2025-01-04,672
101066,Rohan,Nair,Male,26,Mysuru,Mass Affluent,2023-07-21,800
101067,Neha,Desai,Female,64,Indore,Mass Affluent,2025-09-13,667
101068,Rahul,Joshi,Male,27,Indore,Mass,2024-07-24,626
101069,Aditya,Iyer,Female,51,Bhopal,Premium,2023-05-03,770
101070,Akash,Desai,Female,21,Kochi,Mass Affluent,2022-01-16,820
101071,Aditya,Joshi,Female,59,Delhi,Premium,2024-09-12,707
101072,Kavya,Rao,Female,53,Mangaluru,Mass Affluent,2022-11-02,763
101073,Kavya,Iyer,Female,60,Noida,Mass,2025-01-09,706
101074,Aditi,Singh,Male,64,Gurugram,Mass Affluent,2024-02-06,786
101075,Sanjay,Kumar,Female,60,Jaipur,Mass Affluent,2023-11-13,812
101076,Aarav,Gupta,Female,50,Bengaluru,Mass Affluent,2022-08-28,717
101077,Kiran,Nair,Male,60,Mysuru,Mass Affluent,2024-11-04,663
101078,Arjun,Joshi,Male,25,Noida,Mass,2022-08-31,633
101079,Sneha,Rao,Female,51,Bhopal,Premium,2023-09-02,800
101080,Aditi,Sharma,Male,67,Indore,Mass,2025-05-06,655
101081,Vikram,Patel,Female,38,Noida,Mass,2025-09-05,761
101082,Neha,Kulkarni,Male,66,Hyderabad,Premium,2025-12-15,789
101083,Rahul,Gupta,Female,44,Delhi,Mass,2025-10-30,700
101084,Sanjay,Shetty,Male,43,Gurugram,Wealth,2024-03-22,723
101085,Meera,Sharma,Female,35,Kolkata,Mass,2022-10-20,805
101086,Nisha,Shetty,Male,26,Shivamogga,Mass,2025-05-10,678
101087,Ananya,Iyer,Male,62,Hyderabad,Mass,2025-03-16,671
101088,Ananya,Shetty,Male,54,Gurugram,Mass,2025-12-16,719
101089,Neha,Sharma,Female,39,Bhopal,Mass,2024-08-08,824
101090,Kavya,Shetty,Female,66,Coimbatore,Mass,2022-07-26,848
101091,Rahul,Shetty,Female,29,Kochi,Mass,2024-01-05,728
101092,Akash,Singh,Male,57,Shivamogga,Mass,2023-10-17,685
101093,Arjun,Sharma,Female,42,Chennai,Mass,2025-05-15,809
101094,Isha,Kulkarni,Male,50,Noida,Mass,2023-07-28,618
101095,Kiran,Verma,Male,22,Visakhapatnam,Mass,2023-04-25,752
101096,Aditi,Gupta,Female,49,Hyderabad,Mass,2022-04-27,732
101097,Meera,Rao,Female,52,Indore,Mass,2025-05-04,826
101098,Sanjay,Verma,Female,66,Jaipur,Mass,2025-01-07,833
101099,Nisha,Reddy,Male,37,Kolkata,Mass,2022-03-02,669
101100,Rahul,Iyer,Male,24,Jaipur,Mass,2023-09-26,747
101101,Rahul,Mehta,Female,23,Kochi,Premium,2023-12-02,695
101102,Vikram,Singh,Male,28,Ahmedabad,Mass,2023-11-17,714
101103,Isha,Kulkarni,Male,35,Ahmedabad,Mass,2025-09-03,778
101104,Vivaan,Sharma,Other,60,Hyderabad,Mass Affluent,2022-08-08,712
101105,Varun,Singh,Female,30,Chennai,Mass Affluent,2023-03-24,749
101106,Aditi,Joshi,Male,27,Noida,Mass,2022-09-22,802
101107,Aarav,Gupta,Male,22,Coimbatore,Premium,2022-12-23,841
101108,Nisha,Reddy,Female,39,Ahmedabad,Mass Affluent,2025-08-17,755
101109,Aditi,Kumar,Male,49,Visakhapatnam,Wealth,2025-10-05,743
101110,Aditi,Gupta,Male,34,Ahmedabad,Premium,2022-03-07,657
101111,Vikram,Singh,Male,44,Chennai,Mass Affluent,2024-07-11,846
101112,Isha,Mehta,Female,32,Noida,Mass Affluent,2022-12-06,770
101113,Isha,Mehta,Female,58,Kolkata,Mass,2022-10-09,745
101114,Aditi,Singh,Male,22,Bhopal,Premium,2023-03-03,741
101115,Arjun,Shetty,Male,30,Pune,Mass Affluent,2022-10-11,760
101116,Arjun,Singh,Female,47,Shivamogga,Mass,2023-12-17,789
101117,Varun,Joshi,Female,60,Shivamogga,Mass,2025-12-24,798
101118,Rahul,Verma,Female,39,Mysuru,Mass Affluent,2024-05-06,848
101119,Priya,Singh,Male,24,Ahmedabad,Mass Affluent,2024-11-21,752
101120,Rohan,Reddy,Female,46,Visakhapatnam,Premium,2023-12-22,850
101121,Rahul,Kumar,Female,33,Kolkata,Mass,2022-01-21,809
101122,Sneha,Mehta,Female,35,Mysuru,Premium,2022-05-03,731
101123,Varun,Kumar,Male,64,Hyderabad,Mass,2023-01-28,618
101124,Ananya,Joshi,Female,65,Indore,Mass Affluent,2022-12-22,741
101125,Aditya,Gupta,Male,33,Mysuru,Mass,2025-05-12,844
101126,Rahul,Patel,Male,48,Kolkata,Mass,2025-05-16,681
101127,Arjun,Singh,Male,46,Chennai,Mass,2025-06-01,741
101128,Vikram,Reddy,Female,66,Indore,Mass,2024-07-19,747
101129,Kiran,Mehta,Male,65,Gurugram,Mass,2024-03-23,801
101130,Neha,Mehta,Female,37,Noida,Premium,2024-08-05,708
101131,Vivaan,Rao,Female,22,Jaipur,Mass,2023-08-17,674
101132,Ananya,Kumar,Female,21,Coimbatore,Mass Affluent,2024-09-05,775
101133,Sanjay,Gupta,Male,21,Gurugram,Mass Affluent,2025-03-05,683
101134,Ananya,Gupta,Female,57,Jaipur,Mass,2025-01-18,607
101135,Meera,Mehta,Male,55,Coimbatore,Premium,2024-06-15,850
101136,Arjun,Reddy,Male,59,Gurugram,Premium,2022-03-26,800
101137,Aditya,Rao,Male,27,Jaipur,Premium,2024-11-24,850
101138,Kavya,Reddy,Male,23,Hyderabad,Premium,2023-06-20,796
101139,Vivaan,Shetty,Female,29,Hyderabad,Mass Affluent,2024-12-21,783
101140,Ananya,Mehta,Male,50,Bengaluru,Wealth,2024-02-27,761
101141,Kiran,Sharma,Male,21,Ahmedabad,Mass,2025-07-10,722
101142,Aarav,Reddy,Other,52,Pune,Mass,2023-05-10,771
101143,Priya,Desai,Male,62,Coimbatore,Mass Affluent,2025-09-21,696
101144,Akash,Sharma,Male,27,Visakhapatnam,Mass,2025-05-17,660
101145,Vivaan,Verma,Male,55,Bhopal,Mass Affluent,2023-04-29,712
101146,Varun,Nair,Male,46,Pune,Mass,2023-12-06,825
101147,Priya,Joshi,Female,65,Ahmedabad,Mass,2024-02-15,649
101148,Kavya,Desai,Male,32,Kochi,Premium,2025-01-27,650
101149,Vivaan,Desai,Male,31,Gurugram,Mass,2024-10-03,776
101150,Vikram,Singh,Female,21,Gurugram,Mass,2025-05-28,706
101151,Aarav,Sharma,Male,54,Chennai,Mass Affluent,2023-06-25,769
101152,Sanjay,Patel,Female,61,Mumbai,Premium,2024-01-07,804
101153,Meera,Patel,Other,21,Noida,Premium,2023-09-22,767
101154,Kiran,Kulkarni,Male,44,Visakhapatnam,Mass,2025-08-20,691
101155,Aarav,Shetty,Male,55,Shivamogga,Premium,2023-03-22,825
101156,Aditi,Verma,Male,57,Bengaluru,Mass Affluent,2024-05-07,787
101157,Vivaan,Kumar,Male,64,Mysuru,Premium,2022-06-25,737
101158,Aditi,Desai,Female,54,Noida,Mass,2025-05-26,733
101159,Nisha,Verma,Female,64,Pune,Mass,2023-07-15,761
101160,Rohan,Rao,Male,67,Delhi,Mass Affluent,2023-05-13,713
101161,Rahul,Nair,Male,64,Visakhapatnam,Mass Affluent,2024-05-01,621
101162,Rahul,Verma,Male,41,Mysuru,Mass,2023-12-30,788
101163,Rahul,Shetty,Other,40,Hubballi,Mass Affluent,2025-05-23,783
101164,Aditya,Joshi,Female,41,Shivamogga,Mass Affluent,2024-02-15,574
101165,Rahul,Shetty,Male,65,Delhi,Mass,2024-01-25,771
101166,Meera,Singh,Female,34,Ahmedabad,Mass Affluent,2022-06-03,850
101167,Kiran,Kulkarni,Male,56,Hubballi,Mass,2022-02-02,656
101168,Nisha,Verma,Female,50,Mangaluru,Premium,2023-08-05,730
101169,Varun,Rao,Female,23,Mysuru,Mass Affluent,2025-12-28,722
101170,Nisha,Verma,Female,43,Coimbatore,Mass Affluent,2025-09-01,850
101171,Priya,Iyer,Male,30,Bengaluru,Wealth,2024-07-07,813
101172,Kiran,Kulkarni,Male,55,Kolkata,Mass Affluent,2024-07-10,674
101173,Sanjay,Kumar,Other,42,Noida,Mass,2023-07-26,759
101174,Rahul,Shetty,Male,37,Mangaluru,Mass Affluent,2022-09-17,850
101175,Isha,Patel,Male,24,Noida,Wealth,2022-01-13,691
101176,Isha,Singh,Female,27,Pune,Mass,2023-05-10,734
101177,Kavya,Shetty,Female,56,Gurugram,Mass Affluent,2023-04-08,771
101178,Priya,Nair,Female,61,Mangaluru,Mass,2022-10-07,692
101179,Nisha,Kulkarni,Female,34,Ahmedabad,Premium,2023-01-14,850
101180,Sanjay,Gupta,Female,59,Kochi,Mass Affluent,2022-02-06,702
101181,Neha,Iyer,Male,46,Bengaluru,Premium,2024-06-06,638
101182,Vikram,Iyer,Female,37,Gurugram,Mass Affluent,2025-09-16,698
101183,Arjun,Gupta,Female,42,Kolkata,Mass,2024-10-05,781
101184,Sanjay,Rao,Female,53,Bengaluru,Mass Affluent,2023-10-17,679
101185,Arjun,Singh,Male,63,Jaipur,Premium,2023-09-06,756
101186,Vikram,Shetty,Male,44,Gurugram,Mass,2023-03-26,774
101187,Neha,Shetty,Female,37,Mumbai,Mass,2022-07-27,650
101188,Akash,Sharma,Male,56,Delhi,Mass Affluent,2024-05-23,696
101189,Aditya,Mehta,Male,45,Ahmedabad,Mass Affluent,2024-04-07,759
101190,Isha,Shetty,Female,39,Kolkata,Mass,2022-01-11,784
101191,Sanjay,Kumar,Female,42,Kochi,Mass,2023-08-30,697
101192,Aarav,Gupta,Male,46,Bengaluru,Mass,2023-02-10,746
101193,Rohan,Verma,Male,27,Kochi,Mass Affluent,2022-09-06,715
101194,Vivaan,Mehta,Male,23,Bengaluru,Mass Affluent,2024-10-23,786
101195,Kiran,Sharma,Female,52,Ahmedabad,Mass Affluent,2024-02-07,771
101196,Neha,Iyer,Female,29,Mumbai,Premium,2024-07-14,709
101197,Aditi,Reddy,Male,45,Mysuru,Mass,2024-11-07,768
101198,Rohan,Shetty,Male,57,Ahmedabad,Mass Affluent,2025-12-04,706
101199,Arjun,Nair,Male,31,Noida,Mass,2025-03-18,767
101200,Arjun,Nair,Male,38,Ahmedabad,Mass,2024-06-24,768
101201,Sanjay,Kulkarni,Male,66,Hyderabad,Mass Affluent,2025-07-07,850
101202,Akash,Nair,Female,22,Pune,Mass Affluent,2023-11-29,711
101203,Rahul,Iyer,Male,56,Kolkata,Wealth,2025-12-08,725
101204,Arjun,Patel,Male,28,Shivamogga,Mass,2025-01-16,690
101205,Vivaan,Singh,Male,63,Coimbatore,Mass,2024-08-08,663
101206,Akash,Mehta,Male,40,Ahmedabad,Mass,2025-08-11,703
101207,Kavya,Iyer,Male,21,Visakhapatnam,Mass Affluent,2024-01-23,782
101208,Nisha,Mehta,Male,54,Bengaluru,Mass,2024-11-18,787
101209,Rohan,Nair,Male,27,Noida,Premium,2023-02-20,756
101210,Aditi,Shetty,Male,38,Noida,Premium,2025-11-07,714
101211,Vivaan,Iyer,Female,44,Bhopal,Mass Affluent,2024-06-29,700
101212,Meera,Shetty,Male,56,Chennai,Mass,2025-02-15,671
101213,Sneha,Patel,Female,40,Indore,Mass,2023-11-04,696
101214,Kiran,Sharma,Female,61,Shivamogga,Mass Affluent,2025-06-19,644
101215,Kavya,Nair,Male,43,Bhopal,Mass Affluent,2022-04-19,830
101216,Aditi,Shetty,Male,37,Gurugram,Premium,2022-06-16,850
101217,Ananya,Shetty,Male,36,Indore,Mass Affluent,2024-01-11,599
101218,Arjun,Iyer,Male,58,Shivamogga,Mass,2024-12-05,755
101219,Aarav,Singh,Female,52,Pune,Mass,2025-03-27,754
101220,Sanjay,Verma,Male,26,Noida,Mass,2023-10-05,750
101221,Rohan,Gupta,Female,56,Noida,Premium,2024-08-06,694
101222,Kiran,Sharma,Female,40,Mangaluru,Premium,2024-03-18,807
101223,Meera,Iyer,Female,37,Ahmedabad,Premium,2025-11-04,764
101224,Rohan,Verma,Female,25,Chennai,Premium,2024-08-12,807
101225,Neha,Rao,Female,67,Hubballi,Mass,2023-09-01,683
101226,Kavya,Singh,Female,23,Gurugram,Mass Affluent,2025-11-16,638
101227,Sneha,Mehta,Other,67,Ahmedabad,Mass Affluent,2022-06-06,765
101228,Meera,Gupta,Male,24,Bengaluru,Mass,2025-12-08,668
101229,Aarav,Iyer,Male,44,Indore,Mass Affluent,2022-08-13,809
101230,Isha,Gupta,Male,25,Kolkata,Mass Affluent,2023-02-25,586
101231,Isha,Mehta,Male,44,Pune,Premium,2025-04-14,702
101232,Aditi,Kumar,Female,60,Kochi,Mass,2024-12-07,692
101233,Arjun,Reddy,Male,48,Coimbatore,Premium,2025-11-17,712
101234,Arjun,Iyer,Female,46,Visakhapatnam,Premium,2024-12-30,753
101235,Nisha,Patel,Female,26,Kochi,Premium,2024-07-19,763
101236,Meera,Desai,Male,65,Shivamogga,Mass,2023-05-21,780
101237,Varun,Kulkarni,Female,38,Hubballi,Mass,2022-01-07,788
101238,Rohan,Gupta,Male,46,Shivamogga,Mass Affluent,2022-06-30,723
101239,Akash,Kulkarni,Female,63,Bhopal,Mass,2023-03-11,850
101240,Rohan,Patel,Female,50,Mumbai,Mass,2022-03-01,832
101241,Meera,Gupta,Male,55,Mumbai,Premium,2024-01-12,713
101242,Arjun,Iyer,Female,29,Bhopal,Mass,2025-02-08,725
101243,Sanjay,Singh,Male,42,Shivamogga,Mass,2025-11-07,712
101244,Kiran,Singh,Female,46,Chennai,Wealth,2023-12-16,760
101245,Varun,Shetty,Female,29,Pune,Mass,2025-07-01,667
101246,Kiran,Gupta,Male,39,Mumbai,Premium,2025-12-09,680
101247,Nisha,Reddy,Female,60,Noida,Mass,2025-06-09,583
101248,Isha,Gupta,Female,64,Jaipur,Mass,2023-11-10,707
101249,Vivaan,Mehta,Female,59,Pune,Mass,2023-04-20,810
101250,Arjun,Sharma,Female,64,Bengaluru,Mass,2025-11-28,724
101251,Meera,Mehta,Female,67,Kolkata,Mass,2022-12-20,728
101252,Arjun,Gupta,Male,30,Gurugram,Premium,2023-08-24,754
101253,Rohan,Joshi,Female,61,Ahmedabad,Premium,2022-04-19,665
101254,Priya,Rao,Female,50,Delhi,Mass,2025-03-04,737
101255,Rohan,Gupta,Male,61,Kochi,Mass,2024-08-06,797
101256,Aditya,Rao,Male,50,Kolkata,Mass Affluent,2022-05-04,756
101257,Aditi,Patel,Male,26,Kochi,Mass Affluent,2022-11-21,803
101258,Meera,Sharma,Male,47,Jaipur,Mass,2024-03-21,823
101259,Kavya,Gupta,Male,56,Delhi,Mass,2024-02-29,781
101260,Sanjay,Singh,Male,26,Mumbai,Mass,2025-03-17,685
101261,Aditya,Kumar,Female,44,Noida,Mass Affluent,2023-01-24,711
101262,Ananya,Iyer,Male,51,Kolkata,Mass,2025-09-12,850
101263,Rahul,Verma,Male,42,Noida,Mass Affluent,2023-10-11,757
101264,Sanjay,Reddy,Female,58,Gurugram,Mass,2025-04-15,748
101265,Priya,Kulkarni,Male,26,Mumbai,Mass,2022-12-15,675
101266,Vivaan,Iyer,Male,37,Mangaluru,Mass Affluent,2022-02-23,729
101267,Meera,Reddy,Female,65,Chennai,Mass,2022-03-22,785
101268,Aarav,Patel,Other,45,Bhopal,Premium,2023-06-29,736
101269,Rohan,Desai,Female,29,Jaipur,Mass Affluent,2025-10-23,699
101270,Kavya,Patel,Male,26,Kochi,Premium,2022-03-13,715
101271,Priya,Iyer,Male,48,Jaipur,Mass Affluent,2023-06-23,818
101272,Nisha,Verma,Other,64,Indore,Mass,2022-06-09,782
101273,Sneha,Nair,Female,23,Shivamogga,Mass,2025-09-22,772
101274,Varun,Kumar,Female,26,Jaipur,Mass Affluent,2024-09-12,766
101275,Sneha,Patel,Female,38,Mysuru,Mass Affluent,2025-01-18,652
101276,Vivaan,Verma,Male,30,Shivamogga,Mass,2024-11-07,754
101277,Vivaan,Nair,Male,26,Bengaluru,Mass,2024-08-17,810
101278,Nisha,Sharma,Female,35,Chennai,Mass,2025-02-03,717
101279,Aarav,Reddy,Female,51,Mangaluru,Mass,2022-01-12,803
101280,Neha,Shetty,Male,59,Hyderabad,Mass,2025-06-17,773
101281,Aarav,Reddy,Female,35,Mangaluru,Mass Affluent,2024-12-16,793
101282,Kiran,Joshi,Male,53,Bengaluru,Wealth,2024-12-15,739
101283,Sneha,Patel,Female,59,Delhi,Mass,2023-07-29,797
101284,Arjun,Rao,Male,21,Chennai,Mass,2025-03-15,632
101285,Isha,Gupta,Female,61,Chennai,Mass,2023-07-12,737
101286,Akash,Rao,Male,29,Mumbai,Mass,2022-03-13,785
101287,Vivaan,Sharma,Female,53,Chennai,Mass Affluent,2025-08-18,756
101288,Vivaan,Joshi,Female,56,Bengaluru,Mass,2022-12-09,812
101289,Rohan,Singh,Male,60,Delhi,Wealth,2022-05-29,724
101290,Varun,Gupta,Female,39,Coimbatore,Premium,2024-06-26,697
101291,Ananya,Desai,Female,51,Mangaluru,Mass Affluent,2022-12-08,620
101292,Aditi,Kumar,Female,22,Mangaluru,Premium,2025-06-06,716
101293,Aarav,Rao,Male,42,Kochi,Mass Affluent,2023-10-10,771
101294,Kavya,Shetty,Female,66,Gurugram,Wealth,2022-01-07,788
101295,Vivaan,Desai,Female,28,Pune,Mass,2025-10-21,637
101296,Kavya,Patel,Female,28,Kochi,Wealth,2024-01-22,817
101297,Aditya,Kulkarni,Male,53,Mumbai,Mass,2023-01-19,667
101298,Vikram,Iyer,Female,44,Kolkata,Mass,2024-09-15,727
101299,Rohan,Singh,Male,42,Noida,Premium,2024-02-14,695
101300,Arjun,Reddy,Male,32,Hubballi,Mass,2022-02-13,764
101301,Kiran,Kulkarni,Male,29,Kochi,Mass,2025-01-14,742
101302,Aarav,Mehta,Male,55,Kolkata,Mass,2023-08-09,782
101303,Arjun,Patel,Male,37,Shivamogga,Mass,2024-10-18,850
101304,Sneha,Iyer,Male,57,Kochi,Mass,2025-07-31,763
101305,Kiran,Rao,Female,41,Kolkata,Mass,2024-06-10,695
101306,Neha,Shetty,Female,39,Bhopal,Mass Affluent,2024-09-07,767
101307,Varun,Reddy,Male,31,Coimbatore,Premium,2023-01-07,850
101308,Aditya,Joshi,Female,51,Mumbai,Mass,2022-12-13,781
101309,Neha,Joshi,Female,34,Indore,Premium,2023-08-29,801
101310,Arjun,Singh,Female,63,Bengaluru,Mass Affluent,2025-05-30,623
101311,Isha,Kulkarni,Female,40,Mumbai,Mass Affluent,2024-02-05,762
101312,Kiran,Kumar,Other,59,Kolkata,Mass Affluent,2023-05-24,716
101313,Aarav,Verma,Female,43,Gurugram,Premium,2025-02-12,687
101314,Vivaan,Mehta,Other,40,Shivamogga,Mass,2025-05-30,733
101315,Vikram,Rao,Female,42,Hubballi,Mass Affluent,2025-08-10,743
101316,Vivaan,Rao,Male,41,Kochi,Premium,2023-03-13,691
101317,Nisha,Reddy,Female,43,Bhopal,Mass Affluent,2024-11-02,748
101318,Sanjay,Patel,Female,62,Ahmedabad,Mass,2024-05-11,723
101319,Isha,Rao,Female,54,Gurugram,Mass Affluent,2023-10-18,784
101320,Kiran,Rao,Female,22,Kochi,Premium,2023-08-03,751
101321,Nisha,Rao,Male,23,Shivamogga,Mass,2022-06-17,761
101322,Akash,Iyer,Male,22,Visakhapatnam,Mass Affluent,2023-02-06,804
101323,Aditya,Nair,Female,53,Mangaluru,Premium,2024-03-13,774
101324,Akash,Sharma,Female,30,Noida,Mass Affluent,2025-07-18,735
101325,Sanjay,Singh,Female,39,Mumbai,Mass,2025-06-18,589
101326,Aditya,Nair,Female,59,Indore,Mass Affluent,2022-10-01,771
101327,Vivaan,Patel,Female,27,Shivamogga,Mass Affluent,2024-09-18,671
101328,Kavya,Patel,Female,28,Kolkata,Mass,2022-05-04,729
101329,Vivaan,Sharma,Male,24,Hubballi,Mass Affluent,2024-09-12,761
101330,Aditi,Kumar,Female,34,Hubballi,Mass,2023-05-15,828
101331,Vivaan,Kulkarni,Male,25,Chennai,Premium,2023-10-19,850
101332,Meera,Verma,Female,50,Kochi,Premium,2024-11-13,671
101333,Rahul,Kulkarni,Male,55,Pune,Premium,2023-09-13,643
101334,Vivaan,Kumar,Female,29,Ahmedabad,Mass Affluent,2025-03-24,758
101335,Vivaan,Shetty,Male,45,Noida,Mass,2024-02-19,752
101336,Arjun,Mehta,Male,35,Visakhapatnam,Mass Affluent,2025-12-29,651
101337,Priya,Joshi,Female,24,Mumbai,Mass,2024-07-20,734
101338,Vivaan,Gupta,Female,42,Shivamogga,Mass Affluent,2023-03-09,777
101339,Varun,Verma,Male,53,Indore,Mass,2025-02-05,649
101340,Aditi,Desai,Female,31,Mumbai,Mass Affluent,2023-08-19,665
101341,Rohan,Kulkarni,Male,58,Shivamogga,Mass Affluent,2024-02-19,690
101342,Akash,Gupta,Male,67,Coimbatore,Mass,2022-07-19,720
101343,Meera,Shetty,Male,23,Coimbatore,Mass,2022-06-24,784
101344,Meera,Mehta,Female,28,Mysuru,Mass,2024-04-19,712
101345,Arjun,Verma,Female,34,Bhopal,Mass,2022-09-30,739
101346,Kavya,Joshi,Female,60,Kolkata,Mass,2025-12-27,850
101347,Sneha,Gupta,Female,27,Pune,Premium,2025-06-03,668
101348,Akash,Shetty,Female,43,Gurugram,Premium,2024-10-20,689
101349,Isha,Kumar,Female,46,Shivamogga,Wealth,2024-12-08,782
101350,Meera,Nair,Other,27,Hubballi,Mass,2024-05-19,804
101351,Kiran,Gupta,Male,22,Mangaluru,Mass,2022-03-30,764
101352,Aarav,Mehta,Male,26,Hubballi,Mass Affluent,2023-07-27,850
101353,Aditya,Shetty,Male,23,Noida,Mass Affluent,2023-12-25,757
101354,Vikram,Reddy,Female,44,Coimbatore,Mass Affluent,2025-08-29,597
101355,Kavya,Kulkarni,Female,65,Delhi,Premium,2022-11-17,742
101356,Neha,Shetty,Male,37,Bengaluru,Mass Affluent,2023-12-27,695
101357,Meera,Singh,Female,33,Chennai,Mass Affluent,2023-05-18,832
101358,Aarav,Rao,Female,32,Jaipur,Wealth,2022-07-16,803
101359,Aarav,Joshi,Male,67,Coimbatore,Mass,2022-05-31,624
101360,Priya,Joshi,Male,66,Jaipur,Premium,2023-06-18,830
101361,Aditi,Desai,Male,51,Hyderabad,Mass Affluent,2022-05-01,801
101362,Sanjay,Mehta,Male,42,Kolkata,Mass,2022-04-09,712
101363,Nisha,Nair,Female,28,Mysuru,Premium,2023-05-28,730
101364,Rohan,Joshi,Female,64,Chennai,Premium,2022-10-22,832
101365,Varun,Desai,Male,21,Gurugram,Premium,2024-03-21,597
101366,Isha,Reddy,Male,28,Bengaluru,Mass,2022-01-26,766
101367,Varun,Rao,Male,52,Bengaluru,Mass,2023-03-17,812
101368,Arjun,Shetty,Male,29,Coimbatore,Mass Affluent,2023-10-24,729
101369,Aarav,Desai,Male,26,Shivamogga,Mass,2025-11-07,780
101370,Vivaan,Iyer,Female,49,Mangaluru,Mass,2024-07-15,742
101371,Akash,Desai,Female,22,Noida,Mass,2025-07-09,680
101372,Vivaan,Sharma,Female,33,Pune,Mass,2023-05-17,678
101373,Sanjay,Rao,Male,51,Visakhapatnam,Mass Affluent,2023-10-19,785
101374,Kavya,Patel,Female,29,Indore,Mass Affluent,2023-09-06,691
101375,Aditya,Gupta,Male,56,Coimbatore,Mass,2025-07-19,628
101376,Vikram,Reddy,Male,25,Mumbai,Mass Affluent,2025-11-01,744
101377,Aditya,Kulkarni,Female,49,Bhopal,Mass,2025-11-06,699
101378,Aditya,Rao,Female,24,Pune,Mass,2025-01-02,651
101379,Sneha,Patel,Male,55,Shivamogga,Mass Affluent,2024-01-05,740
101380,Rohan,Mehta,Female,56,Visakhapatnam,Mass Affluent,2024-02-29,789
101381,Rohan,Kumar,Female,58,Ahmedabad,Mass,2025-12-02,736
101382,Arjun,Shetty,Female,34,Mysuru,Mass Affluent,2023-02-20,660
101383,Aditi,Patel,Female,32,Bhopal,Mass,2023-05-22,769
101384,Aarav,Patel,Male,66,Hubballi,Mass Affluent,2025-08-02,807
101385,Rahul,Kumar,Female,55,Ahmedabad,Mass,2023-07-19,850
101386,Sneha,Shetty,Male,29,Chennai,Mass Affluent,2022-12-10,836
101387,Isha,Shetty,Male,22,Bengaluru,Mass Affluent,2024-03-29,665
101388,Meera,Desai,Female,37,Kochi,Mass,2023-04-21,795
101389,Rahul,Reddy,Female,52,Ahmedabad,Mass Affluent,2025-07-24,753
101390,Aditi,Rao,Male,38,Bhopal,Premium,2025-08-20,654
101391,Nisha,Sharma,Female,58,Kolkata,Mass,2023-03-23,755
101392,Neha,Singh,Female,44,Kochi,Mass Affluent,2024-02-13,850
101393,Rohan,Reddy,Female,67,Indore,Premium,2025-12-07,819
101394,Sneha,Patel,Male,61,Visakhapatnam,Mass,2024-12-19,664
101395,Sneha,Shetty,Male,43,Noida,Premium,2022-11-11,736
101396,Vivaan,Mehta,Male,60,Bengaluru,Mass,2024-05-12,769
101397,Sneha,Verma,Male,42,Mumbai,Mass Affluent,2024-06-24,614
101398,Arjun,Desai,Male,21,Kolkata,Premium,2024-08-12,616
101399,Sneha,Shetty,Male,35,Mangaluru,Wealth,2022-02-06,746
101400,Sanjay,Sharma,Male,40,Mangaluru,Mass Affluent,2023-03-14,747
101401,Priya,Joshi,Male,66,Hyderabad,Mass Affluent,2025-06-01,606
101402,Nisha,Desai,Female,59,Indore,Mass,2022-12-19,762
101403,Kiran,Sharma,Female,27,Mumbai,Mass,2023-03-14,811
101404,Sanjay,Patel,Male,21,Indore,Premium,2023-04-16,720
101405,Varun,Desai,Female,45,Coimbatore,Mass,2022-09-16,739
101406,Sanjay,Sharma,Male,46,Mumbai,Premium,2022-08-15,775
101407,Kavya,Kulkarni,Male,55,Shivamogga,Mass,2023-05-22,766
101408,Aditi,Rao,Female,33,Coimbatore,Mass,2025-06-30,618
101409,Priya,Gupta,Male,59,Kochi,Mass,2022-01-03,672
101410,Sanjay,Shetty,Male,40,Kolkata,Mass Affluent,2023-02-18,707
101411,Varun,Patel,Male,36,Visakhapatnam,Mass,2022-03-30,675
101412,Ananya,Iyer,Female,40,Mangaluru,Mass,2024-03-30,838
101413,Vivaan,Desai,Female,65,Hyderabad,Wealth,2023-01-01,779
101414,Aarav,Mehta,Male,39,Kolkata,Premium,2025-03-02,657
101415,Rahul,Iyer,Male,47,Mysuru,Premium,2024-05-04,720
101416,Vivaan,Desai,Male,62,Visakhapatnam,Mass,2025-02-18,814
101417,Rahul,Rao,Female,21,Noida,Mass,2024-07-15,690
101418,Aditya,Sharma,Male,46,Mumbai,Mass Affluent,2023-10-03,795
101419,Akash,Gupta,Female,54,Shivamogga,Mass,2025-06-11,832
101420,Vivaan,Gupta,Female,63,Bengaluru,Mass,2023-11-27,820
101421,Aditi,Shetty,Male,23,Noida,Premium,2025-10-18,748
101422,Neha,Rao,Female,55,Visakhapatnam,Mass,2025-12-23,823
101423,Arjun,Mehta,Male,58,Bengaluru,Premium,2024-05-09,698
101424,Kavya,Shetty,Male,37,Chennai,Mass,2024-09-11,850
101425,Akash,Singh,Male,56,Ahmedabad,Mass,2023-01-09,752
101426,Nisha,Kulkarni,Male,44,Chennai,Mass,2025-04-04,815
101427,Akash,Kulkarni,Female,51,Ahmedabad,Premium,2024-09-07,710
101428,Sneha,Verma,Other,39,Jaipur,Mass Affluent,2025-08-10,770
101429,Meera,Gupta,Male,29,Visakhapatnam,Mass Affluent,2023-01-25,773
101430,Aditya,Patel,Male,59,Kolkata,Mass,2025-02-23,670
101431,Vikram,Iyer,Female,31,Jaipur,Premium,2023-11-18,668
101432,Kavya,Reddy,Male,29,Mumbai,Mass Affluent,2022-09-28,721
101433,Rohan,Nair,Male,62,Hubballi,Mass Affluent,2022-09-07,812
101434,Neha,Desai,Other,65,Mysuru,Mass Affluent,2024-03-31,607
101435,Aditi,Kumar,Female,49,Mangaluru,Premium,2023-04-12,710
101436,Aarav,Kulkarni,Female,48,Coimbatore,Mass Affluent,2022-05-29,827
101437,Varun,Patel,Male,37,Bengaluru,Mass,2023-09-16,649
101438,Rohan,Patel,Male,49,Delhi,Premium,2024-08-11,823
101439,Vivaan,Kulkarni,Male,49,Kolkata,Mass,2023-04-11,656
101440,Kiran,Patel,Female,45,Ahmedabad,Wealth,2025-10-26,671
101441,Varun,Rao,Male,51,Mysuru,Mass,2025-02-12,725
101442,Rohan,Rao,Male,47,Bhopal,Mass,2024-01-19,850
101443,Priya,Singh,Male,62,Chennai,Mass,2025-09-26,690
101444,Varun,Sharma,Female,52,Bengaluru,Mass Affluent,2023-09-25,614
101445,Aarav,Singh,Female,39,Mangaluru,Mass,2022-07-23,637
101446,Nisha,Patel,Female,51,Bhopal,Premium,2022-02-22,800
101447,Rohan,Verma,Male,31,Indore,Mass Affluent,2025-10-01,640
101448,Meera,Mehta,Female,31,Kochi,Mass,2025-11-02,818
101449,Arjun,Kulkarni,Male,59,Mumbai,Mass Affluent,2024-12-15,740
101450,Aditya,Desai,Male,48,Indore,Premium,2022-05-31,733
101451,Nisha,Rao,Male,23,Pune,Premium,2023-03-05,756
101452,Varun,Mehta,Female,37,Shivamogga,Mass,2022-03-01,679
101453,Akash,Rao,Male,67,Kochi,Premium,2022-03-16,745
101454,Meera,Gupta,Other,50,Mumbai,Mass,2022-12-26,651
101455,Isha,Kulkarni,Male,61,Gurugram,Mass Affluent,2024-04-15,829
101456,Arjun,Singh,Male,46,Ahmedabad,Premium,2022-04-06,663
101457,Rohan,Iyer,Female,23,Hubballi,Mass,2025-12-08,766
101458,Aditi,Mehta,Female,29,Indore,Mass,2023-10-27,663
101459,Kiran,Singh,Male,25,Hubballi,Mass Affluent,2023-01-21,698
101460,Isha,Singh,Female,55,Visakhapatnam,Mass,2024-01-24,709
101461,Arjun,Reddy,Male,56,Pune,Mass,2025-02-27,850
101462,Ananya,Singh,Male,42,Chennai,Mass,2023-04-02,734
101463,Rahul,Shetty,Female,55,Pune,Premium,2022-03-11,677
101464,Aditya,Mehta,Female,46,Gurugram,Mass,2022-03-16,704
101465,Aditya,Reddy,Male,55,Bengaluru,Mass Affluent,2025-05-28,630
101466,Priya,Verma,Male,52,Hubballi,Wealth,2022-06-12,724
101467,Neha,Rao,Female,42,Gurugram,Mass Affluent,2024-07-16,850
101468,Vivaan,Mehta,Male,51,Ahmedabad,Mass Affluent,2023-07-16,759
101469,Priya,Rao,Female,35,Visakhapatnam,Mass Affluent,2025-02-09,798
101470,Arjun,Reddy,Female,56,Coimbatore,Mass,2022-03-30,671
101471,Aarav,Nair,Female,63,Indore,Mass,2025-08-03,721
101472,Aditya,Kulkarni,Male,30,Kochi,Mass,2024-10-16,749
101473,Ananya,Mehta,Female,52,Kochi,Mass,2023-10-18,684
101474,Akash,Gupta,Male,26,Mumbai,Mass,2022-10-30,763
101475,Rahul,Kulkarni,Male,38,Indore,Mass Affluent,2025-11-27,778
101476,Rohan,Verma,Male,52,Visakhapatnam,Mass,2023-03-18,773
101477,Rahul,Sharma,Male,34,Gurugram,Mass,2023-12-18,724
101478,Neha,Mehta,Female,32,Mangaluru,Premium,2023-07-30,811
101479,Kavya,Reddy,Female,39,Bengaluru,Mass,2022-12-03,717
101480,Kiran,Joshi,Female,26,Delhi,Mass Affluent,2023-09-01,711
101481,Meera,Kumar,Female,50,Kolkata,Mass,2022-08-10,836
101482,Vikram,Verma,Female,27,Noida,Mass Affluent,2022-01-03,658
101483,Sanjay,Sharma,Female,36,Bhopal,Mass,2023-02-28,616
101484,Sneha,Gupta,Female,35,Gurugram,Mass,2022-06-13,674
101485,Kavya,Desai,Female,66,Ahmedabad,Premium,2023-08-29,762
101486,Sanjay,Rao,Female,67,Kochi,Mass Affluent,2025-06-13,825
101487,Nisha,Singh,Male,24,Bhopal,Mass,2022-08-26,689
101488,Rohan,Mehta,Other,28,Kolkata,Mass,2022-01-02,850
101489,Aditya,Joshi,Male,55,Noida,Mass Affluent,2022-06-12,737
101490,Aditya,Verma,Male,35,Mysuru,Mass,2024-01-12,727
101491,Vikram,Nair,Female,51,Kolkata,Mass Affluent,2023-02-06,676
101492,Sneha,Patel,Male,64,Hubballi,Mass Affluent,2023-12-16,850
101493,Rohan,Sharma,Male,28,Hyderabad,Mass Affluent,2022-02-12,724
101494,Kiran,Reddy,Male,66,Gurugram,Premium,2023-05-02,642
101495,Rohan,Kulkarni,Male,23,Mysuru,Mass,2023-08-22,850
101496,Varun,Kulkarni,Female,31,Ahmedabad,Premium,2023-09-22,763
101497,Aditi,Iyer,Female,44,Pune,Mass Affluent,2024-03-15,791
101498,Vikram,Kulkarni,Male,62,Gurugram,Mass,2025-02-13,850
101499,Kiran,Sharma,Other,47,Hyderabad,Mass Affluent,2023-11-14,778
101500,Isha,Kulkarni,Female,27,Hyderabad,Mass Affluent,2025-05-13,803
101501,Aditya,Kumar,Female,32,Hyderabad,Mass,2024-02-13,739
101502,Akash,Sharma,Male,56,Mysuru,Wealth,2023-01-16,786
101503,Priya,Rao,Female,47,Hubballi,Wealth,2022-12-01,733
101504,Sneha,Joshi,Male,21,Kochi,Mass,2023-04-16,734
101505,Ananya,Singh,Male,44,Mangaluru,Mass Affluent,2024-05-22,743
101506,Rohan,Rao,Female,40,Delhi,Premium,2022-12-21,707
101507,Sanjay,Singh,Male,21,Mangaluru,Premium,2025-08-27,770
101508,Isha,Rao,Female,32,Gurugram,Mass Affluent,2023-12-02,770
101509,Meera,Reddy,Female,64,Kolkata,Mass,2025-06-14,792
101510,Aarav,Patel,Male,54,Delhi,Mass Affluent,2024-09-24,780
101511,Rohan,Singh,Male,24,Kochi,Mass,2023-05-02,850
101512,Varun,Gupta,Female,21,Pune,Mass Affluent,2022-11-30,809
101513,Vivaan,Kumar,Female,37,Noida,Mass Affluent,2024-12-22,720
101514,Aditya,Reddy,Male,42,Pune,Mass Affluent,2023-04-28,767
101515,Varun,Rao,Other,42,Gurugram,Mass,2022-12-27,834
101516,Kiran,Nair,Female,53,Mysuru,Mass Affluent,2025-09-20,669
101517,Rohan,Iyer,Female,29,Pune,Mass Affluent,2023-12-06,850
101518,Sneha,Kumar,Male,23,Jaipur,Mass,2022-03-12,681
101519,Arjun,Sharma,Female,52,Kochi,Mass,2023-12-24,798
101520,Aarav,Sharma,Female,63,Pune,Mass,2023-11-04,735
101521,Aarav,Verma,Male,28,Pune,Premium,2025-06-15,731
101522,Vivaan,Patel,Other,37,Pune,Mass Affluent,2024-11-04,644
101523,Arjun,Kumar,Female,50,Pune,Mass Affluent,2022-10-07,799
101524,Meera,Mehta,Female,28,Visakhapatnam,Mass Affluent,2022-08-08,645
101525,Rohan,Joshi,Female,61,Ahmedabad,Premium,2024-05-31,634
101526,Vivaan,Rao,Female,31,Hyderabad,Mass Affluent,2022-03-11,816
101527,Aarav,Joshi,Female,46,Delhi,Mass,2023-04-11,850
101528,Isha,Mehta,Female,36,Gurugram,Mass,2022-07-21,688
101529,Varun,Desai,Male,52,Noida,Mass,2022-01-31,805
101530,Kiran,Nair,Male,30,Hyderabad,Premium,2025-09-03,791
101531,Vivaan,Verma,Male,25,Visakhapatnam,Mass Affluent,2022-05-12,729
101532,Rahul,Iyer,Female,44,Pune,Mass Affluent,2022-01-14,829
101533,Isha,Kulkarni,Male,61,Chennai,Mass Affluent,2025-09-24,724
101534,Arjun,Joshi,Female,50,Bengaluru,Premium,2022-10-02,771
101535,Akash,Desai,Male,56,Delhi,Wealth,2025-04-07,647
101536,Nisha,Gupta,Male,41,Bhopal,Mass Affluent,2022-02-15,650
101537,Kiran,Gupta,Female,27,Visakhapatnam,Mass,2022-08-13,817
101538,Akash,Joshi,Female,41,Delhi,Mass,2022-06-11,774
101539,Kiran,Desai,Male,67,Mangaluru,Mass Affluent,2024-10-28,725
101540,Aditya,Rao,Male,57,Jaipur,Premium,2024-06-24,850
101541,Sanjay,Desai,Male,54,Kolkata,Mass Affluent,2023-11-26,850
101542,Akash,Desai,Male,35,Visakhapatnam,Mass,2022-12-19,766
101543,Kiran,Reddy,Male,49,Gurugram,Mass Affluent,2022-05-10,633
101544,Sneha,Mehta,Female,50,Bengaluru,Mass,2024-04-11,727
101545,Arjun,Desai,Male,51,Indore,Mass,2022-12-03,677
101546,Aditi,Kumar,Male,62,Ahmedabad,Premium,2024-05-11,741
101547,Meera,Kulkarni,Male,53,Coimbatore,Mass Affluent,2024-09-30,669
101548,Kavya,Nair,Male,31,Mangaluru,Mass,2025-05-25,651
101549,Sneha,Singh,Other,31,Delhi,Mass,2023-12-23,577
101550,Kavya,Kumar,Male,50,Delhi,Mass Affluent,2022-01-07,747
101551,Sneha,Joshi,Male,61,Pune,Mass,2023-02-14,574
101552,Varun,Sharma,Female,65,Coimbatore,Mass,2025-05-30,713
101553,Arjun,Verma,Female,49,Hubballi,Mass Affluent,2024-02-18,784
101554,Isha,Verma,Female,45,Mysuru,Mass Affluent,2024-06-22,684
101555,Ananya,Verma,Female,59,Shivamogga,Mass,2023-10-31,659
101556,Priya,Shetty,Female,66,Visakhapatnam,Mass Affluent,2022-08-26,730
101557,Aditya,Joshi,Female,22,Mangaluru,Mass Affluent,2025-08-02,677
101558,Kiran,Verma,Other,35,Noida,Mass,2025-02-02,748
101559,Akash,Mehta,Male,36,Hubballi,Mass,2025-12-23,663
101560,Aditya,Patel,Female,47,Hyderabad,Mass,2025-06-03,728
101561,Aditi,Joshi,Female,34,Noida,Mass,2023-03-02,711
101562,Meera,Kulkarni,Female,35,Bengaluru,Premium,2023-01-07,734
101563,Isha,Desai,Male,22,Shivamogga,Mass Affluent,2022-12-29,849
101564,Aarav,Kulkarni,Female,21,Noida,Wealth,2025-09-03,749
101565,Aarav,Reddy,Male,42,Bengaluru,Mass,2024-03-24,770
101566,Rohan,Iyer,Female,67,Delhi,Mass Affluent,2023-10-26,691
101567,Aditya,Patel,Male,34,Kolkata,Mass Affluent,2025-11-14,751
101568,Vivaan,Desai,Female,32,Shivamogga,Premium,2024-05-30,716
101569,Arjun,Nair,Female,33,Hubballi,Premium,2025-08-20,737
101570,Arjun,Kumar,Male,66,Delhi,Mass Affluent,2025-12-08,780
101571,Varun,Patel,Male,52,Jaipur,Mass Affluent,2022-04-26,700
101572,Aditi,Rao,Male,51,Bengaluru,Wealth,2023-06-12,707
101573,Aarav,Desai,Female,29,Mumbai,Premium,2024-12-07,701
101574,Aditi,Mehta,Female,63,Visakhapatnam,Wealth,2025-04-02,700
101575,Aditya,Kulkarni,Female,30,Mumbai,Mass,2022-08-05,747
101576,Ananya,Desai,Male,66,Mumbai,Mass,2023-04-10,710
101577,Aarav,Rao,Female,65,Jaipur,Mass,2024-03-11,840
101578,Vivaan,Desai,Female,47,Delhi,Mass Affluent,2025-03-12,850
101579,Aditya,Kulkarni,Male,61,Hyderabad,Mass,2022-06-14,695
101580,Ananya,Iyer,Male,67,Kochi,Mass,2024-05-27,756
101581,Isha,Rao,Male,48,Bengaluru,Mass Affluent,2023-03-09,808
101582,Neha,Desai,Male,57,Jaipur,Mass,2022-11-12,716
101583,Aditi,Patel,Male,48,Hyderabad,Mass Affluent,2024-01-23,665
101584,Kavya,Verma,Male,45,Bhopal,Mass,2023-08-28,850
101585,Kavya,Joshi,Male,36,Jaipur,Premium,2024-07-17,783
101586,Sneha,Patel,Male,51,Indore,Mass,2023-04-09,757
101587,Priya,Reddy,Male,33,Mangaluru,Mass Affluent,2025-04-16,837
101588,Isha,Patel,Female,30,Hubballi,Mass Affluent,2022-04-25,789
101589,Rahul,Mehta,Female,33,Indore,Mass,2025-06-12,732
101590,Isha,Rao,Male,21,Hyderabad,Mass,2022-02-13,667
101591,Aarav,Patel,Female,64,Coimbatore,Premium,2024-12-10,700
101592,Akash,Gupta,Female,33,Ahmedabad,Mass Affluent,2023-05-21,819
101593,Neha,Gupta,Male,58,Delhi,Mass,2023-07-14,783
101594,Nisha,Nair,Male,41,Bengaluru,Mass Affluent,2022-01-28,722
101595,Akash,Gupta,Male,36,Mysuru,Mass,2024-10-22,850
101596,Isha,Mehta,Female,31,Jaipur,Mass Affluent,2022-08-30,724
101597,Vikram,Nair,Male,59,Mysuru,Mass Affluent,2024-08-20,804
101598,Isha,Gupta,Male,45,Bengaluru,Mass Affluent,2024-11-24,750
101599,Aditya,Shetty,Female,42,Shivamogga,Mass,2025-05-19,850
101600,Aarav,Joshi,Other,51,Indore,Mass,2024-10-30,788
101601,Aditya,Mehta,Male,58,Kolkata,Mass,2023-03-17,738
101602,Sanjay,Iyer,Female,51,Jaipur,Mass,2024-12-14,722
101603,Isha,Rao,Female,42,Ahmedabad,Mass Affluent,2025-04-20,734
101604,Kiran,Gupta,Female,63,Noida,Mass Affluent,2023-04-09,684
101605,Ananya,Verma,Female,63,Pune,Mass,2022-07-01,639
101606,Rohan,Rao,Female,66,Chennai,Mass,2025-07-23,757
101607,Vikram,Rao,Male,25,Gurugram,Mass Affluent,2022-08-04,698
101608,Akash,Shetty,Male,62,Visakhapatnam,Mass Affluent,2024-05-16,697
101609,Vivaan,Gupta,Female,30,Bhopal,Premium,2022-12-11,729
101610,Kavya,Nair,Male,50,Jaipur,Mass,2022-07-03,739
101611,Kiran,Joshi,Other,51,Coimbatore,Mass,2025-02-07,736
101612,Aarav,Verma,Male,30,Coimbatore,Mass,2022-07-29,850
101613,Sanjay,Mehta,Female,21,Ahmedabad,Mass Affluent,2024-09-05,781
101614,Vivaan,Verma,Male,65,Coimbatore,Mass Affluent,2024-10-08,850
101615,Rahul,Rao,Male,62,Mysuru,Mass,2022-03-29,704
101616,Aarav,Desai,Female,29,Bengaluru,Mass,2022-09-10,790
101617,Isha,Joshi,Male,49,Chennai,Mass Affluent,2025-03-05,708
101618,Sneha,Sharma,Female,28,Mysuru,Mass,2024-01-11,696
101619,Kiran,Joshi,Female,47,Mumbai,Mass Affluent,2022-06-27,850
101620,Vivaan,Rao,Female,35,Hubballi,Mass,2025-12-18,681
101621,Aditya,Desai,Female,56,Visakhapatnam,Mass,2023-01-22,579
101622,Sanjay,Nair,Other,47,Ahmedabad,Mass,2022-01-06,685
101623,Varun,Rao,Female,44,Bengaluru,Wealth,2025-09-11,594
101624,Sanjay,Patel,Male,53,Kolkata,Mass,2022-01-25,668
101625,Priya,Gupta,Female,43,Jaipur,Mass,2024-03-18,675
101626,Priya,Verma,Female,21,Mumbai,Premium,2025-12-20,737
101627,Nisha,Nair,Male,49,Bhopal,Mass,2024-04-23,592
101628,Aditi,Verma,Female,57,Visakhapatnam,Mass,2024-05-03,819
101629,Ananya,Nair,Male,44,Visakhapatnam,Mass,2023-07-21,604
101630,Rohan,Nair,Female,29,Mysuru,Mass Affluent,2022-07-05,726
101631,Isha,Gupta,Male,21,Chennai,Mass,2024-04-16,712
101632,Vivaan,Rao,Female,34,Kochi,Premium,2025-08-03,793
101633,Arjun,Kumar,Male,57,Chennai,Mass Affluent,2022-05-14,760
101634,Kavya,Singh,Female,36,Delhi,Mass Affluent,2025-07-09,818
101635,Vikram,Iyer,Male,65,Mumbai,Mass,2023-08-29,710
101636,Aditya,Kumar,Female,36,Chennai,Premium,2024-02-22,702
101637,Vivaan,Joshi,Female,41,Ahmedabad,Premium,2022-08-30,764
101638,Vivaan,Joshi,Female,56,Bengaluru,Premium,2024-06-26,807
101639,Nisha,Singh,Male,49,Kochi,Mass,2022-09-24,793
101640,Kiran,Iyer,Male,22,Jaipur,Mass Affluent,2023-02-03,758
101641,Kiran,Nair,Male,24,Mangaluru,Mass Affluent,2024-11-19,751
101642,Aarav,Verma,Female,30,Kochi,Wealth,2022-03-15,732
101643,Akash,Singh,Male,61,Gurugram,Mass,2023-10-15,764
101644,Ananya,Desai,Female,22,Mumbai,Premium,2024-05-18,850
101645,Nisha,Nair,Male,24,Delhi,Mass Affluent,2022-07-12,718
101646,Kavya,Verma,Female,57,Gurugram,Premium,2023-03-07,709
101647,Aditya,Patel,Male,50,Shivamogga,Mass Affluent,2023-05-17,704
101648,Varun,Reddy,Male,67,Kolkata,Premium,2024-08-26,762
101649,Sneha,Iyer,Male,31,Kolkata,Mass,2025-11-26,586
101650,Aditi,Joshi,Male,51,Hyderabad,Mass,2025-05-05,726
101651,Rahul,Nair,Male,27,Delhi,Mass,2022-10-05,797
101652,Varun,Reddy,Male,48,Kolkata,Premium,2022-01-27,698
101653,Sanjay,Nair,Female,25,Gurugram,Mass,2022-03-17,748
101654,Ananya,Verma,Other,63,Chennai,Mass Affluent,2024-05-19,850
101655,Vivaan,Verma,Male,40,Visakhapatnam,Wealth,2022-08-17,758
101656,Varun,Kumar,Female,32,Bhopal,Premium,2022-12-04,578
101657,Vikram,Joshi,Male,67,Hyderabad,Mass Affluent,2025-05-22,636
101658,Priya,Nair,Male,24,Jaipur,Premium,2025-06-29,717
101659,Sneha,Nair,Male,58,Coimbatore,Mass,2025-05-09,679
101660,Rahul,Rao,Male,44,Mangaluru,Mass Affluent,2023-01-06,742
101661,Vivaan,Joshi,Male,53,Noida,Mass Affluent,2024-06-23,714
101662,Sanjay,Verma,Female,33,Kochi,Premium,2024-06-10,817
101663,Isha,Mehta,Female,62,Mysuru,Mass,2022-09-28,659
101664,Rohan,Singh,Female,42,Mumbai,Mass,2024-03-19,720
101665,Meera,Desai,Female,40,Kochi,Mass Affluent,2024-02-06,750
101666,Aarav,Singh,Male,42,Indore,Mass Affluent,2023-08-02,759
101667,Vivaan,Joshi,Female,34,Visakhapatnam,Premium,2025-01-02,745
101668,Rahul,Gupta,Male,35,Kolkata,Mass Affluent,2024-09-16,566
101669,Isha,Gupta,Male,27,Bengaluru,Premium,2024-02-17,741
101670,Neha,Shetty,Male,43,Bengaluru,Mass Affluent,2024-11-25,724
101671,Arjun,Kumar,Male,43,Coimbatore,Premium,2025-01-19,795
101672,Neha,Patel,Female,38,Jaipur,Mass Affluent,2024-04-07,786
101673,Kiran,Mehta,Male,67,Hubballi,Mass,2023-01-26,752
101674,Priya,Mehta,Male,26,Mangaluru,Mass,2025-01-12,757
101675,Sneha,Mehta,Female,63,Mangaluru,Premium,2024-11-13,830
101676,Vikram,Nair,Other,61,Bhopal,Mass,2025-12-06,816
101677,Varun,Mehta,Female,22,Kochi,Mass Affluent,2022-08-07,754
101678,Rohan,Nair,Female,53,Indore,Mass,2023-09-05,850
101679,Sanjay,Patel,Female,30,Mangaluru,Mass Affluent,2025-09-11,691
101680,Priya,Reddy,Male,22,Ahmedabad,Mass,2024-01-22,652
101681,Arjun,Singh,Male,61,Indore,Mass Affluent,2025-10-08,734
101682,Kiran,Joshi,Male,26,Gurugram,Mass Affluent,2022-01-19,709
101683,Kavya,Kulkarni,Male,35,Kochi,Mass,2022-02-21,562
101684,Varun,Singh,Other,25,Kolkata,Mass Affluent,2025-03-08,689
101685,Neha,Gupta,Female,27,Bengaluru,Premium,2023-06-08,759
101686,Arjun,Singh,Other,23,Chennai,Mass Affluent,2024-01-30,731
101687,Arjun,Gupta,Female,60,Pune,Wealth,2023-09-17,681
101688,Aditya,Shetty,Female,23,Mysuru,Premium,2023-08-19,738
101689,Meera,Reddy,Female,56,Noida,Mass Affluent,2025-10-03,744
101690,Priya,Iyer,Female,28,Indore,Mass Affluent,2022-05-18,785
101691,Isha,Patel,Male,64,Mysuru,Premium,2025-02-01,690
101692,Meera,Mehta,Male,60,Mumbai,Mass Affluent,2025-07-22,796
101693,Varun,Verma,Female,50,Ahmedabad,Mass,2024-08-17,659
101694,Nisha,Kulkarni,Male,59,Mumbai,Premium,2023-07-31,700
101695,Aditya,Mehta,Female,35,Mangaluru,Wealth,2022-08-22,850
101696,Sneha,Kumar,Male,57,Hubballi,Mass Affluent,2024-09-23,663
101697,Vikram,Verma,Female,31,Bengaluru,Mass,2023-11-16,689
101698,Nisha,Patel,Male,49,Visakhapatnam,Mass Affluent,2022-08-07,647
101699,Kiran,Kulkarni,Male,64,Delhi,Mass Affluent,2023-06-10,677
101700,Neha,Rao,Female,55,Indore,Mass,2025-11-04,745
101701,Vikram,Verma,Male,33,Ahmedabad,Mass Affluent,2023-01-23,784
101702,Aarav,Kulkarni,Other,55,Mumbai,Mass Affluent,2022-09-18,734
101703,Priya,Desai,Male,62,Indore,Mass,2024-09-22,712
101704,Aditya,Desai,Male,62,Pune,Mass Affluent,2022-10-19,648
101705,Vikram,Patel,Male,55,Hubballi,Mass,2025-09-05,684
101706,Aarav,Sharma,Female,55,Coimbatore,Premium,2025-06-08,627
101707,Aarav,Kulkarni,Female,57,Noida,Mass,2025-12-06,787
101708,Kiran,Kumar,Male,55,Chennai,Premium,2025-08-25,791
101709,Rahul,Iyer,Male,27,Noida,Mass,2022-12-22,732
101710,Isha,Sharma,Female,58,Visakhapatnam,Wealth,2022-11-06,766
101711,Rohan,Gupta,Female,29,Pune,Mass Affluent,2023-05-16,796
101712,Neha,Desai,Male,47,Indore,Mass,2023-11-17,742
101713,Sneha,Desai,Male,36,Indore,Wealth,2025-07-08,833
101714,Sneha,Shetty,Male,31,Kochi,Mass Affluent,2024-12-06,663
101715,Sanjay,Gupta,Male,34,Hubballi,Mass Affluent,2024-07-29,711
101716,Isha,Nair,Female,24,Mysuru,Premium,2025-07-06,702
101717,Sneha,Iyer,Other,41,Mangaluru,Premium,2024-07-31,780
101718,Meera,Shetty,Other,40,Jaipur,Mass Affluent,2023-07-08,635
101719,Arjun,Kulkarni,Female,39,Hyderabad,Wealth,2023-08-26,836
101720,Meera,Kumar,Male,25,Visakhapatnam,Mass,2024-01-25,774
101721,Vikram,Nair,Other,49,Bengaluru,Mass,2022-05-10,850
101722,Kiran,Gupta,Male,28,Hyderabad,Mass,2024-12-18,732
101723,Arjun,Shetty,Male,61,Pune,Mass,2024-08-11,696
101724,Kiran,Sharma,Female,22,Bhopal,Mass Affluent,2024-12-03,781
101725,Rohan,Singh,Male,23,Mangaluru,Mass,2024-02-19,807
101726,Sneha,Gupta,Female,35,Chennai,Mass Affluent,2025-02-17,685
101727,Vikram,Verma,Other,40,Bhopal,Mass,2025-10-18,595
101728,Sneha,Rao,Female,66,Visakhapatnam,Mass,2024-04-12,607
101729,Aditya,Kulkarni,Female,45,Indore,Mass Affluent,2023-10-11,753
101730,Kiran,Verma,Male,38,Ahmedabad,Mass,2022-06-02,843
101731,Meera,Shetty,Male,60,Hubballi,Mass Affluent,2025-02-10,644
101732,Kiran,Singh,Female,32,Mysuru,Premium,2025-08-12,716
101733,Sneha,Joshi,Female,63,Chennai,Mass Affluent,2024-10-18,711
101734,Meera,Desai,Female,39,Delhi,Premium,2025-06-17,850
101735,Kiran,Nair,Male,35,Gurugram,Wealth,2025-06-11,850
101736,Aditi,Verma,Male,35,Bengaluru,Mass,2025-03-11,765
101737,Neha,Patel,Male,21,Ahmedabad,Mass Affluent,2024-01-05,798
101738,Aditya,Patel,Female,52,Hyderabad,Mass,2022-05-26,796
101739,Neha,Kumar,Female,48,Mangaluru,Mass,2022-01-05,645
101740,Ananya,Reddy,Other,50,Indore,Mass Affluent,2022-10-26,784
101741,Aarav,Gupta,Male,51,Hyderabad,Mass Affluent,2023-09-22,664
101742,Vikram,Gupta,Female,22,Shivamogga,Premium,2024-12-21,723
101743,Priya,Shetty,Male,62,Delhi,Mass Affluent,2023-10-28,815
101744,Aarav,Singh,Male,45,Visakhapatnam,Premium,2022-02-03,741
101745,Vikram,Shetty,Male,53,Coimbatore,Mass Affluent,2022-11-04,812
101746,Vikram,Patel,Female,22,Mysuru,Mass,2025-11-30,826
101747,Aarav,Nair,Male,56,Ahmedabad,Mass,2025-12-13,612
101748,Arjun,Reddy,Male,52,Ahmedabad,Mass Affluent,2023-07-05,583
101749,Neha,Patel,Female,38,Bhopal,Mass Affluent,2025-03-21,816
101750,Priya,Reddy,Female,64,Visakhapatnam,Mass,2024-11-16,819
101751,Kavya,Patel,Male,51,Jaipur,Mass,2025-09-21,753
101752,Ananya,Nair,Male,63,Ahmedabad,Mass,2025-07-19,762
101753,Aditi,Shetty,Female,59,Hyderabad,Mass Affluent,2024-07-06,798
101754,Aarav,Gupta,Female,30,Bhopal,Mass,2023-07-31,796
101755,Meera,Iyer,Female,67,Indore,Mass,2024-07-03,714
101756,Sanjay,Reddy,Male,55,Visakhapatnam,Mass,2023-04-11,802
101757,Priya,Sharma,Female,29,Visakhapatnam,Mass,2023-05-24,711
101758,Isha,Verma,Female,58,Kolkata,Mass Affluent,2024-06-07,752
101759,Rohan,Kulkarni,Male,41,Visakhapatnam,Premium,2024-04-14,749
101760,Akash,Singh,Male,61,Kochi,Mass,2024-04-28,675
101761,Aarav,Kumar,Other,29,Shivamogga,Mass Affluent,2023-07-16,683
101762,Rohan,Singh,Male,33,Bengaluru,Mass Affluent,2023-08-21,850
101763,Aditya,Kumar,Female,37,Visakhapatnam,Mass Affluent,2022-01-15,673
101764,Vikram,Kumar,Female,42,Chennai,Mass,2024-05-28,761
101765,Isha,Nair,Male,50,Bhopal,Mass,2024-04-20,776
101766,Sanjay,Rao,Female,31,Pune,Premium,2025-09-27,731
101767,Meera,Verma,Male,54,Hyderabad,Wealth,2024-01-07,782
101768,Sneha,Kulkarni,Female,22,Coimbatore,Mass,2023-11-14,758
101769,Priya,Joshi,Female,36,Gurugram,Mass Affluent,2022-04-09,674
101770,Rahul,Nair,Female,51,Ahmedabad,Mass,2022-10-15,773
101771,Sneha,Joshi,Male,33,Mumbai,Mass,2023-05-09,697
101772,Meera,Sharma,Female,41,Kolkata,Mass,2023-07-05,850
101773,Akash,Joshi,Female,49,Delhi,Mass Affluent,2023-06-14,765
101774,Priya,Kumar,Female,32,Indore,Mass,2023-07-30,686
101775,Sanjay,Nair,Female,66,Delhi,Mass,2025-01-27,759
101776,Sanjay,Reddy,Male,60,Mysuru,Mass,2022-07-11,670
101777,Priya,Rao,Female,66,Jaipur,Mass,2023-05-01,753
101778,Ananya,Desai,Male,44,Visakhapatnam,Mass,2022-08-26,719
101779,Aditya,Kulkarni,Male,37,Bhopal,Mass Affluent,2023-03-26,677
101780,Rohan,Patel,Female,67,Mangaluru,Mass Affluent,2024-09-26,676
101781,Vikram,Patel,Female,55,Visakhapatnam,Mass,2022-03-10,850
101782,Aditya,Kulkarni,Other,58,Mumbai,Mass,2023-05-11,741
101783,Neha,Desai,Male,29,Coimbatore,Mass Affluent,2022-02-04,705
101784,Meera,Shetty,Male,61,Kolkata,Mass,2025-10-26,693
101785,Rahul,Singh,Female,45,Visakhapatnam,Mass,2024-11-27,768
101786,Akash,Nair,Male,57,Mumbai,Premium,2022-12-22,690
101787,Aditi,Shetty,Female,59,Kolkata,Mass Affluent,2022-10-17,658
101788,Aarav,Desai,Female,25,Ahmedabad,Mass Affluent,2022-05-25,733
101789,Rahul,Nair,Male,25,Hubballi,Mass,2023-11-22,732
101790,Kavya,Sharma,Male,24,Kochi,Mass,2025-01-05,706
101791,Vikram,Verma,Male,51,Mangaluru,Mass,2024-05-02,673
101792,Sanjay,Rao,Female,64,Coimbatore,Premium,2025-07-10,708
101793,Vikram,Singh,Female,22,Mangaluru,Mass Affluent,2023-05-17,702
101794,Vivaan,Patel,Male,27,Hubballi,Mass,2023-02-11,692
101795,Kavya,Reddy,Male,43,Delhi,Mass,2023-11-29,754
101796,Aditya,Desai,Male,39,Hubballi,Mass,2022-10-23,850
101797,Vivaan,Iyer,Male,25,Mysuru,Mass,2025-11-25,828
101798,Meera,Nair,Female,49,Mysuru,Mass Affluent,2022-09-29,850
101799,Isha,Kulkarni,Female,63,Pune,Mass,2023-12-01,695
101800,Aditi,Sharma,Male,30,Delhi,Premium,2024-02-02,850
101801,Vikram,Kumar,Female,21,Bengaluru,Mass Affluent,2022-03-25,751
101802,Vivaan,Desai,Male,31,Mangaluru,Premium,2023-11-15,804
101803,Priya,Shetty,Male,29,Kolkata,Premium,2023-10-26,767
101804,Varun,Sharma,Female,42,Mumbai,Premium,2023-01-14,711
101805,Ananya,Verma,Male,26,Kochi,Wealth,2022-07-06,785
101806,Priya,Reddy,Male,37,Coimbatore,Mass,2022-03-07,769
101807,Isha,Rao,Female,26,Bengaluru,Mass,2022-01-13,611
101808,Sanjay,Rao,Female,52,Indore,Mass,2023-12-04,726
101809,Aarav,Desai,Male,43,Ahmedabad,Mass Affluent,2022-05-12,796
101810,Vikram,Iyer,Female,24,Coimbatore,Mass Affluent,2025-11-01,754
101811,Varun,Singh,Male,23,Delhi,Mass,2022-12-24,768
101812,Varun,Mehta,Female,43,Bengaluru,Premium,2024-08-10,682
101813,Ananya,Shetty,Male,48,Bhopal,Premium,2024-09-10,753
101814,Priya,Gupta,Female,29,Noida,Mass Affluent,2023-12-25,728
101815,Neha,Reddy,Male,36,Bengaluru,Mass,2025-07-14,721
101816,Rohan,Gupta,Female,49,Hubballi,Mass,2022-06-11,687
101817,Vikram,Shetty,Female,43,Shivamogga,Mass Affluent,2022-12-08,799
101818,Priya,Singh,Male,26,Hyderabad,Mass,2023-01-04,759
101819,Kavya,Rao,Female,39,Chennai,Mass Affluent,2022-07-17,752
101820,Aditya,Reddy,Male,30,Chennai,Mass,2023-03-07,850
101821,Nisha,Verma,Female,64,Bhopal,Mass,2023-04-02,768
101822,Meera,Kulkarni,Male,58,Indore,Mass,2025-01-21,819
101823,Akash,Shetty,Male,35,Ahmedabad,Mass Affluent,2023-03-17,754
101824,Aditya,Patel,Female,32,Kolkata,Mass,2025-07-03,710
101825,Priya,Shetty,Male,27,Bhopal,Wealth,2025-02-02,661
101826,Priya,Nair,Female,55,Pune,Mass,2025-08-09,752
101827,Priya,Shetty,Female,64,Noida,Premium,2022-06-03,549
101828,Vivaan,Singh,Male,33,Kolkata,Mass,2025-12-08,754
101829,Isha,Gupta,Male,51,Pune,Mass,2024-06-15,757
101830,Rohan,Kumar,Female,32,Visakhapatnam,Wealth,2025-12-05,720
101831,Aditi,Shetty,Female,64,Shivamogga,Mass Affluent,2023-06-03,729
101832,Rahul,Shetty,Male,35,Mysuru,Mass Affluent,2025-10-23,647
101833,Ananya,Gupta,Male,25,Mumbai,Mass Affluent,2024-05-09,832
101834,Aditi,Rao,Female,62,Coimbatore,Mass,2022-04-15,711
101835,Vivaan,Mehta,Female,65,Hyderabad,Premium,2023-08-22,667
101836,Nisha,Rao,Female,39,Shivamogga,Mass,2022-07-21,773
101837,Kavya,Rao,Male,63,Bhopal,Premium,2025-10-06,743
101838,Vivaan,Mehta,Female,32,Hubballi,Premium,2023-03-21,710
101839,Vivaan,Kumar,Female,33,Hubballi,Premium,2022-11-21,703
101840,Vikram,Singh,Male,46,Bhopal,Mass Affluent,2024-03-18,735
101841,Rohan,Nair,Male,49,Mumbai,Mass Affluent,2023-09-13,829
101842,Vikram,Iyer,Male,39,Bengaluru,Mass Affluent,2022-05-22,768
101843,Isha,Verma,Female,58,Chennai,Mass,2025-04-07,733
101844,Kiran,Sharma,Male,58,Jaipur,Premium,2025-05-19,795
101845,Rohan,Reddy,Female,26,Kochi,Mass Affluent,2024-12-20,737
101846,Meera,Rao,Female,67,Mysuru,Mass,2024-06-19,763
101847,Aditya,Desai,Male,28,Pune,Premium,2023-08-11,746
101848,Ananya,Singh,Female,45,Kolkata,Mass,2024-03-02,776
101849,Kiran,Singh,Female,40,Ahmedabad,Premium,2024-01-31,704
101850,Arjun,Shetty,Male,42,Kolkata,Premium,2022-08-30,655
101851,Neha,Nair,Female,27,Mumbai,Mass,2022-04-30,798
101852,Priya,Reddy,Female,37,Bhopal,Mass,2023-01-05,840
101853,Meera,Nair,Male,22,Mysuru,Mass Affluent,2023-10-26,659
101854,Vivaan,Desai,Female,66,Coimbatore,Mass,2022-08-23,748
101855,Vikram,Verma,Female,27,Indore,Wealth,2022-06-05,704
101856,Vikram,Desai,Male,43,Ahmedabad,Mass,2025-05-28,797
101857,Meera,Gupta,Other,31,Chennai,Mass,2023-07-02,752
101858,Sanjay,Mehta,Female,29,Hyderabad,Mass,2024-05-02,850
101859,Ananya,Kumar,Female,39,Chennai,Premium,2024-02-05,714
101860,Varun,Sharma,Male,66,Hubballi,Mass Affluent,2024-12-09,843
101861,Kavya,Patel,Male,43,Shivamogga,Premium,2024-12-16,849
101862,Sneha,Kulkarni,Male,66,Kolkata,Wealth,2023-03-09,772
101863,Arjun,Gupta,Female,59,Noida,Mass Affluent,2025-05-22,738
101864,Sneha,Kumar,Female,41,Delhi,Mass,2023-06-27,742
101865,Sanjay,Desai,Female,63,Delhi,Mass,2025-05-04,736
101866,Akash,Singh,Male,37,Mysuru,Premium,2023-08-15,814
101867,Ananya,Shetty,Female,44,Bhopal,Mass,2022-06-12,674
101868,Rahul,Kumar,Female,52,Visakhapatnam,Premium,2025-01-14,724
101869,Kavya,Patel,Female,48,Shivamogga,Premium,2022-02-14,715
101870,Vivaan,Singh,Female,59,Mumbai,Mass Affluent,2025-02-01,614
101871,Arjun,Kumar,Female,28,Kolkata,Mass Affluent,2022-03-05,795
101872,Sneha,Shetty,Male,44,Bengaluru,Wealth,2022-10-29,809
101873,Akash,Sharma,Female,52,Mangaluru,Mass Affluent,2024-05-30,691
101874,Kiran,Kumar,Other,36,Indore,Mass Affluent,2025-10-06,807
101875,Ananya,Shetty,Female,61,Hubballi,Mass,2023-08-20,624
101876,Kiran,Joshi,Male,35,Noida,Mass Affluent,2022-06-26,737
101877,Ananya,Gupta,Other,35,Bhopal,Mass,2022-12-07,726
101878,Aarav,Gupta,Male,36,Jaipur,Wealth,2025-08-01,741
101879,Sneha,Kulkarni,Male,52,Pune,Mass Affluent,2024-11-27,741
101880,Sneha,Desai,Male,26,Hubballi,Premium,2022-05-27,730
101881,Kiran,Kumar,Male,27,Jaipur,Mass,2023-07-16,708
101882,Rohan,Verma,Male,57,Chennai,Premium,2023-01-22,727
101883,Nisha,Gupta,Female,30,Visakhapatnam,Mass,2022-09-17,830
101884,Arjun,Shetty,Female,25,Kolkata,Mass Affluent,2025-05-20,694
101885,Aarav,Rao,Male,33,Bengaluru,Mass,2024-06-20,850
101886,Aarav,Reddy,Female,39,Pune,Premium,2022-09-20,691
101887,Vikram,Joshi,Female,22,Jaipur,Mass Affluent,2024-08-08,752
101888,Neha,Desai,Female,60,Jaipur,Mass,2023-08-27,775
101889,Aditya,Mehta,Male,26,Jaipur,Mass,2022-03-31,715
101890,Vikram,Sharma,Male,39,Shivamogga,Mass,2023-10-19,832
101891,Aditya,Nair,Female,30,Shivamogga,Mass,2022-09-28,773
101892,Kiran,Kumar,Female,34,Shivamogga,Mass,2022-12-25,721
101893,Aarav,Reddy,Female,23,Ahmedabad,Mass Affluent,2025-07-07,831
101894,Meera,Sharma,Male,65,Bengaluru,Mass,2024-11-02,664
101895,Meera,Shetty,Female,65,Coimbatore,Mass,2022-07-15,695
101896,Nisha,Verma,Female,26,Pune,Mass Affluent,2025-05-27,774
101897,Rohan,Nair,Female,30,Delhi,Mass,2024-04-18,791
101898,Kiran,Joshi,Female,62,Shivamogga,Mass,2025-06-30,758
101899,Sanjay,Rao,Female,40,Chennai,Premium,2024-12-26,726
101900,Varun,Gupta,Female,23,Kochi,Mass,2023-05-11,717
101901,Aarav,Mehta,Female,27,Hubballi,Mass Affluent,2024-02-20,814
101902,Meera,Joshi,Female,40,Noida,Premium,2024-02-15,752
101903,Varun,Kumar,Female,47,Mysuru,Premium,2024-11-17,674
101904,Sneha,Iyer,Male,50,Hubballi,Mass Affluent,2022-12-29,670
101905,Aditi,Nair,Female,28,Ahmedabad,Mass Affluent,2023-05-02,841
101906,Aarav,Iyer,Female,38,Noida,Premium,2022-12-24,685
101907,Aarav,Desai,Female,33,Kolkata,Premium,2023-03-09,754
101908,Aarav,Sharma,Male,46,Shivamogga,Mass,2022-08-24,830
101909,Arjun,Nair,Female,36,Shivamogga,Mass Affluent,2022-02-23,773
101910,Akash,Iyer,Female,30,Chennai,Premium,2025-10-04,682
101911,Aditi,Kumar,Male,59,Mangaluru,Premium,2022-04-19,664
101912,Nisha,Gupta,Male,47,Bhopal,Mass,2025-07-20,850
101913,Rohan,Desai,Male,43,Pune,Mass,2022-01-05,662
101914,Sanjay,Shetty,Other,27,Jaipur,Mass Affluent,2025-02-08,696
101915,Arjun,Patel,Female,24,Hubballi,Mass,2023-04-25,761
101916,Sanjay,Patel,Female,58,Ahmedabad,Mass Affluent,2024-01-26,720
101917,Aarav,Iyer,Male,66,Shivamogga,Mass Affluent,2023-02-17,775
101918,Aarav,Verma,Female,48,Pune,Mass,2023-12-18,632
101919,Vivaan,Singh,Female,22,Chennai,Mass,2023-10-22,720
101920,Nisha,Singh,Other,43,Mangaluru,Premium,2024-02-13,782
101921,Rohan,Desai,Male,34,Mangaluru,Premium,2023-07-29,783
101922,Isha,Sharma,Male,23,Kochi,Premium,2024-02-23,695
101923,Isha,Patel,Female,27,Mumbai,Premium,2025-04-20,663
101924,Nisha,Reddy,Male,44,Noida,Wealth,2023-09-27,750
101925,Kiran,Kulkarni,Female,41,Kolkata,Mass Affluent,2023-06-12,643
101926,Aarav,Nair,Female,47,Kolkata,Mass,2022-07-12,825
101927,Neha,Reddy,Male,53,Kolkata,Premium,2023-06-10,746
101928,Rohan,Singh,Male,33,Visakhapatnam,Mass Affluent,2022-07-03,686
101929,Kavya,Kulkarni,Female,34,Kolkata,Mass,2022-09-24,661
101930,Nisha,Verma,Female,52,Mumbai,Wealth,2025-10-22,691
101931,Vivaan,Kumar,Female,30,Pune,Mass,2022-05-11,626
101932,Nisha,Kumar,Male,24,Coimbatore,Premium,2023-12-05,770
101933,Vivaan,Patel,Female,61,Chennai,Mass Affluent,2025-05-03,679
101934,Aditi,Rao,Male,30,Noida,Mass,2025-10-23,763
101935,Neha,Reddy,Female,26,Coimbatore,Premium,2022-08-03,773
101936,Kiran,Singh,Female,55,Shivamogga,Premium,2022-08-27,803
101937,Isha,Joshi,Male,45,Shivamogga,Mass Affluent,2023-06-28,753
101938,Kiran,Gupta,Female,27,Mysuru,Mass Affluent,2024-03-20,814
101939,Nisha,Gupta,Female,60,Mysuru,Mass,2025-11-02,832
101940,Akash,Rao,Male,32,Kolkata,Mass,2022-10-31,753
101941,Varun,Singh,Female,52,Gurugram,Mass,2022-08-29,757
101942,Ananya,Joshi,Female,51,Pune,Mass,2023-01-05,696
101943,Priya,Joshi,Female,59,Shivamogga,Mass,2025-06-30,666
101944,Ananya,Sharma,Male,55,Ahmedabad,Mass Affluent,2022-02-13,825
101945,Nisha,Rao,Female,54,Mysuru,Mass,2023-07-09,777
101946,Sneha,Shetty,Male,23,Jaipur,Mass Affluent,2022-06-23,783
101947,Isha,Nair,Female,65,Indore,Mass,2022-08-18,694
101948,Ananya,Kulkarni,Female,26,Delhi,Mass,2025-08-31,849
101949,Neha,Reddy,Male,32,Delhi,Wealth,2022-01-03,719
101950,Sneha,Kulkarni,Male,41,Gurugram,Wealth,2023-04-15,679
101951,Meera,Verma,Female,34,Mysuru,Premium,2025-08-29,695
101952,Ananya,Kumar,Male,48,Kolkata,Mass,2024-06-06,845
101953,Varun,Verma,Female,23,Hyderabad,Mass Affluent,2022-04-15,657
101954,Varun,Rao,Female,42,Delhi,Mass,2023-11-10,682
101955,Ananya,Joshi,Female,37,Bengaluru,Mass Affluent,2025-11-18,850
101956,Sanjay,Joshi,Male,51,Bhopal,Premium,2023-08-08,801
101957,Arjun,Desai,Male,45,Mumbai,Mass,2024-02-11,684
101958,Sanjay,Reddy,Male,56,Mysuru,Premium,2024-02-16,659
101959,Rohan,Sharma,Female,28,Kochi,Mass Affluent,2024-08-22,618
101960,Sneha,Gupta,Other,65,Visakhapatnam,Mass,2022-10-01,742
101961,Rohan,Mehta,Female,39,Gurugram,Mass,2025-05-10,786
101962,Ananya,Nair,Male,37,Bengaluru,Premium,2025-12-14,841
101963,Kiran,Reddy,Male,46,Visakhapatnam,Mass,2022-07-28,602
101964,Kavya,Shetty,Male,28,Shivamogga,Mass,2025-04-09,642
101965,Vivaan,Kumar,Other,59,Shivamogga,Mass,2025-04-07,727
101966,Varun,Desai,Male,33,Jaipur,Wealth,2024-12-18,850
101967,Sanjay,Gupta,Male,64,Mumbai,Mass,2023-06-26,797
101968,Sneha,Joshi,Female,27,Mysuru,Wealth,2023-11-16,761
101969,Priya,Gupta,Female,61,Ahmedabad,Mass Affluent,2025-05-10,649
101970,Meera,Verma,Male,39,Pune,Mass,2022-08-12,587
101971,Arjun,Verma,Female,49,Bhopal,Mass,2025-04-24,738
101972,Kavya,Joshi,Male,62,Hubballi,Premium,2025-09-06,728
101973,Rahul,Shetty,Male,27,Indore,Mass,2024-09-22,716
101974,Meera,Sharma,Male,37,Jaipur,Mass,2023-05-14,708
101975,Kiran,Iyer,Male,65,Shivamogga,Mass,2024-03-27,683
101976,Kavya,Joshi,Other,27,Noida,Premium,2022-03-15,667
101977,Nisha,Shetty,Female,25,Indore,Mass Affluent,2025-09-22,832
101978,Rahul,Kulkarni,Female,45,Mysuru,Mass Affluent,2023-05-15,673
101979,Aditi,Kulkarni,Male,22,Coimbatore,Mass,2022-03-25,716
101980,Isha,Nair,Female,67,Delhi,Mass Affluent,2025-03-05,732
101981,Rohan,Gupta,Other,63,Indore,Premium,2024-08-18,784
101982,Sneha,Patel,Male,29,Shivamogga,Mass,2024-06-28,675
101983,Akash,Nair,Other,29,Jaipur,Wealth,2022-03-20,803
101984,Aarav,Verma,Female,57,Visakhapatnam,Premium,2025-01-01,694
101985,Akash,Verma,Female,45,Mumbai,Mass,2024-07-19,724
101986,Vikram,Kulkarni,Male,59,Mangaluru,Premium,2025-03-04,850
101987,Priya,Iyer,Female,66,Hyderabad,Mass Affluent,2025-04-22,667
101988,Aditi,Mehta,Female,39,Noida,Mass Affluent,2022-11-06,785
101989,Neha,Kulkarni,Female,32,Kolkata,Mass,2022-11-04,805
101990,Aditya,Shetty,Female,50,Delhi,Premium,2025-09-10,757
101991,Sneha,Patel,Male,50,Indore,Mass,2024-02-15,727
101992,Varun,Joshi,Female,41,Noida,Premium,2023-10-02,850
101993,Rahul,Rao,Female,35,Kolkata,Mass,2023-02-24,734
101994,Kavya,Shetty,Female,33,Visakhapatnam,Mass,2024-07-21,749
101995,Kavya,Kulkarni,Male,45,Indore,Wealth,2025-01-05,711
101996,Nisha,Desai,Male,41,Mumbai,Mass Affluent,2022-01-04,746
101997,Kiran,Sharma,Male,42,Pune,Mass,2024-03-17,802
101998,Neha,Desai,Male,25,Jaipur,Premium,2025-12-21,716
101999,Ananya,Joshi,Other,62,Gurugram,Mass,2023-02-14,587
102000,Vikram,Desai,Male,54,Chennai,Premium,2023-02-15,771
102001,Sanjay,Nair,Female,64,Ahmedabad,Premium,2025-07-06,660
102002,Ananya,Iyer,Female,59,Ahmedabad,Mass,2022-04-01,787
102003,Akash,Patel,Female,50,Indore,Mass Affluent,2023-08-04,735
102004,Sneha,Patel,Male,35,Hyderabad,Wealth,2023-11-01,801
102005,Neha,Shetty,Female,51,Kochi,Premium,2025-03-10,669
102006,Aarav,Shetty,Female,47,Shivamogga,Mass Affluent,2022-07-08,698
102007,Aditi,Shetty,Female,64,Indore,Mass Affluent,2023-09-26,711
102008,Aditi,Reddy,Male,31,Mysuru,Mass Affluent,2022-08-11,631
102009,Akash,Nair,Female,22,Kochi,Mass,2025-02-23,813
102010,Kavya,Sharma,Male,26,Mangaluru,Mass Affluent,2024-07-12,621
102011,Aarav,Reddy,Female,29,Bhopal,Mass,2023-12-27,812
102012,Sneha,Nair,Male,52,Visakhapatnam,Mass,2023-07-28,765
102013,Kavya,Gupta,Male,27,Coimbatore,Mass,2022-08-12,721
102014,Isha,Gupta,Female,27,Kochi,Premium,2025-09-07,759
102015,Ananya,Kulkarni,Male,39,Delhi,Mass,2024-08-03,757
102016,Varun,Desai,Female,57,Shivamogga,Mass,2023-04-11,707
102017,Aditi,Joshi,Female,40,Visakhapatnam,Mass,2023-08-28,756
102018,Meera,Rao,Male,33,Gurugram,Mass,2024-11-26,786
102019,Isha,Patel,Male,34,Coimbatore,Wealth,2024-11-16,669
102020,Rohan,Desai,Male,59,Jaipur,Mass,2023-11-05,759
102021,Priya,Joshi,Female,41,Jaipur,Mass,2023-03-19,551
102022,Akash,Rao,Female,38,Hyderabad,Wealth,2024-08-21,600
102023,Aditi,Kulkarni,Male,57,Chennai,Mass,2024-08-19,775
102024,Kavya,Verma,Female,38,Chennai,Mass Affluent,2024-05-25,706
102025,Aditya,Mehta,Male,37,Kolkata,Premium,2022-04-17,675
102026,Akash,Sharma,Female,56,Jaipur,Premium,2023-11-22,731
102027,Rahul,Reddy,Female,36,Hubballi,Mass,2024-06-15,707
102028,Akash,Gupta,Male,44,Shivamogga,Mass Affluent,2025-10-19,666
102029,Ananya,Shetty,Female,52,Bengaluru,Mass Affluent,2024-02-07,620
102030,Sanjay,Patel,Male,30,Gurugram,Mass Affluent,2023-05-16,597
102031,Vikram,Verma,Female,27,Ahmedabad,Mass,2024-03-22,787
102032,Nisha,Sharma,Female,60,Shivamogga,Premium,2022-09-16,705
102033,Sanjay,Kulkarni,Other,34,Jaipur,Mass Affluent,2022-05-13,803
102034,Aditi,Reddy,Female,36,Bengaluru,Mass Affluent,2024-09-17,705
102035,Varun,Iyer,Female,48,Bhopal,Premium,2025-12-10,760
102036,Arjun,Desai,Male,25,Ahmedabad,Premium,2025-05-20,726
102037,Vivaan,Nair,Female,23,Ahmedabad,Premium,2024-05-02,738
102038,Priya,Rao,Male,40,Jaipur,Mass,2022-02-28,742
102039,Varun,Verma,Female,66,Hyderabad,Mass,2025-12-13,704
102040,Nisha,Kulkarni,Male,47,Visakhapatnam,Mass Affluent,2023-10-19,649
102041,Priya,Iyer,Other,48,Jaipur,Mass,2023-02-27,789
102042,Priya,Kulkarni,Female,49,Hubballi,Mass Affluent,2025-07-27,847
102043,Aditi,Nair,Male,61,Indore,Mass Affluent,2024-12-25,850
102044,Vikram,Mehta,Female,60,Jaipur,Mass Affluent,2024-12-30,696
102045,Varun,Verma,Female,22,Mumbai,Mass,2023-02-10,684
102046,Aditya,Patel,Male,46,Indore,Premium,2025-12-19,696
102047,Sneha,Gupta,Female,46,Shivamogga,Mass Affluent,2023-10-24,723
102048,Neha,Mehta,Female,31,Kolkata,Mass Affluent,2024-02-15,731
102049,Nisha,Patel,Female,66,Ahmedabad,Mass Affluent,2025-01-01,665
102050,Priya,Desai,Male,33,Visakhapatnam,Mass,2024-08-21,631
102051,Akash,Patel,Female,60,Noida,Mass Affluent,2022-09-09,738
102052,Ananya,Mehta,Male,25,Visakhapatnam,Mass,2023-03-18,488
102053,Meera,Rao,Female,49,Pune,Mass Affluent,2023-06-12,728
102054,Aditya,Reddy,Male,55,Coimbatore,Mass,2025-10-15,669
102055,Sanjay,Verma,Male,44,Shivamogga,Mass,2024-11-09,790
102056,Arjun,Patel,Male,25,Visakhapatnam,Mass,2023-06-19,808
102057,Neha,Shetty,Male,26,Kochi,Mass,2024-12-08,810
102058,Varun,Mehta,Female,49,Kolkata,Premium,2024-12-14,711
102059,Akash,Kumar,Female,61,Mysuru,Premium,2023-07-30,656
102060,Isha,Reddy,Female,49,Delhi,Mass,2023-08-12,678
102061,Isha,Iyer,Female,25,Mangaluru,Mass,2025-07-29,755
102062,Aarav,Joshi,Male,57,Indore,Premium,2024-03-31,620
102063,Akash,Sharma,Male,42,Hyderabad,Mass,2022-08-07,833
102064,Aarav,Iyer,Female,24,Coimbatore,Mass Affluent,2024-11-16,712
102065,Aarav,Kumar,Female,38,Indore,Mass,2024-05-10,770
102066,Isha,Patel,Female,30,Mangaluru,Mass Affluent,2024-01-14,610
102067,Aarav,Singh,Male,67,Kochi,Wealth,2024-11-24,670
102068,Arjun,Sharma,Female,63,Mumbai,Mass,2025-08-17,602
102069,Aditi,Mehta,Male,25,Mangaluru,Wealth,2023-04-28,806
102070,Kavya,Kulkarni,Female,47,Pune,Premium,2023-09-05,724
102071,Rohan,Joshi,Male,21,Gurugram,Wealth,2022-10-04,775
102072,Nisha,Mehta,Female,42,Bhopal,Premium,2024-08-02,739
102073,Aditi,Iyer,Male,28,Ahmedabad,Premium,2023-08-11,768
102074,Rahul,Mehta,Female,56,Shivamogga,Mass Affluent,2023-05-15,711
102075,Kavya,Reddy,Male,24,Pune,Premium,2024-10-13,721
102076,Sneha,Singh,Female,63,Mumbai,Mass,2023-08-19,729
102077,Varun,Rao,Male,31,Jaipur,Mass Affluent,2023-11-09,763
102078,Arjun,Kumar,Female,33,Gurugram,Mass Affluent,2023-10-05,765
102079,Rahul,Desai,Male,62,Bengaluru,Mass,2023-01-13,850
102080,Kiran,Iyer,Male,63,Mysuru,Mass,2022-07-03,850
102081,Kiran,Iyer,Female,25,Mysuru,Mass,2025-04-22,610
102082,Vikram,Iyer,Male,26,Visakhapatnam,Mass,2022-05-14,725
102083,Kavya,Rao,Male,61,Gurugram,Mass,2023-04-20,707
102084,Priya,Sharma,Female,66,Delhi,Mass,2024-09-01,825
102085,Priya,Rao,Female,43,Kochi,Mass,2022-07-11,713
102086,Vikram,Rao,Female,28,Hubballi,Mass Affluent,2024-08-15,768
102087,Ananya,Desai,Male,28,Bengaluru,Mass,2024-12-06,571
102088,Rahul,Kulkarni,Female,33,Pune,Mass,2024-08-25,629
102089,Aditya,Rao,Female,53,Shivamogga,Mass,2023-03-22,850
102090,Kiran,Nair,Male,25,Kochi,Mass,2022-01-29,739
102091,Meera,Iyer,Female,51,Coimbatore,Mass,2025-07-19,665
102092,Isha,Joshi,Male,58,Kolkata,Wealth,2023-04-22,752
102093,Ananya,Desai,Female,27,Indore,Mass,2025-03-21,661
102094,Isha,Joshi,Female,67,Delhi,Mass,2022-10-16,715
102095,Akash,Shetty,Female,67,Shivamogga,Mass Affluent,2022-08-26,633
102096,Akash,Patel,Female,34,Mumbai,Premium,2025-02-10,680
102097,Arjun,Singh,Male,26,Mangaluru,Mass,2025-10-04,706
102098,Aditya,Kumar,Male,36,Indore,Mass,2025-06-10,813
102099,Rahul,Iyer,Female,33,Kolkata,Mass Affluent,2025-01-01,767
102100,Vikram,Nair,Female,34,Kochi,Mass Affluent,2022-12-27,780
102101,Isha,Verma,Female,64,Pune,Mass,2025-08-26,733
102102,Vikram,Iyer,Male,28,Jaipur,Wealth,2024-09-02,793
102103,Aditi,Reddy,Female,35,Mumbai,Wealth,2022-09-09,674
102104,Sneha,Shetty,Male,58,Chennai,Mass Affluent,2022-07-08,684
102105,Rohan,Sharma,Male,23,Ahmedabad,Mass,2025-06-25,764
102106,Kiran,Desai,Female,23,Visakhapatnam,Mass Affluent,2023-02-06,715
102107,Aditya,Rao,Female,35,Noida,Wealth,2025-01-23,734
102108,Priya,Kumar,Female,66,Jaipur,Premium,2022-07-22,724
102109,Rohan,Kumar,Other,60,Noida,Mass,2023-02-14,823
102110,Rohan,Sharma,Male,64,Chennai,Mass,2023-02-18,826
102111,Aarav,Joshi,Female,61,Indore,Mass,2023-02-15,691
102112,Nisha,Sharma,Female,26,Visakhapatnam,Premium,2024-09-12,612
102113,Sanjay,Kulkarni,Female,39,Mumbai,Mass Affluent,2025-08-28,685
102114,Isha,Reddy,Male,45,Bhopal,Mass,2025-08-22,672
102115,Priya,Gupta,Male,28,Delhi,Mass,2024-12-18,793
102116,Sanjay,Shetty,Male,67,Jaipur,Mass,2022-10-23,799
102117,Priya,Kumar,Male,49,Gurugram,Premium,2025-11-03,663
102118,Aditi,Desai,Male,61,Kochi,Mass,2024-03-02,682
102119,Ananya,Patel,Female,33,Bhopal,Mass,2024-03-08,631
102120,Priya,Mehta,Female,54,Chennai,Mass Affluent,2024-10-21,744
102121,Priya,Rao,Male,25,Jaipur,Mass Affluent,2025-01-27,732
102122,Kavya,Gupta,Female,22,Gurugram,Mass Affluent,2025-10-23,790
102123,Aditi,Mehta,Female,51,Kochi,Premium,2024-04-30,770
102124,Priya,Iyer,Female,24,Hubballi,Mass,2024-06-09,778
102125,Vivaan,Singh,Female,33,Jaipur,Mass,2024-12-24,627
102126,Sanjay,Reddy,Female,58,Noida,Mass,2023-01-08,691
102127,Vikram,Mehta,Male,44,Delhi,Mass Affluent,2023-03-26,801
102128,Arjun,Iyer,Male,38,Hyderabad,Premium,2024-07-02,697
102129,Rohan,Desai,Female,34,Jaipur,Mass,2022-04-04,621
102130,Akash,Singh,Female,52,Mumbai,Premium,2023-04-13,792
102131,Kiran,Kulkarni,Female,65,Bengaluru,Mass Affluent,2024-11-14,695
102132,Varun,Mehta,Other,55,Indore,Wealth,2025-11-26,809
102133,Nisha,Singh,Male,37,Chennai,Mass Affluent,2024-01-29,734
102134,Vikram,Nair,Male,40,Hubballi,Mass,2023-08-07,716
102135,Aarav,Rao,Female,25,Shivamogga,Premium,2023-10-05,830
102136,Isha,Kumar,Male,27,Coimbatore,Premium,2024-09-27,644
102137,Sneha,Sharma,Female,33,Mumbai,Mass Affluent,2024-03-05,835
102138,Varun,Singh,Female,39,Pune,Premium,2022-02-03,690
102139,Rahul,Shetty,Female,67,Delhi,Mass,2024-02-27,746
102140,Kiran,Reddy,Male,61,Bengaluru,Mass Affluent,2023-08-08,747
102141,Arjun,Joshi,Female,26,Noida,Mass,2024-10-20,705
102142,Nisha,Mehta,Male,36,Bengaluru,Mass,2025-07-01,682
102143,Akash,Patel,Female,23,Coimbatore,Mass,2025-11-06,709
102144,Aditya,Sharma,Male,23,Chennai,Mass,2024-06-09,664
102145,Rahul,Iyer,Female,38,Shivamogga,Mass,2023-06-14,850
102146,Kiran,Sharma,Female,66,Delhi,Mass Affluent,2023-10-11,701
102147,Vikram,Sharma,Male,29,Hubballi,Premium,2022-09-15,816
102148,Ananya,Reddy,Female,52,Mumbai,Mass,2025-09-28,807
102149,Rohan,Patel,Male,39,Mangaluru,Mass,2025-05-22,760
102150,Kiran,Desai,Male,46,Ahmedabad,Mass,2025-05-31,726
102151,Sneha,Patel,Female,61,Visakhapatnam,Mass,2023-04-25,749
102152,Neha,Nair,Female,59,Delhi,Mass,2023-04-16,775
102153,Aditya,Verma,Male,59,Mysuru,Mass Affluent,2025-06-04,742
102154,Varun,Gupta,Female,40,Mysuru,Premium,2024-03-06,625
102155,Ananya,Gupta,Female,23,Coimbatore,Mass Affluent,2024-10-25,608
102156,Rohan,Joshi,Female,67,Mumbai,Mass Affluent,2023-12-17,841
102157,Kavya,Mehta,Male,67,Pune,Mass Affluent,2023-10-09,551
102158,Kavya,Patel,Male,61,Mangaluru,Mass,2024-07-12,749
102159,Arjun,Patel,Female,43,Ahmedabad,Mass,2025-04-01,719
102160,Vivaan,Desai,Male,34,Mysuru,Mass,2023-05-03,746
102161,Aarav,Patel,Male,29,Indore,Mass,2025-03-27,655
102162,Nisha,Reddy,Female,38,Shivamogga,Premium,2022-12-23,760
102163,Aditi,Reddy,Male,36,Mysuru,Mass Affluent,2023-08-12,749
102164,Nisha,Sharma,Female,33,Jaipur,Mass,2025-08-25,850
102165,Aditi,Patel,Male,65,Hyderabad,Mass,2025-10-25,744
102166,Ananya,Shetty,Female,51,Ahmedabad,Mass,2025-09-10,829
102167,Sneha,Gupta,Other,31,Bengaluru,Premium,2023-04-07,630
102168,Kavya,Patel,Other,51,Bhopal,Mass,2025-05-16,806
102169,Neha,Kulkarni,Female,54,Mumbai,Mass Affluent,2025-09-28,751
102170,Sanjay,Patel,Female,45,Kochi,Mass,2025-11-29,754
102171,Vikram,Verma,Male,65,Indore,Mass,2022-01-31,755
102172,Varun,Desai,Other,66,Gurugram,Mass,2024-12-23,850
102173,Akash,Nair,Female,41,Mumbai,Premium,2025-12-26,753
102174,Neha,Nair,Female,43,Mumbai,Mass,2025-01-21,680
102175,Aditya,Patel,Male,31,Ahmedabad,Mass Affluent,2022-12-07,692
102176,Isha,Kumar,Male,57,Bengaluru,Mass,2025-01-18,792
102177,Kavya,Desai,Female,64,Mangaluru,Mass Affluent,2022-06-03,766
102178,Nisha,Joshi,Female,51,Kolkata,Mass Affluent,2023-12-03,628
102179,Neha,Sharma,Male,30,Bengaluru,Mass Affluent,2024-07-03,771
102180,Rohan,Verma,Male,45,Pune,Mass,2023-10-29,659
102181,Ananya,Verma,Female,58,Kolkata,Mass,2024-10-18,766
102182,Varun,Sharma,Male,22,Pune,Premium,2022-12-17,679
102183,Vivaan,Sharma,Female,48,Indore,Mass Affluent,2024-06-04,715
102184,Kiran,Patel,Male,51,Visakhapatnam,Mass,2024-07-30,697
102185,Rahul,Sharma,Male,46,Bengaluru,Mass,2024-07-14,841
102186,Varun,Gupta,Male,51,Hubballi,Mass,2023-02-27,763
102187,Isha,Patel,Female,63,Indore,Mass Affluent,2023-03-22,823
102188,Vivaan,Gupta,Female,26,Bengaluru,Mass,2023-01-12,850
102189,Rohan,Reddy,Male,47,Delhi,Mass,2023-11-06,738
102190,Aarav,Kulkarni,Male,58,Indore,Mass,2024-05-05,840
102191,Isha,Verma,Male,59,Noida,Mass Affluent,2023-06-14,686
102192,Akash,Joshi,Male,42,Mumbai,Premium,2023-08-22,823
102193,Sneha,Iyer,Female,67,Bengaluru,Mass Affluent,2023-02-23,678
102194,Vikram,Sharma,Male,36,Hyderabad,Mass Affluent,2022-11-16,734
102195,Kavya,Sharma,Female,41,Gurugram,Premium,2024-08-17,773
102196,Vikram,Shetty,Male,59,Mysuru,Mass,2025-04-06,784
102197,Kiran,Sharma,Male,41,Gurugram,Mass Affluent,2023-03-01,646
102198,Akash,Gupta,Male,37,Chennai,Mass,2025-06-10,674
102199,Rahul,Joshi,Male,47,Mumbai,Mass,2024-04-13,778
102200,Ananya,Reddy,Male,50,Visakhapatnam,Mass Affluent,2022-09-02,709
102201,Meera,Shetty,Male,66,Bhopal,Mass,2023-06-19,637
102202,Rohan,Shetty,Male,50,Ahmedabad,Mass Affluent,2022-01-11,730
102203,Rohan,Rao,Other,29,Noida,Mass Affluent,2022-02-27,727
102204,Aditya,Reddy,Male,23,Delhi,Mass,2023-05-06,747
102205,Aarav,Shetty,Male,66,Mysuru,Mass,2023-10-26,772
102206,Priya,Desai,Male,40,Mumbai,Mass Affluent,2025-03-10,768
102207,Akash,Singh,Female,30,Bengaluru,Mass Affluent,2022-07-16,681
102208,Rahul,Desai,Female,31,Hyderabad,Premium,2025-05-10,706
102209,Ananya,Verma,Female,25,Delhi,Mass,2022-12-09,800
102210,Sanjay,Iyer,Female,30,Kolkata,Premium,2022-07-21,697
102211,Nisha,Mehta,Female,57,Hyderabad,Mass,2024-10-18,707
102212,Aarav,Kulkarni,Male,51,Pune,Mass,2025-02-04,630
102213,Priya,Kumar,Female,49,Jaipur,Mass Affluent,2024-06-02,733
102214,Aditya,Kulkarni,Female,21,Hubballi,Mass,2022-06-18,759
102215,Rahul,Sharma,Male,52,Mangaluru,Mass,2022-06-18,597
102216,Rahul,Patel,Female,66,Ahmedabad,Mass,2023-07-24,660
102217,Aditi,Sharma,Male,64,Noida,Premium,2023-10-20,635
102218,Arjun,Joshi,Male,39,Bhopal,Premium,2025-12-28,790
102219,Rohan,Kulkarni,Female,49,Jaipur,Wealth,2023-02-23,601
102220,Rahul,Gupta,Male,35,Indore,Mass,2022-10-09,729
102221,Neha,Gupta,Female,62,Ahmedabad,Mass,2025-10-13,785
102222,Meera,Patel,Other,64,Coimbatore,Premium,2022-08-13,748
102223,Neha,Nair,Female,31,Hubballi,Mass,2022-02-08,704
102224,Kiran,Joshi,Male,43,Gurugram,Mass,2023-09-10,759
102225,Priya,Nair,Female,32,Indore,Mass,2023-08-09,808
102226,Aditi,Kumar,Female,49,Kochi,Mass Affluent,2024-06-23,727
102227,Aarav,Kumar,Male,34,Chennai,Mass Affluent,2025-07-05,578
102228,Vikram,Kulkarni,Male,53,Indore,Mass,2025-09-24,815
102229,Sanjay,Shetty,Female,67,Mumbai,Mass,2023-02-27,763
102230,Aditi,Iyer,Female,61,Bengaluru,Mass Affluent,2025-12-02,733
102231,Sneha,Patel,Male,29,Kochi,Mass Affluent,2024-07-12,596
102232,Meera,Rao,Male,27,Chennai,Mass,2022-04-12,714
102233,Ananya,Nair,Other,59,Bengaluru,Mass,2025-10-02,674
102234,Neha,Joshi,Male,24,Shivamogga,Wealth,2022-07-21,650
102235,Neha,Verma,Male,39,Mysuru,Mass Affluent,2024-05-09,725
102236,Arjun,Patel,Female,67,Visakhapatnam,Mass Affluent,2025-02-28,697
102237,Varun,Nair,Male,42,Coimbatore,Mass Affluent,2022-12-31,702
102238,Kiran,Desai,Male,21,Indore,Wealth,2023-01-31,787
102239,Rohan,Iyer,Female,66,Hubballi,Mass,2023-11-27,753
102240,Akash,Sharma,Female,54,Coimbatore,Mass,2025-07-15,700
102241,Priya,Kumar,Female,36,Noida,Mass,2022-11-23,691
102242,Aditi,Sharma,Male,49,Pune,Premium,2024-08-26,703
102243,Rahul,Nair,Female,49,Ahmedabad,Mass,2023-10-23,718
102244,Rohan,Joshi,Female,46,Visakhapatnam,Mass,2022-06-13,776
102245,Kavya,Patel,Female,66,Delhi,Mass,2024-11-03,662
102246,Isha,Verma,Female,57,Bengaluru,Mass Affluent,2025-04-30,837
102247,Aditya,Reddy,Female,33,Coimbatore,Mass Affluent,2024-04-20,776
102248,Varun,Joshi,Female,67,Hubballi,Mass,2022-09-15,543
102249,Ananya,Kulkarni,Female,66,Hubballi,Mass,2022-08-16,741
102250,Meera,Sharma,Male,23,Kolkata,Mass Affluent,2023-09-11,808
102251,Kiran,Kumar,Female,34,Kochi,Mass,2024-01-10,762
102252,Sneha,Singh,Female,49,Kochi,Mass Affluent,2024-03-17,706
102253,Nisha,Nair,Male,62,Bhopal,Mass,2022-12-22,731
102254,Vikram,Kumar,Male,54,Bhopal,Premium,2024-01-02,747
102255,Rahul,Kulkarni,Female,47,Mangaluru,Mass,2023-03-07,789
102256,Meera,Sharma,Male,35,Mumbai,Mass Affluent,2024-09-28,636
102257,Sanjay,Kulkarni,Female,25,Jaipur,Mass,2025-03-08,693
102258,Aditi,Shetty,Female,62,Hyderabad,Mass,2024-08-10,850
102259,Aditya,Sharma,Male,46,Jaipur,Mass Affluent,2022-01-02,737
102260,Arjun,Patel,Male,42,Delhi,Mass Affluent,2025-12-19,842
102261,Rahul,Patel,Female,67,Delhi,Premium,2022-02-04,850
102262,Aditya,Singh,Male,28,Bengaluru,Mass Affluent,2025-12-30,701
102263,Nisha,Singh,Female,32,Kolkata,Mass Affluent,2022-02-16,651
102264,Akash,Gupta,Male,61,Bhopal,Premium,2024-01-25,716
102265,Priya,Singh,Male,34,Coimbatore,Mass,2022-06-04,812
102266,Sneha,Verma,Female,65,Mumbai,Premium,2022-05-19,822
102267,Nisha,Singh,Male,61,Ahmedabad,Mass,2024-09-24,850
102268,Ananya,Kumar,Female,25,Hubballi,Mass,2024-11-28,732
102269,Isha,Singh,Female,42,Kolkata,Premium,2022-06-22,769
102270,Sneha,Singh,Male,56,Chennai,Mass,2025-11-26,685
102271,Kiran,Desai,Male,44,Indore,Mass,2023-04-13,560
102272,Vivaan,Kumar,Female,31,Jaipur,Mass,2023-04-10,732
102273,Sneha,Singh,Female,23,Mysuru,Mass Affluent,2023-03-10,654
102274,Varun,Kulkarni,Female,21,Bhopal,Mass Affluent,2023-11-05,780
102275,Vivaan,Gupta,Female,29,Jaipur,Mass,2022-09-17,603
102276,Rahul,Reddy,Male,33,Shivamogga,Mass,2023-09-13,683
102277,Rohan,Mehta,Male,35,Pune,Mass,2022-11-03,754
102278,Varun,Reddy,Female,61,Hubballi,Mass,2022-03-17,761
102279,Priya,Reddy,Female,44,Mumbai,Mass,2023-06-23,732
102280,Priya,Iyer,Female,27,Indore,Mass,2024-09-08,850
102281,Aditi,Verma,Male,24,Indore,Premium,2025-01-19,845
102282,Rohan,Reddy,Female,27,Noida,Mass Affluent,2023-05-31,687
102283,Kavya,Rao,Female,35,Hyderabad,Mass,2023-04-18,848
102284,Aarav,Reddy,Male,55,Hyderabad,Mass,2025-02-23,850
102285,Aditya,Rao,Female,23,Visakhapatnam,Mass,2024-09-21,726
102286,Varun,Patel,Female,40,Hubballi,Mass,2025-04-29,738
102287,Meera,Iyer,Male,42,Kochi,Mass,2025-08-15,731
102288,Arjun,Gupta,Male,27,Visakhapatnam,Premium,2025-04-13,690
102289,Ananya,Kumar,Male,23,Bhopal,Mass Affluent,2025-09-29,697
102290,Vivaan,Gupta,Female,31,Jaipur,Mass Affluent,2023-09-01,827
102291,Meera,Verma,Male,28,Bhopal,Mass,2023-07-31,766
102292,Nisha,Gupta,Male,58,Shivamogga,Mass Affluent,2023-04-15,696
102293,Rohan,Joshi,Male,64,Visakhapatnam,Premium,2022-12-10,670
102294,Neha,Rao,Male,50,Mysuru,Mass,2024-12-29,682
102295,Rahul,Verma,Male,56,Bengaluru,Premium,2024-11-09,724
102296,Neha,Singh,Female,56,Hubballi,Mass,2025-03-16,799
102297,Rohan,Rao,Male,62,Kolkata,Mass Affluent,2022-09-02,675
102298,Rahul,Mehta,Male,25,Shivamogga,Mass,2023-12-19,798
102299,Ananya,Desai,Male,67,Kolkata,Mass Affluent,2022-11-21,749
102300,Vikram,Verma,Male,42,Mangaluru,Mass,2025-07-27,745
102301,Nisha,Rao,Male,46,Ahmedabad,Mass Affluent,2023-01-26,807
102302,Rohan,Desai,Female,58,Shivamogga,Mass Affluent,2022-07-30,794
102303,Sanjay,Singh,Female,44,Gurugram,Mass Affluent,2024-04-12,637
102304,Rahul,Verma,Female,33,Mangaluru,Mass Affluent,2025-07-07,659
102305,Sanjay,Reddy,Male,21,Visakhapatnam,Mass,2025-08-29,719
102306,Kiran,Joshi,Female,28,Hyderabad,Mass Affluent,2022-05-21,760
102307,Priya,Kulkarni,Female,24,Kolkata,Mass,2023-04-21,831
102308,Rahul,Singh,Male,38,Delhi,Mass Affluent,2022-08-13,740
102309,Nisha,Desai,Male,57,Noida,Mass,2023-03-26,850
102310,Kiran,Iyer,Female,36,Delhi,Mass Affluent,2024-02-19,686
102311,Vikram,Kumar,Male,49,Mysuru,Mass,2023-02-14,697
102312,Vivaan,Patel,Male,29,Coimbatore,Wealth,2022-04-09,714
102313,Priya,Shetty,Female,48,Kolkata,Mass Affluent,2024-01-15,678
102314,Arjun,Iyer,Male,65,Pune,Mass,2022-03-19,816
102315,Vikram,Nair,Other,35,Mysuru,Mass Affluent,2022-11-27,541
102316,Ananya,Sharma,Male,43,Bhopal,Mass,2022-01-01,700
102317,Meera,Singh,Male,66,Mumbai,Mass,2022-05-07,815
102318,Vikram,Sharma,Male,49,Indore,Mass,2023-09-30,713
102319,Priya,Singh,Male,39,Kochi,Premium,2025-05-27,810
102320,Vivaan,Mehta,Female,26,Visakhapatnam,Wealth,2025-02-04,850
102321,Rahul,Reddy,Female,65,Ahmedabad,Premium,2022-05-25,741
102322,Rahul,Verma,Female,49,Hubballi,Mass,2022-02-20,817
102323,Sanjay,Sharma,Female,23,Bengaluru,Mass,2023-05-09,850
102324,Sanjay,Shetty,Male,47,Shivamogga,Premium,2024-08-10,763
102325,Isha,Mehta,Male,66,Chennai,Mass,2024-12-26,732
102326,Vikram,Joshi,Male,64,Kolkata,Mass Affluent,2025-04-16,798
102327,Rahul,Reddy,Female,30,Bhopal,Wealth,2023-05-15,818
102328,Meera,Shetty,Female,40,Mangaluru,Mass,2022-09-03,732
102329,Neha,Singh,Male,67,Kolkata,Mass,2022-02-08,701
102330,Rahul,Mehta,Female,57,Mysuru,Premium,2022-08-03,850
102331,Rohan,Desai,Female,47,Delhi,Mass Affluent,2022-04-06,716
102332,Ananya,Gupta,Male,35,Mysuru,Premium,2025-06-10,819
102333,Kiran,Gupta,Female,56,Hyderabad,Mass Affluent,2023-01-27,753
102334,Rahul,Gupta,Female,48,Kolkata,Mass,2025-04-16,850
102335,Kiran,Rao,Female,45,Jaipur,Premium,2024-03-18,676
102336,Aditya,Iyer,Male,64,Coimbatore,Mass Affluent,2024-02-26,675
102337,Akash,Kulkarni,Male,38,Gurugram,Premium,2023-10-26,795
102338,Neha,Joshi,Male,50,Pune,Mass Affluent,2025-04-11,656
102339,Aditya,Sharma,Female,23,Indore,Mass Affluent,2022-03-05,743
102340,Sneha,Verma,Other,54,Indore,Mass,2022-05-16,843
102341,Vikram,Gupta,Female,46,Visakhapatnam,Mass,2023-09-11,610
102342,Neha,Kulkarni,Male,62,Kochi,Wealth,2023-07-30,763
102343,Varun,Joshi,Male,36,Kochi,Wealth,2024-03-07,820
102344,Aditi,Iyer,Female,64,Mysuru,Mass Affluent,2024-12-13,733
102345,Kavya,Shetty,Male,48,Noida,Wealth,2024-05-07,670
102346,Rohan,Joshi,Female,30,Chennai,Mass,2023-01-11,717
102347,Aarav,Rao,Female,28,Pune,Premium,2023-04-23,676
102348,Kiran,Iyer,Male,30,Mysuru,Mass Affluent,2025-01-03,740
102349,Sanjay,Rao,Male,35,Shivamogga,Mass Affluent,2022-10-22,716
102350,Nisha,Iyer,Male,46,Indore,Mass Affluent,2024-01-07,699
102351,Nisha,Kumar,Male,61,Indore,Mass Affluent,2024-02-26,768
102352,Vikram,Kulkarni,Female,67,Jaipur,Premium,2024-12-31,846
102353,Neha,Nair,Male,52,Mangaluru,Mass,2024-11-08,758
102354,Kiran,Verma,Male,44,Ahmedabad,Premium,2023-11-10,829
102355,Sanjay,Shetty,Male,49,Mangaluru,Mass,2023-03-28,846
102356,Sneha,Joshi,Male,36,Ahmedabad,Mass,2023-06-22,694
102357,Rohan,Kulkarni,Female,32,Bengaluru,Mass Affluent,2023-08-24,754
102358,Rohan,Joshi,Female,46,Pune,Mass Affluent,2022-11-17,705
102359,Vikram,Kulkarni,Female,59,Mangaluru,Premium,2024-07-02,631
102360,Vivaan,Iyer,Female,24,Indore,Mass,2022-11-01,760
102361,Vivaan,Sharma,Male,26,Noida,Mass,2024-08-05,661
102362,Kavya,Sharma,Female,29,Indore,Mass Affluent,2025-01-02,769
102363,Aarav,Kulkarni,Male,30,Bengaluru,Premium,2025-11-05,626
102364,Arjun,Nair,Female,27,Jaipur,Wealth,2022-06-23,747
102365,Akash,Joshi,Male,27,Delhi,Premium,2025-01-14,625
102366,Ananya,Desai,Male,22,Delhi,Mass Affluent,2022-05-06,782
102367,Kavya,Gupta,Male,37,Bhopal,Premium,2023-05-08,707
102368,Isha,Gupta,Female,54,Bengaluru,Mass,2022-09-15,701
102369,Vivaan,Verma,Male,28,Indore,Premium,2022-08-25,814
102370,Arjun,Reddy,Female,36,Bengaluru,Mass Affluent,2022-09-14,712
102371,Nisha,Patel,Male,66,Hyderabad,Mass,2022-03-06,743
102372,Vivaan,Verma,Female,28,Mangaluru,Mass Affluent,2025-04-16,721
102373,Sneha,Sharma,Female,67,Gurugram,Premium,2022-03-31,771
102374,Kiran,Verma,Male,45,Noida,Mass,2023-08-05,808
102375,Neha,Patel,Male,55,Kolkata,Mass,2024-10-17,793
102376,Akash,Kumar,Male,36,Kochi,Mass Affluent,2025-12-16,702
102377,Aditi,Verma,Female,36,Kochi,Wealth,2025-05-31,820
102378,Aditi,Gupta,Female,39,Indore,Mass Affluent,2022-07-20,671
102379,Neha,Rao,Male,27,Chennai,Mass,2025-12-13,683
102380,Neha,Gupta,Male,35,Hubballi,Mass Affluent,2024-08-12,726
102381,Meera,Sharma,Male,63,Hubballi,Mass,2022-09-20,808
102382,Aarav,Desai,Male,21,Pune,Mass,2023-10-18,653
102383,Rahul,Kumar,Female,47,Kolkata,Mass,2025-09-02,797
102384,Aditi,Reddy,Male,53,Mysuru,Mass Affluent,2023-07-28,731
102385,Aditi,Mehta,Male,27,Visakhapatnam,Mass,2022-09-26,705
102386,Vivaan,Reddy,Female,26,Visakhapatnam,Mass,2025-07-01,812
102387,Nisha,Shetty,Female,46,Hubballi,Mass,2025-10-23,679
102388,Priya,Nair,Female,31,Kochi,Mass Affluent,2025-11-25,850
102389,Rahul,Rao,Male,66,Noida,Mass,2025-10-27,723
102390,Nisha,Sharma,Female,29,Delhi,Mass,2025-06-28,745
102391,Akash,Patel,Female,27,Jaipur,Mass Affluent,2023-10-26,843
102392,Ananya,Iyer,Female,36,Noida,Mass Affluent,2022-10-08,747
102393,Rohan,Nair,Male,36,Mumbai,Premium,2024-06-20,818
102394,Rohan,Rao,Female,28,Noida,Mass Affluent,2022-11-19,598
102395,Sneha,Gupta,Female,52,Mangaluru,Mass Affluent,2023-11-22,704
102396,Aarav,Reddy,Female,37,Pune,Premium,2024-08-15,763
102397,Isha,Kulkarni,Female,45,Visakhapatnam,Mass Affluent,2025-10-14,811
102398,Aarav,Iyer,Female,32,Hubballi,Mass Affluent,2023-02-27,789
102399,Aarav,Kulkarni,Female,25,Noida,Mass,2023-01-03,782
102400,Ananya,Kulkarni,Female,23,Pune,Mass,2024-12-08,809
102401,Kavya,Sharma,Male,23,Delhi,Mass,2022-01-10,768
102402,Vikram,Nair,Male,61,Shivamogga,Mass,2024-04-06,585
102403,Vivaan,Iyer,Female,33,Noida,Wealth,2024-12-25,836
102404,Rahul,Nair,Female,35,Noida,Mass,2024-03-15,676
102405,Ananya,Singh,Female,48,Kolkata,Mass Affluent,2023-07-15,757
102406,Sneha,Shetty,Female,25,Mumbai,Wealth,2025-04-24,748
102407,Akash,Nair,Female,49,Noida,Mass Affluent,2023-06-26,738
102408,Meera,Reddy,Female,45,Jaipur,Mass,2024-11-03,658
102409,Priya,Singh,Male,58,Jaipur,Wealth,2023-11-09,599
102410,Vivaan,Reddy,Female,26,Noida,Mass,2022-02-08,665
102411,Vivaan,Desai,Male,21,Pune,Mass,2024-02-14,793
102412,Arjun,Verma,Female,57,Gurugram,Mass,2022-03-14,634
102413,Meera,Joshi,Female,38,Gurugram,Mass,2025-09-21,673
102414,Kiran,Joshi,Male,23,Visakhapatnam,Premium,2024-05-28,764
102415,Rahul,Patel,Male,47,Hyderabad,Mass,2023-06-28,663
102416,Meera,Singh,Male,42,Mumbai,Premium,2023-12-11,697
102417,Varun,Mehta,Female,65,Jaipur,Mass,2024-06-23,741
102418,Ananya,Sharma,Male,65,Kolkata,Premium,2023-01-15,755
102419,Vikram,Reddy,Male,46,Chennai,Mass,2023-02-26,662
102420,Kavya,Desai,Female,28,Bengaluru,Premium,2023-09-04,745
102421,Kavya,Nair,Male,56,Jaipur,Mass,2023-01-13,763
102422,Vikram,Sharma,Female,30,Jaipur,Premium,2025-01-11,646
102423,Arjun,Nair,Female,60,Indore,Premium,2022-06-01,750
102424,Nisha,Rao,Male,49,Gurugram,Mass Affluent,2025-04-21,685
102425,Akash,Joshi,Male,37,Gurugram,Mass,2023-05-24,744
102426,Akash,Joshi,Other,67,Shivamogga,Mass Affluent,2024-03-30,786
102427,Sneha,Gupta,Female,45,Delhi,Mass Affluent,2022-08-19,723
102428,Nisha,Shetty,Male,39,Bengaluru,Mass Affluent,2023-07-17,799
102429,Vikram,Mehta,Female,29,Gurugram,Mass Affluent,2025-01-06,790
102430,Vikram,Kumar,Female,51,Jaipur,Wealth,2023-01-31,799
102431,Vikram,Singh,Male,33,Kochi,Wealth,2022-07-13,763
102432,Varun,Reddy,Female,28,Ahmedabad,Mass Affluent,2024-02-02,812
102433,Neha,Gupta,Female,26,Coimbatore,Mass,2022-08-26,762
102434,Kavya,Shetty,Male,51,Ahmedabad,Mass,2023-04-05,618
102435,Ananya,Joshi,Female,64,Kochi,Mass Affluent,2023-10-20,680
102436,Varun,Verma,Male,32,Chennai,Wealth,2024-04-03,720
102437,Varun,Joshi,Male,31,Kolkata,Mass,2024-07-22,729
102438,Sanjay,Reddy,Male,49,Kolkata,Mass,2024-09-14,760
102439,Sneha,Shetty,Female,27,Noida,Mass,2025-05-17,679
102440,Isha,Iyer,Female,25,Noida,Mass,2022-04-07,850
102441,Arjun,Iyer,Female,50,Kochi,Wealth,2023-06-13,728
102442,Aditi,Iyer,Male,45,Shivamogga,Mass Affluent,2022-01-02,734
102443,Sneha,Mehta,Female,22,Mumbai,Mass,2022-01-14,688
102444,Priya,Kumar,Female,32,Gurugram,Mass,2022-11-06,665
102445,Meera,Singh,Male,30,Kolkata,Mass,2024-05-23,726
102446,Vikram,Shetty,Male,53,Gurugram,Mass Affluent,2025-07-29,737
102447,Aditya,Sharma,Female,52,Hubballi,Mass Affluent,2025-02-03,729
102448,Ananya,Reddy,Male,56,Coimbatore,Mass,2024-08-01,850
102449,Kavya,Shetty,Female,25,Gurugram,Mass,2025-02-10,726
102450,Varun,Nair,Female,60,Chennai,Premium,2022-09-09,729
102451,Nisha,Gupta,Male,30,Bhopal,Premium,2025-05-11,792
102452,Nisha,Patel,Other,67,Chennai,Mass Affluent,2025-07-23,723
102453,Vikram,Desai,Female,61,Hubballi,Mass Affluent,2022-05-19,773
102454,Akash,Nair,Female,42,Visakhapatnam,Wealth,2023-11-18,645
102455,Aditi,Reddy,Female,57,Hyderabad,Mass Affluent,2025-04-26,646
102456,Rahul,Singh,Male,52,Bhopal,Wealth,2023-11-27,744
102457,Sneha,Kumar,Female,57,Gurugram,Mass,2025-05-12,719
102458,Kavya,Iyer,Male,21,Shivamogga,Mass,2025-09-27,678
102459,Aditya,Nair,Male,24,Hyderabad,Mass,2023-11-25,744
102460,Nisha,Iyer,Male,63,Indore,Premium,2022-03-28,750
102461,Priya,Iyer,Male,57,Indore,Mass Affluent,2023-05-12,685
102462,Sanjay,Mehta,Male,49,Mangaluru,Mass,2022-11-11,699
102463,Rahul,Kulkarni,Male,35,Visakhapatnam,Wealth,2023-11-24,750
102464,Sanjay,Nair,Other,40,Bhopal,Wealth,2024-05-05,664
102465,Ananya,Kulkarni,Male,39,Kolkata,Mass,2023-11-09,693
102466,Sneha,Desai,Male,41,Hubballi,Mass Affluent,2022-10-13,772
102467,Meera,Desai,Male,50,Noida,Mass Affluent,2023-03-16,733
102468,Sneha,Kumar,Female,56,Chennai,Mass,2024-09-19,702
102469,Sanjay,Iyer,Male,39,Mangaluru,Mass Affluent,2022-02-09,672
102470,Arjun,Joshi,Female,60,Visakhapatnam,Mass,2022-11-09,664
102471,Kavya,Patel,Female,25,Kolkata,Premium,2025-07-26,726
102472,Akash,Patel,Male,58,Mysuru,Premium,2022-05-25,850
102473,Rahul,Gupta,Other,52,Mumbai,Premium,2023-08-29,775
102474,Rohan,Iyer,Male,44,Coimbatore,Mass Affluent,2022-10-30,642
102475,Isha,Desai,Female,38,Chennai,Mass,2022-06-02,785
102476,Kavya,Verma,Male,38,Delhi,Mass,2023-09-10,682
102477,Akash,Patel,Female,37,Mangaluru,Mass Affluent,2024-02-01,735
102478,Nisha,Desai,Female,65,Mangaluru,Mass,2022-09-15,694
102479,Nisha,Nair,Male,22,Visakhapatnam,Mass Affluent,2022-04-24,850
102480,Ananya,Shetty,Male,50,Visakhapatnam,Mass,2022-07-16,656
102481,Aditi,Kulkarni,Male,67,Mysuru,Mass,2024-08-09,757
102482,Rahul,Gupta,Male,46,Gurugram,Mass Affluent,2025-06-10,687
102483,Isha,Sharma,Other,51,Ahmedabad,Mass Affluent,2022-09-21,787
102484,Arjun,Reddy,Female,49,Bhopal,Mass Affluent,2023-04-13,756
102485,Aarav,Iyer,Female,44,Noida,Mass Affluent,2023-05-17,823
102486,Vikram,Sharma,Female,50,Bhopal,Mass,2023-06-11,785
102487,Varun,Reddy,Female,63,Mangaluru,Premium,2022-12-23,686
102488,Priya,Rao,Female,54,Bengaluru,Mass Affluent,2022-03-22,850
102489,Aarav,Reddy,Male,60,Delhi,Mass Affluent,2024-02-06,774
102490,Vivaan,Reddy,Male,46,Pune,Mass,2023-06-06,696
102491,Aditya,Nair,Male,57,Kochi,Mass Affluent,2023-05-15,749
102492,Kavya,Patel,Male,62,Mumbai,Mass,2023-01-22,779
102493,Rahul,Kumar,Male,30,Chennai,Mass Affluent,2025-09-18,776
102494,Rohan,Kulkarni,Male,61,Gurugram,Mass,2024-06-10,770
102495,Vikram,Gupta,Male,53,Visakhapatnam,Premium,2023-09-04,803
102496,Vikram,Kulkarni,Male,41,Mysuru,Premium,2022-10-27,796
102497,Nisha,Joshi,Male,57,Noida,Mass Affluent,2025-03-15,676
102498,Kiran,Gupta,Male,28,Hyderabad,Premium,2025-07-21,850
102499,Sneha,Kumar,Male,53,Bengaluru,Mass Affluent,2022-02-17,850
102500,Rahul,Joshi,Female,48,Coimbatore,Mass,2025-09-19,791
102501,Vikram,Reddy,Female,62,Indore,Mass Affluent,2024-10-18,738
102502,Vivaan,Desai,Female,50,Hubballi,Wealth,2022-05-26,739
102503,Kavya,Reddy,Male,45,Kochi,Mass,2025-01-04,712
102504,Priya,Kumar,Male,45,Jaipur,Mass,2022-06-06,721
102505,Nisha,Iyer,Male,47,Jaipur,Mass Affluent,2022-03-16,582
102506,Isha,Iyer,Male,62,Delhi,Mass,2022-06-18,842
102507,Arjun,Singh,Male,57,Mumbai,Mass Affluent,2023-11-03,817
102508,Nisha,Joshi,Other,25,Mysuru,Mass Affluent,2024-06-23,618
102509,Aditi,Singh,Male,46,Bengaluru,Premium,2023-08-18,797
102510,Isha,Mehta,Male,34,Hubballi,Mass,2022-06-28,734
102511,Neha,Shetty,Female,28,Gurugram,Mass,2022-10-18,721
102512,Kiran,Mehta,Female,61,Mangaluru,Premium,2025-05-29,769
102513,Isha,Kulkarni,Male,61,Ahmedabad,Mass,2025-11-06,613
102514,Rohan,Gupta,Male,65,Kolkata,Mass Affluent,2025-01-06,734
102515,Rohan,Desai,Female,39,Mumbai,Mass,2022-05-31,741
102516,Rohan,Patel,Male,41,Mysuru,Mass,2025-04-11,741
102517,Aarav,Kulkarni,Female,57,Gurugram,Mass Affluent,2024-10-07,639
102518,Sanjay,Nair,Female,30,Coimbatore,Mass,2024-02-08,766
102519,Rahul,Verma,Male,23,Hyderabad,Mass Affluent,2022-07-29,809
102520,Arjun,Kumar,Female,40,Coimbatore,Mass Affluent,2025-12-26,764
102521,Arjun,Patel,Male,50,Pune,Premium,2023-10-09,719
102522,Akash,Mehta,Male,42,Mysuru,Premium,2022-03-06,850
102523,Isha,Iyer,Male,30,Kolkata,Mass,2022-11-03,670
102524,Kiran,Reddy,Other,45,Bhopal,Mass,2023-08-09,789
102525,Ananya,Gupta,Male,65,Bhopal,Premium,2022-04-01,752
102526,Vivaan,Sharma,Male,33,Visakhapatnam,Mass,2023-04-18,850
102527,Kiran,Iyer,Female,39,Mangaluru,Mass,2023-11-15,762
102528,Rahul,Verma,Male,35,Bengaluru,Mass,2025-10-17,777
102529,Varun,Verma,Female,34,Noida,Mass Affluent,2022-05-07,770
102530,Vivaan,Iyer,Female,51,Visakhapatnam,Mass,2024-04-22,661
102531,Ananya,Joshi,Female,38,Visakhapatnam,Mass,2025-08-30,674
102532,Nisha,Desai,Female,50,Pune,Mass Affluent,2025-03-23,716
102533,Varun,Reddy,Female,21,Hyderabad,Mass Affluent,2025-09-12,802
102534,Priya,Patel,Male,52,Ahmedabad,Mass,2022-09-06,751
102535,Rahul,Reddy,Other,25,Indore,Mass Affluent,2025-03-15,721
102536,Kiran,Desai,Female,38,Hubballi,Mass Affluent,2025-11-29,831
102537,Rahul,Nair,Female,62,Visakhapatnam,Mass,2023-04-22,596
102538,Meera,Sharma,Female,36,Coimbatore,Mass,2023-12-30,644
102539,Rohan,Reddy,Female,53,Mysuru,Mass,2024-02-15,560
102540,Aditi,Sharma,Female,37,Coimbatore,Mass,2023-12-22,820
102541,Meera,Desai,Male,63,Kolkata,Premium,2023-02-28,728
102542,Sanjay,Iyer,Female,65,Visakhapatnam,Mass,2025-11-18,803
102543,Neha,Patel,Female,63,Shivamogga,Wealth,2025-10-28,727
102544,Akash,Kumar,Female,39,Visakhapatnam,Mass,2023-07-10,807
102545,Ananya,Gupta,Male,35,Bengaluru,Mass,2025-03-21,726
102546,Meera,Shetty,Male,49,Mysuru,Mass Affluent,2023-08-04,764
102547,Meera,Desai,Female,59,Chennai,Premium,2025-03-06,753
102548,Varun,Sharma,Male,45,Ahmedabad,Mass,2024-05-03,759
102549,Isha,Patel,Other,55,Hubballi,Mass,2023-11-18,850
102550,Nisha,Sharma,Female,62,Pune,Mass Affluent,2022-07-06,621
102551,Neha,Joshi,Male,56,Hyderabad,Mass,2024-08-13,730
102552,Isha,Verma,Male,38,Mangaluru,Mass Affluent,2023-04-14,749
102553,Isha,Gupta,Female,32,Hubballi,Premium,2022-11-13,738
102554,Kavya,Kumar,Male,41,Mangaluru,Mass,2022-10-10,707
102555,Aditi,Gupta,Female,48,Visakhapatnam,Premium,2025-12-04,698
102556,Vivaan,Gupta,Male,60,Indore,Mass,2022-05-31,842
102557,Varun,Reddy,Male,35,Kolkata,Premium,2025-03-11,730
102558,Nisha,Rao,Male,28,Ahmedabad,Wealth,2025-06-18,850
102559,Aditya,Iyer,Female,35,Mangaluru,Mass Affluent,2022-02-15,772
102560,Akash,Sharma,Other,48,Mysuru,Wealth,2024-05-10,715
102561,Meera,Joshi,Female,31,Hyderabad,Premium,2024-04-23,774
102562,Vivaan,Rao,Female,39,Visakhapatnam,Mass,2023-06-08,743
102563,Isha,Verma,Female,33,Delhi,Mass,2024-08-31,829
102564,Varun,Singh,Male,67,Coimbatore,Mass,2023-08-20,653
102565,Rohan,Rao,Female,45,Hyderabad,Mass,2023-10-04,609
102566,Sanjay,Joshi,Female,54,Mumbai,Mass Affluent,2023-09-23,760
102567,Ananya,Iyer,Male,45,Coimbatore,Mass Affluent,2025-03-14,793
102568,Rahul,Patel,Other,21,Delhi,Mass Affluent,2024-07-13,755
102569,Neha,Kulkarni,Male,33,Jaipur,Mass,2023-07-08,782
102570,Priya,Desai,Male,60,Jaipur,Mass,2025-09-15,772
102571,Meera,Reddy,Female,45,Jaipur,Mass,2025-03-17,631
102572,Sanjay,Shetty,Female,54,Ahmedabad,Wealth,2025-09-23,755
102573,Arjun,Rao,Male,56,Coimbatore,Mass,2024-12-02,827
102574,Akash,Nair,Female,47,Delhi,Mass,2023-07-26,747
102575,Priya,Kumar,Male,48,Mumbai,Mass,2025-02-02,643
102576,Aditya,Kulkarni,Female,32,Gurugram,Wealth,2023-04-26,712
102577,Sanjay,Singh,Female,32,Mumbai,Mass,2023-01-31,774
102578,Kiran,Joshi,Male,28,Bengaluru,Mass Affluent,2023-10-21,850
102579,Aditi,Joshi,Female,34,Hyderabad,Mass,2025-11-16,598
102580,Meera,Mehta,Female,50,Gurugram,Mass,2024-04-09,760
102581,Aarav,Nair,Female,64,Gurugram,Mass Affluent,2023-07-15,670
102582,Rahul,Verma,Male,41,Mumbai,Mass Affluent,2023-11-06,771
102583,Meera,Mehta,Male,49,Jaipur,Mass Affluent,2023-03-02,776
102584,Kiran,Mehta,Female,61,Pune,Mass,2024-08-19,719
102585,Aarav,Desai,Female,52,Kolkata,Wealth,2023-05-27,779
102586,Aarav,Mehta,Female,33,Pune,Mass Affluent,2024-03-20,815
102587,Varun,Kulkarni,Female,34,Visakhapatnam,Wealth,2023-06-24,723
102588,Arjun,Kulkarni,Female,50,Kolkata,Mass,2023-04-14,641
102589,Aditya,Gupta,Male,34,Noida,Mass,2025-11-17,835
102590,Sneha,Patel,Female,32,Chennai,Mass,2023-05-20,793
102591,Aditya,Patel,Female,48,Kochi,Mass Affluent,2022-04-13,774
102592,Meera,Rao,Male,50,Chennai,Mass Affluent,2023-07-07,687
102593,Priya,Singh,Male,32,Coimbatore,Mass Affluent,2024-02-16,804
102594,Aditi,Desai,Female,23,Hubballi,Mass,2022-05-19,850
102595,Isha,Kulkarni,Female,57,Coimbatore,Mass,2023-03-23,727
102596,Nisha,Gupta,Female,39,Visakhapatnam,Mass,2022-08-31,742
102597,Aditi,Rao,Male,50,Shivamogga,Premium,2024-01-01,660
102598,Ananya,Singh,Other,29,Shivamogga,Mass,2024-11-21,685
102599,Aarav,Iyer,Male,35,Visakhapatnam,Mass,2025-11-14,660
102600,Rohan,Kulkarni,Male,49,Chennai,Mass,2023-07-23,744
102601,Aditya,Desai,Other,26,Ahmedabad,Mass,2025-06-14,711
102602,Aarav,Kumar,Female,35,Hubballi,Wealth,2022-11-10,761
102603,Rohan,Kulkarni,Female,54,Chennai,Mass,2025-02-13,673
102604,Rahul,Nair,Female,57,Jaipur,Premium,2024-04-01,723
102605,Vivaan,Desai,Female,37,Bhopal,Mass Affluent,2025-01-11,668
102606,Kiran,Nair,Male,26,Chennai,Mass Affluent,2025-01-08,748
102607,Priya,Gupta,Male,22,Mysuru,Mass Affluent,2024-02-17,621
102608,Arjun,Reddy,Female,47,Chennai,Mass Affluent,2023-01-11,746
102609,Rohan,Joshi,Female,53,Kolkata,Mass Affluent,2024-02-08,715
102610,Aarav,Verma,Male,48,Bhopal,Mass,2025-04-22,748
102611,Vivaan,Desai,Male,40,Coimbatore,Premium,2025-11-18,619
102612,Arjun,Patel,Male,22,Kochi,Mass,2025-09-16,781
102613,Isha,Patel,Male,31,Hubballi,Mass,2022-09-22,714
102614,Meera,Verma,Female,22,Gurugram,Mass,2024-05-22,750
102615,Nisha,Iyer,Male,42,Noida,Mass Affluent,2022-06-02,604
102616,Aditi,Desai,Male,35,Delhi,Mass,2024-09-03,648
102617,Aditi,Patel,Female,24,Indore,Mass,2025-12-19,708
102618,Sanjay,Joshi,Female,49,Visakhapatnam,Mass,2022-03-18,831
102619,Rohan,Sharma,Male,38,Shivamogga,Mass,2024-08-16,772
102620,Nisha,Verma,Male,66,Visakhapatnam,Mass,2025-10-12,744
102621,Sanjay,Desai,Male,40,Coimbatore,Premium,2025-05-21,670
102622,Sneha,Reddy,Male,25,Jaipur,Mass,2023-07-28,658
102623,Varun,Singh,Male,54,Hyderabad,Wealth,2022-06-01,754
102624,Aditya,Desai,Male,54,Kochi,Mass Affluent,2025-09-10,784
102625,Vikram,Sharma,Male,64,Noida,Mass Affluent,2025-09-07,750
102626,Sneha,Kulkarni,Male,53,Bhopal,Wealth,2024-04-25,850
102627,Rahul,Mehta,Male,38,Jaipur,Mass,2025-11-30,687
102628,Vivaan,Reddy,Female,52,Visakhapatnam,Mass Affluent,2022-01-07,748
102629,Kavya,Reddy,Male,58,Chennai,Mass,2024-06-19,616
102630,Ananya,Verma,Male,45,Mysuru,Mass,2022-02-26,750
102631,Kiran,Sharma,Female,58,Delhi,Mass,2025-09-28,838
102632,Neha,Nair,Male,66,Visakhapatnam,Mass Affluent,2024-09-20,662
102633,Akash,Sharma,Female,56,Ahmedabad,Premium,2025-08-26,794
102634,Ananya,Nair,Female,44,Jaipur,Mass,2024-04-01,836
102635,Vivaan,Joshi,Female,44,Kolkata,Mass Affluent,2022-05-02,687
102636,Rohan,Verma,Male,60,Noida,Mass,2022-02-08,768
102637,Aditya,Mehta,Female,62,Mysuru,Mass,2023-05-05,846
102638,Meera,Nair,Female,33,Chennai,Mass,2024-12-21,751
102639,Varun,Gupta,Male,21,Mysuru,Mass Affluent,2022-08-09,790
102640,Varun,Gupta,Male,58,Mumbai,Mass Affluent,2025-05-29,611
102641,Aditi,Kulkarni,Male,32,Jaipur,Mass,2022-12-16,777
102642,Nisha,Kumar,Female,67,Coimbatore,Mass,2023-12-26,771
102643,Ananya,Kumar,Male,22,Shivamogga,Mass Affluent,2022-10-24,642
102644,Aditi,Joshi,Male,63,Ahmedabad,Premium,2023-11-12,667
102645,Aditya,Rao,Female,52,Shivamogga,Mass,2023-10-23,777
102646,Priya,Desai,Female,35,Shivamogga,Mass Affluent,2022-01-08,714
102647,Sneha,Singh,Male,22,Visakhapatnam,Mass Affluent,2024-04-09,813
102648,Aarav,Patel,Male,60,Kolkata,Mass Affluent,2025-02-22,757
102649,Priya,Gupta,Male,26,Hubballi,Mass,2025-09-28,739
102650,Kavya,Shetty,Female,25,Mangaluru,Premium,2023-04-28,723
102651,Neha,Joshi,Male,58,Bengaluru,Mass Affluent,2025-07-09,755
102652,Priya,Reddy,Female,52,Delhi,Mass,2025-07-06,791
102653,Rohan,Desai,Male,26,Mangaluru,Premium,2025-12-14,772
102654,Rohan,Desai,Male,37,Noida,Premium,2023-06-29,705
102655,Aditya,Rao,Male,52,Chennai,Mass Affluent,2025-05-27,822
102656,Kiran,Shetty,Male,51,Kolkata,Premium,2024-04-05,781
102657,Varun,Kumar,Female,38,Shivamogga,Mass,2022-03-27,762
102658,Sanjay,Iyer,Female,40,Mangaluru,Premium,2023-01-30,741
102659,Aditi,Patel,Male,24,Mangaluru,Mass,2024-09-08,770
102660,Aditi,Kumar,Female,21,Mysuru,Premium,2022-08-23,607
102661,Aditi,Iyer,Male,66,Mysuru,Mass,2023-09-27,752
102662,Isha,Iyer,Female,31,Pune,Mass,2025-02-05,850
102663,Ananya,Patel,Male,64,Coimbatore,Mass,2022-08-07,750
102664,Aditi,Kulkarni,Female,22,Kolkata,Mass Affluent,2023-12-27,741
102665,Nisha,Singh,Male,67,Pune,Mass Affluent,2022-11-10,693
102666,Ananya,Nair,Female,41,Indore,Premium,2024-02-23,769
102667,Sneha,Iyer,Female,58,Kochi,Mass,2022-12-18,721
102668,Isha,Nair,Female,60,Kochi,Mass,2025-11-10,827
102669,Rohan,Desai,Female,37,Bhopal,Mass Affluent,2022-04-22,675
102670,Rohan,Rao,Male,55,Jaipur,Mass,2025-11-07,703
102671,Vivaan,Mehta,Female,36,Visakhapatnam,Mass Affluent,2025-03-02,693
102672,Ananya,Joshi,Male,58,Mumbai,Wealth,2025-06-03,850
102673,Kavya,Kumar,Female,66,Bhopal,Mass Affluent,2025-05-28,722
102674,Meera,Iyer,Male,58,Mangaluru,Mass,2022-10-01,697
102675,Akash,Shetty,Male,55,Mumbai,Mass Affluent,2025-09-21,589
102676,Aarav,Joshi,Female,38,Bhopal,Premium,2024-05-17,671
102677,Nisha,Iyer,Male,26,Mangaluru,Mass Affluent,2025-11-05,772
102678,Nisha,Reddy,Female,44,Gurugram,Premium,2025-07-06,772
102679,Ananya,Shetty,Male,27,Mumbai,Mass,2024-04-26,689
102680,Rohan,Verma,Female,44,Mangaluru,Mass Affluent,2023-07-01,693
102681,Neha,Nair,Female,61,Shivamogga,Mass,2022-06-21,850
102682,Meera,Mehta,Female,26,Gurugram,Mass Affluent,2022-05-28,850
102683,Vikram,Kulkarni,Male,63,Kolkata,Premium,2023-07-23,815
102684,Aditi,Mehta,Male,49,Ahmedabad,Premium,2025-03-30,844
102685,Priya,Patel,Male,23,Mangaluru,Mass,2024-01-08,850
102686,Meera,Mehta,Male,54,Mumbai,Premium,2023-12-05,850
102687,Vivaan,Joshi,Female,21,Mangaluru,Mass,2022-12-23,714
102688,Aditi,Iyer,Male,49,Bengaluru,Mass Affluent,2024-04-04,674
102689,Aarav,Iyer,Male,44,Hyderabad,Mass Affluent,2024-07-20,850
102690,Akash,Singh,Male,56,Kolkata,Mass Affluent,2025-12-04,667
102691,Vikram,Mehta,Female,38,Hyderabad,Mass,2024-11-30,663
102692,Priya,Gupta,Male,26,Bengaluru,Mass Affluent,2024-06-05,665
102693,Neha,Kulkarni,Male,39,Shivamogga,Mass Affluent,2025-08-21,726
102694,Kavya,Kulkarni,Male,56,Chennai,Mass Affluent,2023-09-13,596
102695,Aditi,Iyer,Male,65,Hyderabad,Mass Affluent,2025-09-27,635
102696,Kavya,Verma,Female,30,Coimbatore,Mass Affluent,2023-06-25,691
102697,Priya,Nair,Male,37,Noida,Mass,2022-07-06,651
102698,Rahul,Nair,Female,62,Visakhapatnam,Mass,2023-09-02,809
102699,Vivaan,Rao,Female,35,Hubballi,Mass Affluent,2022-07-07,735
102700,Rohan,Verma,Female,32,Hyderabad,Mass Affluent,2022-06-22,775
102701,Priya,Mehta,Female,60,Mysuru,Mass,2025-07-10,768
102702,Ananya,Rao,Female,44,Bengaluru,Mass,2025-03-06,721
102703,Priya,Gupta,Male,48,Indore,Premium,2022-11-19,804
102704,Rohan,Mehta,Female,43,Delhi,Premium,2025-05-08,767
102705,Sanjay,Patel,Female,49,Ahmedabad,Mass Affluent,2022-04-11,713
102706,Neha,Rao,Female,33,Pune,Premium,2023-02-20,617
102707,Varun,Joshi,Female,55,Mysuru,Wealth,2024-10-27,771
102708,Neha,Iyer,Male,38,Bhopal,Mass Affluent,2023-03-20,647
102709,Ananya,Rao,Male,45,Ahmedabad,Mass,2024-12-02,762
102710,Aditi,Singh,Male,29,Jaipur,Mass Affluent,2025-06-30,741
102711,Rohan,Mehta,Male,21,Gurugram,Premium,2022-04-07,640
102712,Rahul,Nair,Male,47,Chennai,Mass Affluent,2022-02-04,753
102713,Neha,Joshi,Male,27,Chennai,Mass,2025-10-04,748
102714,Varun,Singh,Female,63,Kochi,Premium,2024-01-30,749
102715,Aditya,Iyer,Female,66,Shivamogga,Mass Affluent,2024-01-10,745
102716,Ananya,Kulkarni,Female,35,Mumbai,Mass,2023-11-08,689
102717,Meera,Patel,Female,34,Mumbai,Wealth,2023-09-26,776
102718,Kavya,Nair,Male,44,Gurugram,Mass Affluent,2024-10-04,687
102719,Ananya,Desai,Male,30,Visakhapatnam,Premium,2024-04-26,660
102720,Vivaan,Nair,Female,61,Indore,Wealth,2022-08-27,782
102721,Aarav,Shetty,Female,25,Gurugram,Mass,2024-07-03,801
102722,Isha,Joshi,Female,42,Shivamogga,Premium,2024-09-02,777
102723,Varun,Reddy,Female,29,Indore,Mass,2022-06-15,720
102724,Aarav,Gupta,Female,60,Mumbai,Premium,2023-07-05,599
102725,Vikram,Mehta,Female,27,Hyderabad,Premium,2025-02-28,839
102726,Meera,Nair,Female,41,Bhopal,Premium,2024-06-22,598
102727,Aarav,Iyer,Female,60,Pune,Premium,2022-07-19,776
102728,Kiran,Patel,Male,41,Delhi,Premium,2022-02-28,850
102729,Rahul,Kulkarni,Male,29,Indore,Mass,2024-04-28,745
102730,Sanjay,Mehta,Male,28,Mumbai,Mass,2023-11-06,755
102731,Sneha,Mehta,Female,49,Kolkata,Mass,2025-11-04,762
102732,Kiran,Joshi,Female,26,Bengaluru,Premium,2024-02-02,749
102733,Rohan,Gupta,Male,37,Visakhapatnam,Mass Affluent,2025-09-21,850
102734,Sneha,Iyer,Male,49,Chennai,Mass Affluent,2022-11-09,676
102735,Aarav,Kumar,Female,38,Ahmedabad,Mass,2023-10-16,667
102736,Rohan,Kumar,Male,59,Gurugram,Mass Affluent,2022-07-23,712
102737,Arjun,Joshi,Female,53,Chennai,Mass,2024-04-18,850
102738,Aditi,Shetty,Male,27,Chennai,Wealth,2022-10-03,695
102739,Meera,Patel,Male,59,Bengaluru,Premium,2023-12-20,765
102740,Isha,Verma,Male,63,Pune,Mass Affluent,2023-05-18,810
102741,Aditya,Iyer,Male,30,Hyderabad,Premium,2022-09-29,790
102742,Neha,Mehta,Male,37,Hyderabad,Mass,2022-05-22,806
102743,Varun,Singh,Male,39,Pune,Mass,2024-01-18,834
102744,Rahul,Sharma,Male,40,Kolkata,Mass Affluent,2025-10-15,757
102745,Arjun,Singh,Male,42,Coimbatore,Mass Affluent,2022-10-18,703
102746,Aditya,Kulkarni,Female,63,Bhopal,Mass,2023-08-15,745
102747,Varun,Singh,Male,51,Visakhapatnam,Mass,2022-11-24,711
102748,Aditya,Verma,Male,63,Kolkata,Mass Affluent,2025-03-27,850
102749,Sneha,Desai,Male,37,Chennai,Mass,2023-08-29,698
102750,Akash,Singh,Female,45,Kolkata,Mass,2025-11-23,769
102751,Aditi,Gupta,Female,25,Mangaluru,Mass Affluent,2022-12-24,630
102752,Ananya,Kumar,Other,34,Coimbatore,Premium,2022-04-28,744
102753,Rahul,Joshi,Female,48,Gurugram,Mass,2024-04-30,715
102754,Aarav,Singh,Male,29,Hubballi,Mass,2024-08-09,782
102755,Arjun,Verma,Female,66,Chennai,Mass,2025-12-17,784
102756,Akash,Mehta,Male,33,Mumbai,Mass,2025-06-26,834
102757,Aditya,Kumar,Female,28,Mumbai,Mass Affluent,2025-07-14,829
102758,Aarav,Singh,Male,57,Mysuru,Mass,2024-07-14,730
102759,Varun,Desai,Male,25,Bengaluru,Mass,2023-06-10,669
102760,Ananya,Iyer,Female,36,Mumbai,Premium,2023-09-19,677
102761,Neha,Nair,Female,30,Mumbai,Premium,2022-07-15,756
102762,Kavya,Verma,Other,53,Visakhapatnam,Mass,2023-09-22,746
102763,Priya,Reddy,Male,60,Pune,Mass,2023-06-17,753
102764,Sanjay,Mehta,Male,30,Mumbai,Premium,2022-02-22,698
102765,Isha,Joshi,Male,40,Indore,Mass Affluent,2022-10-26,836
102766,Kavya,Gupta,Male,43,Bhopal,Wealth,2024-02-20,632
102767,Vikram,Iyer,Male,53,Mysuru,Mass,2023-06-24,694
102768,Isha,Rao,Male,37,Mysuru,Premium,2025-12-21,660
102769,Rohan,Gupta,Female,45,Mysuru,Mass,2023-11-30,720
102770,Akash,Reddy,Male,44,Delhi,Mass,2025-10-31,822
102771,Rahul,Reddy,Female,21,Noida,Mass Affluent,2024-08-22,715
102772,Aarav,Mehta,Female,47,Hyderabad,Mass Affluent,2022-02-28,742
102773,Sneha,Nair,Female,47,Bengaluru,Mass,2022-10-25,781
102774,Akash,Singh,Male,67,Shivamogga,Mass,2024-10-27,712
102775,Vivaan,Reddy,Male,44,Kolkata,Premium,2024-03-06,762
102776,Varun,Patel,Male,63,Hyderabad,Mass,2023-03-17,753
102777,Varun,Mehta,Female,37,Mangaluru,Mass,2024-02-02,656
102778,Sanjay,Kulkarni,Male,53,Ahmedabad,Mass,2025-08-11,702
102779,Ananya,Joshi,Male,63,Kolkata,Mass,2023-07-22,760
102780,Rohan,Kumar,Other,28,Delhi,Premium,2022-03-07,825
102781,Priya,Iyer,Female,47,Indore,Mass,2023-03-31,825
102782,Aditya,Reddy,Female,64,Coimbatore,Mass Affluent,2025-09-28,850
102783,Varun,Shetty,Male,47,Bengaluru,Mass Affluent,2025-01-17,769
102784,Meera,Gupta,Female,62,Indore,Mass,2025-05-07,706
102785,Isha,Kulkarni,Male,40,Bengaluru,Mass Affluent,2025-08-23,731
102786,Priya,Singh,Male,62,Delhi,Mass,2022-06-21,727
102787,Kavya,Reddy,Female,50,Indore,Premium,2023-02-17,706
102788,Priya,Reddy,Female,43,Visakhapatnam,Premium,2022-03-29,762
102789,Varun,Joshi,Female,31,Bengaluru,Premium,2022-01-07,765
102790,Sanjay,Gupta,Male,29,Mysuru,Mass,2025-05-03,653
102791,Sanjay,Sharma,Male,34,Shivamogga,Premium,2025-09-29,811
102792,Aditi,Rao,Female,56,Pune,Mass Affluent,2022-08-16,606
102793,Kavya,Iyer,Female,42,Pune,Mass,2024-11-20,719
102794,Kiran,Rao,Male,39,Chennai,Mass,2024-02-20,815
102795,Aarav,Iyer,Male,42,Mumbai,Mass,2022-04-12,778
102796,Ananya,Reddy,Female,37,Noida,Mass,2025-08-29,710
102797,Vikram,Sharma,Female,58,Bhopal,Mass,2025-06-26,850
102798,Aditya,Shetty,Male,39,Gurugram,Premium,2024-04-08,704
102799,Priya,Shetty,Female,43,Mumbai,Wealth,2024-10-30,595
102800,Arjun,Desai,Other,47,Noida,Mass,2023-08-03,767
102801,Ananya,Mehta,Male,51,Kolkata,Wealth,2025-03-03,611
102802,Aditya,Reddy,Female,36,Bhopal,Mass Affluent,2023-10-12,677
102803,Kavya,Singh,Female,24,Indore,Mass Affluent,2025-12-15,779
102804,Varun,Kumar,Female,53,Pune,Wealth,2022-04-03,703
102805,Nisha,Patel,Female,47,Indore,Mass Affluent,2022-09-09,776
102806,Kavya,Sharma,Female,51,Coimbatore,Mass Affluent,2025-11-15,654
102807,Rahul,Patel,Female,46,Mangaluru,Mass,2023-02-26,795
102808,Priya,Nair,Male,44,Noida,Mass,2023-03-30,617
102809,Aditya,Reddy,Female,65,Hubballi,Premium,2025-03-01,827
102810,Neha,Reddy,Male,23,Delhi,Mass,2022-10-04,702
102811,Priya,Patel,Male,25,Bengaluru,Mass,2024-01-20,842
102812,Meera,Verma,Female,65,Pune,Mass,2023-02-22,676
102813,Vivaan,Gupta,Female,62,Noida,Mass Affluent,2022-10-16,850
102814,Varun,Kulkarni,Other,40,Mumbai,Mass,2025-11-08,668
102815,Isha,Patel,Female,46,Bengaluru,Premium,2022-10-19,609
102816,Vikram,Kumar,Female,42,Hyderabad,Mass,2022-05-18,738
102817,Priya,Iyer,Male,67,Gurugram,Premium,2024-09-10,821
102818,Priya,Gupta,Female,42,Kochi,Mass Affluent,2025-06-20,790
102819,Meera,Patel,Other,56,Mangaluru,Mass Affluent,2022-07-06,816
102820,Varun,Kumar,Male,38,Delhi,Mass,2024-10-30,792
102821,Arjun,Iyer,Female,38,Hubballi,Mass,2024-02-29,678
102822,Priya,Sharma,Female,52,Hubballi,Premium,2025-04-26,789
102823,Aarav,Joshi,Male,39,Mangaluru,Premium,2022-07-05,741
102824,Isha,Rao,Female,21,Kochi,Mass,2025-11-25,685
102825,Varun,Nair,Male,29,Indore,Premium,2024-06-22,748
102826,Vikram,Iyer,Male,62,Ahmedabad,Premium,2025-05-14,731
102827,Rohan,Nair,Male,38,Hyderabad,Mass,2023-06-13,834
102828,Neha,Kulkarni,Male,25,Indore,Mass Affluent,2025-10-09,699
102829,Sneha,Nair,Male,65,Delhi,Premium,2024-07-03,696
102830,Neha,Shetty,Female,67,Gurugram,Premium,2022-07-05,686
102831,Arjun,Mehta,Male,44,Kolkata,Mass,2025-09-09,850
102832,Kiran,Reddy,Female,50,Ahmedabad,Mass,2025-03-07,690
102833,Ananya,Patel,Female,56,Delhi,Mass,2023-03-15,826
102834,Priya,Iyer,Male,24,Delhi,Mass,2024-03-07,663
102835,Sanjay,Singh,Male,34,Mumbai,Mass,2023-07-21,770
102836,Priya,Kumar,Female,47,Ahmedabad,Mass Affluent,2024-03-04,753
102837,Neha,Patel,Female,46,Ahmedabad,Mass Affluent,2025-11-10,821
102838,Meera,Mehta,Female,36,Chennai,Mass,2025-08-05,811
102839,Nisha,Gupta,Male,21,Jaipur,Mass Affluent,2022-11-11,741
102840,Ananya,Verma,Female,65,Mangaluru,Mass,2025-11-19,697
102841,Isha,Patel,Female,49,Chennai,Mass,2023-10-02,849
102842,Rahul,Joshi,Other,56,Visakhapatnam,Premium,2024-10-26,690
102843,Vikram,Gupta,Male,41,Jaipur,Premium,2025-01-20,576
102844,Vikram,Nair,Female,44,Jaipur,Mass,2023-12-07,605
102845,Arjun,Verma,Male,41,Bhopal,Premium,2023-10-29,622
102846,Kiran,Verma,Female,41,Kolkata,Premium,2023-10-29,777
102847,Rohan,Iyer,Female,52,Ahmedabad,Mass Affluent,2025-06-13,850
102848,Sanjay,Rao,Female,67,Delhi,Wealth,2023-07-19,592
102849,Vivaan,Kumar,Male,57,Coimbatore,Mass,2023-02-13,680
102850,Rahul,Patel,Female,52,Jaipur,Mass,2023-06-12,741
102851,Kiran,Mehta,Male,21,Gurugram,Premium,2022-10-12,843
102852,Sneha,Sharma,Female,45,Mangaluru,Mass Affluent,2023-07-26,680
102853,Rahul,Singh,Female,65,Coimbatore,Mass,2022-06-16,776
102854,Priya,Patel,Female,39,Mumbai,Mass,2022-05-12,717
102855,Kavya,Kumar,Male,46,Hyderabad,Mass,2024-11-22,850
102856,Varun,Joshi,Female,36,Mangaluru,Mass,2022-04-24,745
102857,Vivaan,Patel,Female,29,Shivamogga,Mass,2024-04-09,760
102858,Aditya,Nair,Female,54,Mangaluru,Wealth,2025-02-12,741
102859,Vivaan,Mehta,Female,35,Mysuru,Mass,2024-11-23,706
102860,Sanjay,Reddy,Female,48,Bengaluru,Premium,2023-10-14,801
102861,Meera,Mehta,Female,48,Pune,Mass,2022-10-10,654
102862,Priya,Iyer,Female,60,Kochi,Mass,2025-09-20,595
102863,Nisha,Shetty,Male,65,Bhopal,Premium,2025-05-04,724
102864,Sneha,Iyer,Female,47,Shivamogga,Mass,2024-06-12,792
102865,Rahul,Singh,Male,23,Chennai,Mass,2022-05-07,694
102866,Priya,Patel,Male,48,Coimbatore,Premium,2022-02-21,748
102867,Kavya,Shetty,Female,62,Jaipur,Mass,2023-04-06,650
102868,Aarav,Mehta,Male,43,Indore,Mass,2022-08-18,809
102869,Aditi,Nair,Female,47,Chennai,Wealth,2025-06-10,781
102870,Isha,Shetty,Other,56,Hubballi,Mass,2022-10-28,736
102871,Vivaan,Gupta,Male,41,Mangaluru,Mass Affluent,2023-02-17,747
102872,Rohan,Joshi,Male,40,Jaipur,Mass,2025-11-25,637
102873,Ananya,Patel,Male,43,Bengaluru,Mass,2025-04-09,641
102874,Kiran,Nair,Male,61,Delhi,Mass,2022-11-16,726
102875,Rohan,Mehta,Female,43,Hyderabad,Mass Affluent,2023-07-14,771
102876,Aditi,Singh,Female,36,Indore,Mass,2024-01-24,775
102877,Ananya,Mehta,Female,49,Visakhapatnam,Premium,2024-08-27,710
102878,Isha,Desai,Male,53,Delhi,Premium,2025-09-28,787
102879,Nisha,Kumar,Female,63,Noida,Mass Affluent,2025-06-25,834
102880,Vivaan,Shetty,Male,62,Hyderabad,Mass,2025-11-27,729
102881,Neha,Rao,Female,57,Kochi,Mass Affluent,2022-03-01,757
102882,Vivaan,Nair,Female,57,Pune,Mass Affluent,2022-12-12,720
102883,Sanjay,Verma,Male,42,Jaipur,Mass,2024-04-01,726
102884,Arjun,Mehta,Female,37,Indore,Premium,2022-03-13,747
102885,Varun,Gupta,Female,47,Hubballi,Mass Affluent,2023-06-03,850
102886,Arjun,Desai,Male,54,Shivamogga,Premium,2022-08-13,799
102887,Kiran,Desai,Female,45,Hyderabad,Wealth,2025-09-24,793
102888,Aditi,Desai,Female,30,Coimbatore,Mass,2022-04-03,703
102889,Varun,Desai,Male,21,Kolkata,Mass,2022-08-05,672
102890,Arjun,Kumar,Male,23,Hubballi,Mass Affluent,2022-10-12,762
102891,Rahul,Sharma,Female,41,Hyderabad,Mass Affluent,2022-08-05,822
102892,Vikram,Reddy,Female,58,Kolkata,Premium,2024-04-10,850
102893,Kiran,Kumar,Female,58,Visakhapatnam,Mass,2023-06-16,563
102894,Rahul,Verma,Female,58,Delhi,Mass Affluent,2025-08-25,850
102895,Kavya,Nair,Female,54,Mysuru,Wealth,2023-01-16,764
102896,Vivaan,Nair,Male,22,Mangaluru,Wealth,2024-02-24,799
102897,Vikram,Sharma,Male,62,Bengaluru,Mass,2024-08-21,613
102898,Vikram,Verma,Male,65,Mangaluru,Wealth,2024-07-02,718
102899,Vikram,Joshi,Female,60,Chennai,Mass,2025-03-08,793
102900,Rohan,Rao,Female,41,Pune,Mass Affluent,2022-10-22,653
102901,Aditya,Patel,Female,31,Mumbai,Mass,2024-01-11,533
102902,Ananya,Singh,Male,63,Kochi,Mass Affluent,2025-03-14,758
102903,Kiran,Sharma,Female,29,Delhi,Mass,2025-06-14,732
102904,Akash,Singh,Female,58,Jaipur,Mass,2024-06-20,836
102905,Aditi,Mehta,Male,66,Gurugram,Mass,2024-08-09,724
102906,Sanjay,Nair,Male,63,Shivamogga,Premium,2025-06-15,729
102907,Nisha,Iyer,Female,45,Indore,Mass Affluent,2024-07-01,784
102908,Kavya,Singh,Female,60,Delhi,Mass Affluent,2025-10-17,807
102909,Aditya,Kumar,Female,60,Coimbatore,Mass Affluent,2022-07-06,685
102910,Vivaan,Verma,Male,66,Mysuru,Mass,2023-05-23,801
102911,Aarav,Kulkarni,Female,37,Coimbatore,Mass,2022-06-13,698
102912,Sneha,Rao,Male,50,Jaipur,Mass,2022-05-13,736
102913,Rahul,Rao,Male,59,Shivamogga,Mass,2023-11-21,782
102914,Akash,Nair,Female,31,Kochi,Wealth,2022-11-26,794
102915,Aditya,Patel,Male,31,Jaipur,Mass,2023-08-18,757
102916,Sanjay,Verma,Other,39,Bhopal,Mass Affluent,2023-10-02,659
102917,Meera,Desai,Male,37,Shivamogga,Premium,2024-06-25,604
102918,Aditya,Nair,Male,56,Bhopal,Premium,2025-10-12,722
102919,Vivaan,Patel,Male,64,Kochi,Mass,2025-05-25,803
102920,Neha,Verma,Female,28,Mumbai,Premium,2023-07-07,766
102921,Kiran,Mehta,Male,36,Hyderabad,Mass Affluent,2023-04-21,752
102922,Kiran,Kumar,Male,64,Pune,Mass Affluent,2025-01-30,735
102923,Priya,Reddy,Male,48,Delhi,Premium,2022-06-30,757
102924,Aditya,Rao,Male,30,Bhopal,Mass,2024-02-29,665
102925,Aditya,Singh,Female,49,Coimbatore,Premium,2023-09-10,790
102926,Meera,Verma,Female,62,Mangaluru,Mass Affluent,2022-09-24,794
102927,Akash,Verma,Male,38,Mangaluru,Premium,2024-06-19,710
102928,Rohan,Kumar,Female,43,Mysuru,Premium,2023-04-14,766
102929,Sanjay,Sharma,Male,49,Kolkata,Mass Affluent,2022-09-28,615
102930,Kiran,Shetty,Female,60,Mumbai,Mass,2024-08-11,748
102931,Kiran,Iyer,Male,47,Kochi,Mass,2022-09-12,726
102932,Vivaan,Desai,Female,66,Kochi,Premium,2024-09-09,823
102933,Ananya,Joshi,Male,56,Hubballi,Mass Affluent,2022-08-25,721
102934,Isha,Kumar,Female,40,Ahmedabad,Premium,2023-09-27,796
102935,Meera,Desai,Male,43,Kochi,Mass,2025-03-25,708
102936,Arjun,Rao,Other,53,Visakhapatnam,Mass Affluent,2022-11-30,575
102937,Arjun,Gupta,Male,24,Jaipur,Premium,2025-01-25,719
102938,Ananya,Kulkarni,Female,31,Hyderabad,Premium,2024-11-19,749
102939,Vivaan,Rao,Female,32,Visakhapatnam,Mass,2025-08-10,746
102940,Aditya,Desai,Male,58,Pune,Mass,2022-09-04,747
102941,Aditi,Rao,Male,59,Coimbatore,Premium,2024-11-10,700
102942,Akash,Iyer,Male,59,Hyderabad,Premium,2025-09-29,712
102943,Sneha,Sharma,Other,25,Indore,Mass,2025-01-19,656
102944,Aditya,Gupta,Female,34,Kochi,Mass Affluent,2022-10-02,595
102945,Akash,Rao,Female,35,Noida,Mass,2025-04-15,728
102946,Priya,Kulkarni,Male,22,Shivamogga,Mass,2022-06-06,683
102947,Kavya,Verma,Female,33,Hubballi,Mass,2024-05-09,811
102948,Arjun,Shetty,Male,41,Indore,Mass,2023-12-28,582
102949,Sneha,Shetty,Male,62,Coimbatore,Premium,2024-02-15,755
102950,Vivaan,Patel,Male,28,Gurugram,Mass,2024-01-29,850
102951,Aditi,Sharma,Male,61,Bhopal,Premium,2022-02-15,722
102952,Rahul,Sharma,Female,59,Kochi,Mass Affluent,2024-01-12,735
102953,Sanjay,Mehta,Female,28,Hyderabad,Mass,2025-09-29,765
102954,Vivaan,Rao,Male,33,Coimbatore,Mass,2023-09-30,770
102955,Meera,Kumar,Male,42,Kochi,Mass,2023-02-09,706
102956,Aditya,Iyer,Female,65,Delhi,Mass Affluent,2025-12-23,664
102957,Meera,Nair,Female,57,Bengaluru,Premium,2022-05-25,781
102958,Isha,Kumar,Male,66,Jaipur,Premium,2023-12-11,601
102959,Akash,Iyer,Male,35,Mumbai,Premium,2024-01-19,793
102960,Meera,Joshi,Female,63,Hyderabad,Premium,2023-11-29,708
102961,Neha,Verma,Other,65,Jaipur,Premium,2025-09-07,735
102962,Vivaan,Rao,Female,49,Coimbatore,Mass Affluent,2023-09-08,698
102963,Sneha,Patel,Male,28,Mysuru,Mass Affluent,2025-11-22,835
102964,Ananya,Iyer,Female,33,Coimbatore,Mass,2022-04-08,752
102965,Vivaan,Kulkarni,Male,27,Pune,Mass,2024-12-07,712
102966,Sneha,Mehta,Female,58,Noida,Mass Affluent,2024-05-15,711
102967,Rahul,Rao,Male,35,Bhopal,Mass Affluent,2022-12-18,725
102968,Rahul,Rao,Male,53,Shivamogga,Mass,2022-11-29,850
102969,Aarav,Sharma,Male,33,Shivamogga,Wealth,2024-11-16,643
102970,Neha,Kulkarni,Male,66,Visakhapatnam,Mass,2024-07-19,811
102971,Rahul,Rao,Male,57,Hyderabad,Mass Affluent,2024-06-11,775
102972,Vivaan,Mehta,Female,38,Indore,Wealth,2022-03-16,843
102973,Ananya,Mehta,Female,43,Hyderabad,Mass,2024-05-22,779
102974,Rahul,Kumar,Female,23,Kolkata,Premium,2025-12-03,735
102975,Aditya,Sharma,Male,27,Gurugram,Premium,2022-01-26,806
102976,Isha,Gupta,Male,67,Visakhapatnam,Mass Affluent,2023-11-16,751
102977,Vivaan,Iyer,Female,59,Noida,Wealth,2023-12-23,788
102978,Akash,Sharma,Male,60,Gurugram,Mass Affluent,2025-08-02,835
102979,Isha,Singh,Male,51,Delhi,Mass Affluent,2023-02-17,741
102980,Akash,Kulkarni,Female,31,Hyderabad,Mass Affluent,2023-11-26,705
102981,Vikram,Joshi,Other,25,Chennai,Mass,2024-11-13,690
102982,Akash,Kumar,Male,55,Delhi,Mass,2022-03-30,767
102983,Priya,Gupta,Female,36,Kochi,Mass,2025-03-15,674
102984,Ananya,Gupta,Female,21,Bengaluru,Mass,2025-04-15,711
102985,Kavya,Singh,Male,22,Gurugram,Premium,2024-11-16,667
102986,Vivaan,Desai,Female,47,Gurugram,Wealth,2024-08-04,771
102987,Varun,Shetty,Male,60,Kochi,Wealth,2024-12-27,682
102988,Kiran,Reddy,Male,38,Ahmedabad,Mass,2025-02-15,645
102989,Aarav,Singh,Other,67,Chennai,Mass Affluent,2025-08-11,657
102990,Rahul,Desai,Female,38,Mangaluru,Mass Affluent,2023-09-18,695
102991,Rahul,Patel,Male,55,Hyderabad,Mass,2023-10-28,701
102992,Aarav,Sharma,Male,32,Pune,Mass Affluent,2024-07-20,753
102993,Meera,Gupta,Female,49,Shivamogga,Mass,2022-10-09,724
102994,Vivaan,Iyer,Male,33,Jaipur,Wealth,2025-06-04,761
102995,Varun,Kumar,Female,57,Delhi,Mass,2025-01-29,767
102996,Isha,Nair,Female,42,Kochi,Premium,2024-07-10,787
102997,Kavya,Reddy,Male,22,Mangaluru,Premium,2023-03-17,601
102998,Kiran,Joshi,Female,32,Visakhapatnam,Mass Affluent,2023-05-23,656
102999,Aditya,Kumar,Female,37,Delhi,Mass,2023-09-28,774
103000,Arjun,Shetty,Female,42,Pune,Mass,2024-08-25,750
103001,Aditi,Verma,Male,33,Hyderabad,Wealth,2025-02-09,803
103002,Kavya,Mehta,Male,48,Coimbatore,Mass,2024-09-07,627
103003,Rohan,Patel,Male,66,Jaipur,Mass,2025-09-19,702
103004,Neha,Singh,Female,54,Hubballi,Wealth,2025-11-03,714
103005,Sanjay,Kumar,Female,35,Visakhapatnam,Premium,2024-10-26,747
103006,Vikram,Shetty,Female,52,Mangaluru,Mass Affluent,2023-06-26,738
103007,Ananya,Nair,Female,66,Pune,Mass,2024-05-24,768
103008,Rahul,Mehta,Male,32,Jaipur,Mass Affluent,2023-09-13,727
103009,Kiran,Mehta,Male,31,Gurugram,Premium,2024-07-07,831
103010,Priya,Rao,Female,22,Chennai,Mass,2025-03-31,850
103011,Sneha,Reddy,Female,60,Indore,Mass,2023-06-24,657
103012,Arjun,Sharma,Female,60,Kochi,Mass,2024-01-09,738
103013,Vivaan,Mehta,Male,40,Visakhapatnam,Mass Affluent,2022-03-08,791
103014,Isha,Kulkarni,Male,61,Pune,Mass,2024-12-11,776
103015,Nisha,Kumar,Female,51,Bhopal,Premium,2023-12-17,706
103016,Arjun,Sharma,Male,67,Shivamogga,Mass,2023-11-03,753
103017,Ananya,Verma,Male,64,Coimbatore,Mass,2024-02-17,624
103018,Arjun,Shetty,Female,66,Gurugram,Wealth,2022-11-11,734
103019,Rahul,Mehta,Female,39,Noida,Wealth,2024-05-23,633
103020,Aditi,Shetty,Female,50,Mangaluru,Mass Affluent,2024-12-23,771
103021,Rohan,Rao,Female,28,Bhopal,Premium,2023-05-26,657
103022,Rohan,Rao,Female,63,Pune,Mass,2022-07-11,746
103023,Akash,Sharma,Male,35,Noida,Mass Affluent,2023-07-19,757
103024,Arjun,Reddy,Female,42,Hubballi,Mass,2022-10-17,740
103025,Arjun,Rao,Female,48,Indore,Mass Affluent,2023-06-30,691
103026,Sanjay,Reddy,Male,58,Mumbai,Premium,2024-07-04,720
103027,Sneha,Kumar,Other,55,Kochi,Premium,2022-06-15,818
103028,Aarav,Rao,Female,65,Kochi,Mass,2024-12-27,705
103029,Ananya,Kumar,Male,54,Noida,Mass,2022-11-24,737
103030,Sneha,Reddy,Female,58,Mangaluru,Wealth,2025-07-30,696
103031,Rohan,Sharma,Female,47,Pune,Mass Affluent,2024-12-05,806
103032,Priya,Nair,Male,40,Kolkata,Mass,2023-02-02,740
103033,Aditi,Gupta,Male,63,Gurugram,Mass,2024-04-02,682
103034,Rohan,Verma,Female,38,Noida,Mass,2022-06-11,735
103035,Varun,Mehta,Male,50,Shivamogga,Mass,2022-05-26,718
103036,Isha,Gupta,Male,34,Gurugram,Mass,2025-10-27,832
103037,Akash,Rao,Female,43,Mysuru,Mass Affluent,2025-03-17,732
103038,Vivaan,Kumar,Female,38,Delhi,Mass Affluent,2022-08-14,638
103039,Kiran,Joshi,Female,33,Mysuru,Mass Affluent,2023-02-17,770
103040,Kavya,Singh,Female,59,Ahmedabad,Mass,2022-10-16,850
103041,Vikram,Sharma,Female,57,Noida,Mass,2023-07-31,819
103042,Rahul,Kulkarni,Male,53,Bhopal,Mass,2023-03-02,658
103043,Akash,Kumar,Male,24,Delhi,Premium,2023-04-24,716
103044,Arjun,Iyer,Female,32,Hubballi,Premium,2024-02-12,733
103045,Ananya,Joshi,Male,31,Shivamogga,Mass,2022-10-04,734
103046,Kiran,Sharma,Female,54,Coimbatore,Mass Affluent,2025-07-12,762
103047,Ananya,Mehta,Female,62,Visakhapatnam,Mass Affluent,2024-11-28,711
103048,Sanjay,Kumar,Male,38,Mysuru,Mass Affluent,2025-01-15,671
103049,Kavya,Patel,Female,36,Ahmedabad,Mass Affluent,2022-09-05,802
103050,Nisha,Joshi,Female,47,Delhi,Wealth,2024-10-30,656
103051,Rohan,Reddy,Female,67,Pune,Mass,2025-05-05,679
103052,Sanjay,Kulkarni,Male,38,Gurugram,Mass Affluent,2022-09-13,656
103053,Ananya,Reddy,Female,34,Indore,Mass Affluent,2025-01-01,778
103054,Meera,Singh,Male,45,Hubballi,Mass Affluent,2023-06-07,742
103055,Meera,Singh,Female,64,Coimbatore,Mass,2025-02-23,797
103056,Meera,Sharma,Female,55,Mysuru,Mass Affluent,2023-11-30,680
103057,Aditi,Sharma,Male,45,Jaipur,Mass,2025-03-17,647
103058,Isha,Nair,Male,55,Mysuru,Mass Affluent,2022-08-04,704
103059,Aditi,Kumar,Female,21,Mysuru,Mass Affluent,2023-07-23,722
103060,Sanjay,Patel,Female,56,Bengaluru,Mass,2023-02-04,750
103061,Neha,Singh,Male,25,Coimbatore,Wealth,2022-12-29,617
103062,Priya,Singh,Female,39,Noida,Premium,2023-03-27,769
103063,Arjun,Iyer,Female,37,Ahmedabad,Mass Affluent,2023-07-13,672
103064,Neha,Kulkarni,Male,53,Hubballi,Wealth,2022-07-05,690
103065,Nisha,Singh,Female,32,Indore,Premium,2024-10-29,817
103066,Aditi,Verma,Male,32,Coimbatore,Mass,2024-03-14,582
103067,Rahul,Rao,Male,62,Delhi,Mass Affluent,2025-04-25,758
103068,Priya,Sharma,Female,43,Bhopal,Mass Affluent,2024-10-26,757
103069,Varun,Nair,Male,55,Mangaluru,Mass Affluent,2022-08-06,678
103070,Aditya,Iyer,Female,48,Pune,Wealth,2022-04-13,704
103071,Vivaan,Nair,Female,50,Bengaluru,Mass Affluent,2023-09-10,820
103072,Neha,Reddy,Female,53,Hubballi,Mass,2023-12-04,850
103073,Meera,Iyer,Male,52,Coimbatore,Mass Affluent,2022-12-17,810
103074,Kiran,Patel,Male,63,Chennai,Premium,2025-02-16,850
103075,Varun,Kulkarni,Female,57,Kolkata,Mass,2024-04-29,687
103076,Varun,Shetty,Female,35,Bhopal,Mass,2024-12-28,624
103077,Priya,Sharma,Female,28,Kochi,Mass,2022-06-09,731
103078,Neha,Nair,Male,60,Hyderabad,Mass Affluent,2025-04-05,791
103079,Aarav,Mehta,Male,38,Mumbai,Mass,2022-10-28,605
103080,Varun,Rao,Male,35,Mangaluru,Mass,2023-10-17,670
103081,Vikram,Singh,Female,26,Coimbatore,Mass,2023-10-04,678
103082,Ananya,Mehta,Male,46,Visakhapatnam,Mass Affluent,2025-04-13,760
103083,Priya,Reddy,Female,45,Gurugram,Mass,2023-02-09,751
103084,Nisha,Kumar,Male,59,Delhi,Mass,2022-12-18,681
103085,Meera,Reddy,Male,56,Coimbatore,Mass Affluent,2023-05-11,748
103086,Aditya,Mehta,Female,54,Mumbai,Mass,2023-06-11,655
103087,Meera,Verma,Female,46,Chennai,Mass,2022-09-23,705
103088,Sanjay,Nair,Other,61,Bhopal,Mass Affluent,2022-09-15,646
103089,Nisha,Verma,Male,67,Hyderabad,Mass,2022-12-04,724
103090,Isha,Kumar,Female,59,Indore,Mass,2023-11-14,679
103091,Priya,Patel,Male,37,Hubballi,Mass,2023-05-17,783
103092,Rohan,Desai,Female,33,Delhi,Mass,2023-07-27,733
103093,Meera,Kulkarni,Female,21,Delhi,Mass Affluent,2024-11-15,719
103094,Rahul,Sharma,Male,67,Mumbai,Wealth,2022-12-18,850
103095,Kiran,Sharma,Female,55,Visakhapatnam,Mass,2025-08-21,762
103096,Rohan,Shetty,Male,65,Delhi,Mass Affluent,2025-01-02,709
103097,Kiran,Sharma,Male,58,Bhopal,Premium,2022-09-13,694
103098,Neha,Verma,Male,41,Shivamogga,Mass Affluent,2023-04-04,652
103099,Vivaan,Kulkarni,Male,27,Mumbai,Premium,2022-09-25,730
103100,Kavya,Singh,Female,23,Delhi,Mass Affluent,2023-02-03,757
103101,Ananya,Singh,Female,58,Noida,Mass Affluent,2023-06-18,601
103102,Sanjay,Desai,Female,35,Shivamogga,Premium,2022-07-11,640
103103,Arjun,Joshi,Female,38,Mumbai,Mass,2022-01-22,699
103104,Meera,Kumar,Female,60,Kolkata,Premium,2023-10-03,658
103105,Arjun,Patel,Male,43,Pune,Mass Affluent,2024-10-20,738
103106,Priya,Desai,Male,65,Kochi,Mass Affluent,2023-03-19,748
103107,Isha,Mehta,Male,46,Delhi,Mass,2025-06-10,726
103108,Ananya,Patel,Female,60,Visakhapatnam,Mass,2023-06-24,774
103109,Meera,Desai,Female,26,Shivamogga,Mass,2025-08-08,694
103110,Varun,Reddy,Female,39,Coimbatore,Wealth,2022-12-11,732
103111,Kiran,Reddy,Male,29,Delhi,Mass Affluent,2024-02-27,665
103112,Varun,Joshi,Male,23,Mysuru,Premium,2025-01-19,755
103113,Arjun,Iyer,Female,67,Jaipur,Mass,2022-03-28,740
103114,Rohan,Desai,Male,45,Shivamogga,Mass,2025-09-19,651
103115,Kiran,Verma,Female,37,Mangaluru,Mass,2023-06-17,724
103116,Akash,Reddy,Male,38,Gurugram,Mass,2023-12-28,732
103117,Aditya,Shetty,Male,32,Kochi,Mass Affluent,2024-07-06,755
103118,Neha,Mehta,Female,26,Pune,Premium,2024-07-27,757
103119,Ananya,Gupta,Female,63,Kolkata,Premium,2022-02-04,685
103120,Varun,Kumar,Female,25,Bengaluru,Mass Affluent,2025-06-20,788
103121,Isha,Patel,Female,39,Hubballi,Mass,2024-06-29,772
103122,Akash,Iyer,Male,28,Kochi,Mass Affluent,2025-12-29,684
103123,Kavya,Nair,Female,64,Bengaluru,Mass Affluent,2023-11-20,655
103124,Kavya,Joshi,Female,30,Hyderabad,Mass Affluent,2024-06-14,690
103125,Nisha,Patel,Female,39,Gurugram,Mass Affluent,2023-10-06,632
103126,Arjun,Patel,Female,56,Mysuru,Mass,2025-07-23,750
103127,Ananya,Nair,Male,47,Visakhapatnam,Mass,2025-04-30,818
103128,Sneha,Kulkarni,Male,38,Gurugram,Wealth,2025-08-19,835
103129,Rahul,Shetty,Female,47,Mumbai,Mass Affluent,2024-01-07,659
103130,Aditya,Iyer,Female,41,Visakhapatnam,Wealth,2025-03-01,790
103131,Aditya,Mehta,Male,34,Noida,Mass,2023-06-08,741
103132,Nisha,Verma,Male,49,Ahmedabad,Mass Affluent,2023-11-04,567
103133,Meera,Verma,Other,38,Mysuru,Mass,2025-01-14,712
103134,Rohan,Shetty,Female,66,Hubballi,Premium,2022-04-29,704
103135,Kavya,Rao,Female,42,Bengaluru,Mass,2024-11-03,820
103136,Meera,Nair,Male,56,Gurugram,Mass Affluent,2022-01-24,674
103137,Varun,Gupta,Other,32,Coimbatore,Mass,2024-04-27,774
103138,Sanjay,Gupta,Female,51,Indore,Mass,2023-11-28,728
103139,Vikram,Rao,Female,47,Noida,Mass,2023-11-16,634
103140,Arjun,Mehta,Male,55,Mysuru,Mass Affluent,2023-12-23,696
103141,Nisha,Singh,Female,42,Kolkata,Premium,2023-12-20,842
103142,Neha,Verma,Female,54,Kolkata,Wealth,2023-08-18,723
103143,Ananya,Sharma,Female,23,Noida,Mass Affluent,2023-10-21,798
103144,Aditi,Nair,Other,53,Jaipur,Mass Affluent,2024-04-09,795
103145,Aditi,Mehta,Female,56,Noida,Premium,2025-01-19,704
103146,Ananya,Gupta,Male,44,Jaipur,Mass,2024-03-17,645
103147,Akash,Singh,Female,22,Delhi,Premium,2024-07-27,654
103148,Arjun,Gupta,Female,47,Hubballi,Mass Affluent,2025-05-06,837
103149,Vivaan,Joshi,Male,57,Mysuru,Mass Affluent,2025-12-15,746
103150,Aarav,Iyer,Male,42,Indore,Mass,2022-06-08,614
103151,Varun,Kumar,Female,25,Chennai,Mass,2024-11-06,793
103152,Ananya,Gupta,Male,39,Mumbai,Mass,2022-11-25,610
103153,Ananya,Reddy,Female,67,Pune,Wealth,2022-10-15,677
103154,Aditi,Iyer,Male,33,Mysuru,Mass Affluent,2025-03-03,741
103155,Ananya,Kulkarni,Male,45,Indore,Mass Affluent,2022-04-11,850
103156,Sneha,Rao,Male,37,Mysuru,Mass Affluent,2025-05-22,792
103157,Vivaan,Iyer,Female,54,Shivamogga,Premium,2025-01-29,701
103158,Arjun,Kulkarni,Female,41,Delhi,Mass,2025-12-23,737
103159,Sanjay,Sharma,Male,39,Hyderabad,Mass,2024-09-02,799
103160,Isha,Kulkarni,Male,48,Bengaluru,Mass Affluent,2025-06-28,835
103161,Arjun,Joshi,Male,47,Mumbai,Mass,2022-06-23,718
103162,Neha,Desai,Female,44,Kochi,Mass,2025-07-23,720
103163,Kiran,Kulkarni,Other,33,Pune,Mass,2022-08-23,677
103164,Rohan,Gupta,Female,26,Bhopal,Mass,2023-04-04,782
103165,Rohan,Gupta,Male,53,Hyderabad,Premium,2022-07-07,807
103166,Kavya,Rao,Female,36,Bengaluru,Premium,2023-08-10,599
103167,Aditya,Kumar,Male,49,Mangaluru,Wealth,2024-12-29,707
103168,Kiran,Reddy,Male,38,Coimbatore,Wealth,2023-01-27,650
103169,Isha,Joshi,Male,61,Chennai,Mass,2025-04-15,746
103170,Priya,Nair,Male,54,Visakhapatnam,Mass,2024-06-04,648
103171,Vikram,Rao,Male,39,Kochi,Mass Affluent,2024-07-07,643
103172,Sanjay,Kumar,Female,36,Bengaluru,Mass,2025-10-02,814
103173,Rohan,Shetty,Male,56,Mumbai,Wealth,2023-09-23,723
103174,Priya,Sharma,Female,21,Jaipur,Mass,2023-05-19,731
103175,Aarav,Sharma,Female,23,Mysuru,Mass Affluent,2025-12-23,765
103176,Aditi,Kulkarni,Female,24,Visakhapatnam,Mass Affluent,2024-03-24,803
103177,Arjun,Desai,Female,37,Hubballi,Premium,2024-06-16,706
103178,Vivaan,Desai,Female,44,Kochi,Mass Affluent,2023-03-09,707
103179,Meera,Singh,Male,34,Coimbatore,Mass Affluent,2022-11-11,708
103180,Arjun,Nair,Male,29,Gurugram,Mass,2022-09-05,811
103181,Isha,Verma,Female,35,Coimbatore,Mass Affluent,2022-11-23,730
103182,Aditya,Kumar,Female,44,Bhopal,Mass Affluent,2022-10-12,715
103183,Kavya,Rao,Female,34,Jaipur,Mass Affluent,2024-12-26,762
103184,Nisha,Verma,Female,47,Jaipur,Premium,2022-03-26,850
103185,Sneha,Iyer,Female,38,Hyderabad,Mass,2024-07-07,740
103186,Varun,Iyer,Female,64,Pune,Mass,2025-10-17,716
103187,Ananya,Singh,Female,67,Bhopal,Wealth,2025-01-22,850
103188,Arjun,Desai,Female,51,Shivamogga,Mass,2023-08-12,828
103189,Arjun,Kulkarni,Female,47,Chennai,Mass Affluent,2022-03-28,818
103190,Rahul,Kulkarni,Other,22,Gurugram,Mass Affluent,2025-05-02,700
103191,Rahul,Rao,Female,50,Hyderabad,Premium,2022-01-05,693
103192,Kiran,Joshi,Female,38,Hyderabad,Mass,2024-09-21,607
103193,Rahul,Rao,Male,34,Noida,Mass,2024-09-06,803
103194,Sneha,Kumar,Male,58,Mumbai,Premium,2022-10-08,740
103195,Aditya,Mehta,Female,22,Visakhapatnam,Mass Affluent,2024-12-16,609
103196,Aditi,Singh,Male,33,Hubballi,Mass Affluent,2022-09-14,819
103197,Kiran,Iyer,Male,57,Hyderabad,Mass,2022-11-26,711
103198,Meera,Patel,Female,64,Coimbatore,Mass,2025-03-31,720
103199,Priya,Patel,Female,45,Delhi,Premium,2025-11-30,629
103200,Sanjay,Joshi,Female,45,Jaipur,Mass Affluent,2023-01-22,769
103201,Ananya,Shetty,Female,66,Kolkata,Premium,2025-09-07,770
103202,Rohan,Sharma,Male,25,Mumbai,Wealth,2025-08-26,732
103203,Sneha,Desai,Male,43,Jaipur,Mass Affluent,2025-01-28,706
103204,Meera,Patel,Female,32,Shivamogga,Mass Affluent,2022-07-24,850
103205,Ananya,Kulkarni,Male,43,Jaipur,Mass Affluent,2023-03-14,651
103206,Sneha,Singh,Female,63,Mangaluru,Premium,2024-09-16,684
103207,Isha,Joshi,Other,49,Ahmedabad,Mass Affluent,2025-12-29,785
103208,Kiran,Reddy,Female,67,Mangaluru,Mass,2025-04-04,664
103209,Kiran,Desai,Female,44,Bhopal,Wealth,2023-09-06,659
103210,Sanjay,Verma,Female,61,Kolkata,Mass Affluent,2022-12-10,814
103211,Meera,Patel,Female,28,Bengaluru,Premium,2025-11-03,777
103212,Vivaan,Patel,Male,36,Mangaluru,Mass,2023-02-08,769
103213,Akash,Gupta,Female,33,Hubballi,Mass Affluent,2023-05-15,748
103214,Kavya,Desai,Male,57,Visakhapatnam,Mass Affluent,2025-11-09,687
103215,Vivaan,Patel,Female,45,Noida,Premium,2024-03-31,717
103216,Kavya,Kumar,Male,31,Pune,Mass,2023-01-22,729
103217,Sneha,Shetty,Female,29,Pune,Mass,2022-01-08,794
103218,Sanjay,Patel,Female,39,Bengaluru,Premium,2023-09-20,765
103219,Isha,Singh,Male,28,Shivamogga,Wealth,2025-12-10,670
103220,Priya,Sharma,Female,53,Bhopal,Mass,2023-09-24,790
103221,Kiran,Nair,Male,60,Noida,Mass,2024-10-18,618
103222,Kiran,Verma,Male,66,Hyderabad,Mass Affluent,2023-01-05,713
103223,Aditi,Iyer,Male,32,Bengaluru,Mass,2025-02-06,655
103224,Varun,Kumar,Male,41,Mumbai,Mass,2025-02-06,675
103225,Vikram,Iyer,Other,44,Hyderabad,Mass Affluent,2024-06-07,850
103226,Nisha,Nair,Other,44,Mangaluru,Mass Affluent,2025-01-31,632
103227,Aditi,Reddy,Female,42,Kolkata,Mass,2024-04-25,678
103228,Priya,Patel,Female,31,Ahmedabad,Mass,2023-07-07,771
103229,Kiran,Reddy,Female,26,Visakhapatnam,Wealth,2024-12-13,702
103230,Nisha,Kulkarni,Female,39,Hyderabad,Mass Affluent,2025-05-04,746
103231,Kiran,Verma,Female,25,Pune,Premium,2025-05-12,835
103232,Rohan,Patel,Male,23,Coimbatore,Mass,2022-11-08,781
103233,Vikram,Singh,Female,45,Hyderabad,Premium,2024-09-14,702
103234,Sneha,Iyer,Other,61,Kolkata,Premium,2022-01-07,726
103235,Neha,Reddy,Male,46,Jaipur,Mass,2024-04-15,772
103236,Vikram,Desai,Male,22,Bhopal,Mass Affluent,2024-04-13,779
103237,Akash,Kulkarni,Male,60,Mumbai,Mass Affluent,2023-06-15,736
103238,Kiran,Kumar,Male,53,Kolkata,Mass,2025-12-22,760
103239,Priya,Sharma,Female,35,Mangaluru,Premium,2025-07-13,760
103240,Isha,Singh,Male,33,Kochi,Mass,2022-02-26,729
103241,Kavya,Shetty,Female,63,Bengaluru,Mass Affluent,2022-11-01,693
103242,Akash,Desai,Female,43,Ahmedabad,Wealth,2022-10-31,787
103243,Priya,Joshi,Male,27,Shivamogga,Mass,2025-08-03,755
103244,Nisha,Singh,Female,34,Delhi,Mass,2024-01-28,589
103245,Sneha,Kumar,Female,33,Mysuru,Mass,2024-11-30,677
103246,Vikram,Sharma,Female,39,Ahmedabad,Wealth,2025-03-28,701
103247,Ananya,Sharma,Female,37,Delhi,Mass,2025-01-25,721
103248,Neha,Iyer,Female,46,Ahmedabad,Mass,2022-05-11,819
103249,Ananya,Gupta,Male,36,Mumbai,Mass Affluent,2022-07-24,850
103250,Akash,Sharma,Male,51,Bengaluru,Mass Affluent,2023-08-01,563
103251,Aditi,Kumar,Male,44,Noida,Mass Affluent,2023-05-10,756
103252,Arjun,Mehta,Male,65,Ahmedabad,Wealth,2024-12-26,740
103253,Aarav,Kulkarni,Female,59,Ahmedabad,Mass,2022-08-17,722
103254,Priya,Gupta,Male,36,Pune,Mass Affluent,2023-06-27,773
103255,Varun,Nair,Female,22,Jaipur,Mass Affluent,2022-12-12,745
103256,Isha,Shetty,Male,48,Gurugram,Mass,2022-10-03,710
103257,Sneha,Joshi,Female,36,Shivamogga,Premium,2022-09-10,737
103258,Nisha,Kumar,Female,63,Mangaluru,Mass Affluent,2022-10-13,774
103259,Priya,Joshi,Female,40,Mumbai,Mass,2024-04-03,767
103260,Sanjay,Verma,Female,34,Bengaluru,Mass,2023-08-22,748
103261,Aditi,Gupta,Male,36,Jaipur,Mass,2023-09-28,694
103262,Kavya,Verma,Female,61,Bengaluru,Premium,2023-12-01,850
103263,Nisha,Gupta,Male,26,Bengaluru,Mass,2024-12-17,760
103264,Aditi,Sharma,Female,66,Hubballi,Premium,2025-06-12,788
103265,Vivaan,Gupta,Female,31,Mumbai,Mass,2024-02-08,699
103266,Ananya,Mehta,Male,60,Bengaluru,Wealth,2024-07-26,748
103267,Aditya,Gupta,Male,46,Kolkata,Premium,2024-12-14,748
103268,Priya,Shetty,Male,47,Mangaluru,Mass,2024-10-04,601
103269,Aditya,Kumar,Female,30,Coimbatore,Mass,2022-07-16,685
103270,Priya,Rao,Female,54,Noida,Premium,2025-12-06,684
103271,Kiran,Iyer,Male,51,Mysuru,Mass,2022-08-29,693
103272,Aarav,Kumar,Male,43,Chennai,Mass,2023-08-25,660
103273,Aditya,Nair,Male,42,Mangaluru,Premium,2024-08-10,738
103274,Priya,Patel,Female,49,Visakhapatnam,Premium,2023-08-12,833
103275,Vivaan,Mehta,Male,43,Noida,Premium,2022-12-21,744
103276,Vikram,Verma,Male,66,Coimbatore,Premium,2025-09-10,652
103277,Nisha,Singh,Female,22,Hyderabad,Mass Affluent,2022-04-15,663
103278,Kavya,Rao,Male,32,Mangaluru,Premium,2022-12-25,709
103279,Arjun,Sharma,Female,60,Shivamogga,Mass,2025-12-20,636
103280,Nisha,Joshi,Female,58,Chennai,Premium,2024-12-01,756
103281,Aditi,Gupta,Male,37,Kochi,Mass Affluent,2022-05-07,830
103282,Neha,Sharma,Female,44,Chennai,Mass Affluent,2025-01-06,695
103283,Aarav,Verma,Male,22,Indore,Wealth,2025-11-16,740
103284,Priya,Desai,Male,29,Hyderabad,Mass Affluent,2022-05-23,705
103285,Nisha,Shetty,Other,65,Shivamogga,Mass Affluent,2023-08-28,691
103286,Aarav,Kumar,Female,51,Delhi,Mass Affluent,2023-11-15,748
103287,Vivaan,Rao,Female,22,Mangaluru,Mass,2022-07-11,689
103288,Neha,Joshi,Male,58,Ahmedabad,Mass,2022-10-20,678
103289,Priya,Rao,Male,39,Mangaluru,Wealth,2022-09-11,622
103290,Isha,Gupta,Male,47,Kolkata,Mass,2022-09-28,740
103291,Ananya,Patel,Female,61,Hyderabad,Mass Affluent,2023-08-13,810
103292,Rohan,Patel,Female,60,Hyderabad,Mass Affluent,2023-11-09,785
103293,Vivaan,Sharma,Female,27,Kolkata,Premium,2022-12-14,839
103294,Aarav,Patel,Other,38,Jaipur,Mass Affluent,2023-02-27,688
103295,Vivaan,Singh,Male,33,Indore,Mass,2022-10-08,795
103296,Meera,Sharma,Female,63,Pune,Mass,2025-03-08,658
103297,Nisha,Kulkarni,Male,57,Coimbatore,Mass Affluent,2022-11-06,785
103298,Ananya,Mehta,Male,51,Coimbatore,Mass,2025-08-18,850
103299,Vivaan,Reddy,Female,23,Visakhapatnam,Mass Affluent,2024-02-26,770
103300,Ananya,Singh,Female,58,Visakhapatnam,Mass,2025-03-17,850
103301,Akash,Rao,Male,47,Kochi,Mass,2024-07-18,693
103302,Rahul,Gupta,Male,33,Pune,Wealth,2023-01-24,726
103303,Isha,Shetty,Female,41,Ahmedabad,Premium,2024-05-27,671
103304,Priya,Kulkarni,Male,41,Kochi,Mass Affluent,2023-02-05,737
103305,Kiran,Gupta,Female,34,Pune,Mass,2022-06-23,754
103306,Ananya,Verma,Female,63,Coimbatore,Wealth,2023-01-07,737
103307,Isha,Nair,Male,64,Jaipur,Mass Affluent,2023-02-07,702
103308,Isha,Nair,Male,23,Delhi,Wealth,2022-07-17,701
103309,Kavya,Singh,Male,64,Bhopal,Mass,2022-02-04,759
103310,Sneha,Nair,Female,39,Mysuru,Mass,2025-10-09,724
103311,Vivaan,Mehta,Male,58,Ahmedabad,Mass Affluent,2024-01-20,654
103312,Aarav,Joshi,Female,57,Kochi,Premium,2023-08-10,602
103313,Ananya,Patel,Male,49,Bengaluru,Mass,2025-09-19,693
103314,Sanjay,Shetty,Female,55,Chennai,Mass,2022-11-25,638
103315,Aarav,Rao,Male,53,Gurugram,Mass Affluent,2023-08-12,677
103316,Vivaan,Kulkarni,Male,61,Shivamogga,Wealth,2025-05-21,705
103317,Meera,Shetty,Female,40,Bhopal,Premium,2024-07-11,725
103318,Isha,Rao,Female,55,Kolkata,Premium,2023-08-06,688
103319,Rahul,Kumar,Male,67,Pune,Mass Affluent,2023-01-09,850
103320,Rahul,Iyer,Male,65,Chennai,Premium,2022-02-21,647
103321,Meera,Iyer,Female,27,Mangaluru,Mass Affluent,2022-05-05,820
103322,Priya,Singh,Male,44,Mysuru,Mass,2022-08-25,724
103323,Aditi,Verma,Male,44,Jaipur,Mass Affluent,2025-02-22,689
103324,Rohan,Mehta,Male,50,Visakhapatnam,Mass Affluent,2024-07-22,776
103325,Priya,Singh,Male,51,Pune,Mass Affluent,2023-09-25,703
103326,Vikram,Reddy,Female,60,Shivamogga,Mass,2025-02-17,679
103327,Kiran,Desai,Female,46,Ahmedabad,Premium,2022-08-23,850
103328,Neha,Desai,Female,53,Gurugram,Premium,2022-11-04,581
103329,Arjun,Kulkarni,Female,63,Mangaluru,Mass,2023-07-28,718
103330,Aditi,Kumar,Male,25,Ahmedabad,Premium,2025-09-01,748
103331,Aarav,Verma,Female,51,Shivamogga,Mass,2024-06-15,834
103332,Rahul,Verma,Male,38,Mangaluru,Mass,2025-05-27,707
103333,Kavya,Rao,Male,63,Delhi,Mass,2022-12-29,850
103334,Aarav,Desai,Female,46,Jaipur,Mass Affluent,2025-05-23,788
103335,Akash,Kulkarni,Male,49,Gurugram,Mass,2022-04-16,569
103336,Ananya,Nair,Male,56,Kolkata,Mass Affluent,2022-11-29,633
103337,Neha,Patel,Male,32,Shivamogga,Premium,2024-02-03,752
103338,Priya,Reddy,Female,46,Delhi,Mass Affluent,2022-03-15,655
103339,Aditi,Mehta,Male,57,Jaipur,Premium,2025-06-07,773
103340,Isha,Desai,Female,57,Gurugram,Wealth,2025-06-20,703
103341,Vikram,Sharma,Female,31,Shivamogga,Mass,2024-03-01,651
103342,Akash,Joshi,Female,60,Visakhapatnam,Mass,2023-03-23,667
103343,Rahul,Kumar,Male,28,Mysuru,Mass,2022-05-25,795
103344,Kavya,Singh,Female,33,Indore,Mass Affluent,2024-06-22,593
103345,Kiran,Gupta,Male,61,Jaipur,Mass,2024-02-25,808
103346,Akash,Nair,Female,49,Mangaluru,Mass Affluent,2025-01-14,810
103347,Rohan,Nair,Female,46,Pune,Mass Affluent,2024-05-29,712
103348,Rohan,Iyer,Male,47,Hyderabad,Mass Affluent,2022-07-07,637
103349,Kavya,Gupta,Female,66,Visakhapatnam,Mass,2022-06-27,774
103350,Nisha,Verma,Female,31,Gurugram,Mass,2025-02-14,701
103351,Aditya,Sharma,Male,35,Pune,Mass,2022-08-21,629
103352,Sneha,Reddy,Male,44,Indore,Premium,2025-10-02,850
103353,Kiran,Joshi,Female,60,Mangaluru,Mass Affluent,2022-06-04,673
103354,Aditi,Iyer,Female,46,Coimbatore,Mass Affluent,2024-11-29,632
103355,Sneha,Kulkarni,Female,55,Coimbatore,Mass Affluent,2025-11-24,755
103356,Akash,Mehta,Male,59,Hyderabad,Mass Affluent,2023-10-07,730
103357,Sanjay,Gupta,Female,62,Bengaluru,Mass,2022-03-24,839
103358,Meera,Sharma,Female,42,Bhopal,Mass,2025-07-03,708
103359,Meera,Patel,Female,42,Visakhapatnam,Mass,2022-10-01,709
103360,Vikram,Iyer,Female,24,Hyderabad,Mass,2024-02-10,758
103361,Arjun,Shetty,Male,24,Hubballi,Mass,2025-12-08,749
103362,Kavya,Gupta,Female,43,Pune,Premium,2024-12-23,751
103363,Nisha,Reddy,Male,56,Mangaluru,Mass,2022-03-09,754
103364,Aditya,Mehta,Male,60,Kolkata,Mass,2025-04-12,747
103365,Vikram,Nair,Female,40,Gurugram,Mass,2022-08-24,706
103366,Meera,Shetty,Male,47,Hyderabad,Mass,2024-12-30,793
103367,Kiran,Sharma,Male,59,Ahmedabad,Mass,2024-06-25,710
103368,Isha,Desai,Male,35,Kolkata,Mass,2023-02-25,791
103369,Isha,Shetty,Female,28,Bengaluru,Mass,2023-09-11,832
103370,Sanjay,Kumar,Other,64,Chennai,Wealth,2022-06-22,688
103371,Akash,Singh,Male,46,Bhopal,Mass,2025-12-11,850
103372,Varun,Joshi,Male,28,Kochi,Mass,2022-12-14,685
103373,Meera,Sharma,Female,32,Bhopal,Mass Affluent,2023-03-27,686
103374,Aditya,Kulkarni,Male,36,Visakhapatnam,Mass,2024-01-05,773
103375,Sanjay,Desai,Other,30,Mysuru,Mass Affluent,2024-09-08,766
103376,Aditya,Mehta,Female,41,Pune,Mass,2024-01-08,740
103377,Arjun,Joshi,Male,59,Delhi,Premium,2024-01-08,792
103378,Vivaan,Shetty,Female,55,Gurugram,Premium,2024-04-30,753
103379,Sanjay,Iyer,Male,64,Kochi,Mass Affluent,2025-06-06,850
103380,Isha,Nair,Female,60,Jaipur,Mass,2023-07-31,731
103381,Rahul,Shetty,Male,35,Jaipur,Mass Affluent,2025-04-29,675
103382,Vivaan,Iyer,Female,23,Hubballi,Mass,2025-02-22,696
103383,Ananya,Rao,Female,28,Ahmedabad,Premium,2025-11-04,768
103384,Kavya,Sharma,Female,58,Kochi,Mass,2025-08-26,769
103385,Akash,Reddy,Female,36,Kochi,Mass Affluent,2025-03-11,749
103386,Sneha,Mehta,Male,54,Noida,Mass,2022-12-27,676
103387,Aditi,Mehta,Female,42,Mysuru,Mass Affluent,2025-02-04,813
103388,Varun,Desai,Female,63,Mangaluru,Mass,2024-12-11,850
103389,Sanjay,Joshi,Male,44,Jaipur,Mass,2023-02-27,737
103390,Rohan,Iyer,Male,63,Bhopal,Mass Affluent,2024-09-16,850
103391,Akash,Sharma,Male,32,Coimbatore,Mass Affluent,2023-01-05,796
103392,Priya,Singh,Male,57,Chennai,Mass,2024-02-03,850
103393,Sanjay,Verma,Female,45,Noida,Mass,2025-03-09,768
103394,Aditya,Joshi,Male,29,Hubballi,Premium,2022-10-03,745
103395,Vivaan,Nair,Female,31,Noida,Mass Affluent,2023-05-07,794
103396,Vikram,Patel,Other,35,Hubballi,Mass Affluent,2025-03-07,705
103397,Meera,Nair,Male,28,Kochi,Mass Affluent,2023-10-25,763
103398,Arjun,Verma,Female,65,Kochi,Mass Affluent,2025-11-03,828
103399,Vikram,Shetty,Male,30,Mysuru,Mass Affluent,2022-01-12,792
103400,Aditya,Shetty,Male,49,Indore,Mass,2024-11-19,733
103401,Meera,Mehta,Male,47,Kochi,Mass Affluent,2025-04-03,749
103402,Rahul,Kumar,Male,46,Hyderabad,Mass Affluent,2025-09-02,788
103403,Vivaan,Singh,Male,50,Delhi,Mass,2022-08-17,786
103404,Varun,Gupta,Male,64,Mysuru,Mass Affluent,2025-12-07,788
103405,Varun,Nair,Male,66,Indore,Mass,2023-07-27,759
103406,Aditya,Kulkarni,Male,62,Mangaluru,Mass,2023-05-29,677
103407,Vivaan,Sharma,Female,42,Indore,Premium,2023-06-04,688
103408,Aditi,Patel,Male,55,Ahmedabad,Premium,2024-07-20,767
103409,Aarav,Joshi,Female,29,Indore,Mass,2024-08-20,793
103410,Kavya,Iyer,Female,62,Hyderabad,Mass Affluent,2023-11-23,784
103411,Sanjay,Mehta,Female,30,Bhopal,Mass,2022-04-14,688
103412,Nisha,Nair,Female,26,Chennai,Mass Affluent,2025-12-11,724
103413,Rahul,Iyer,Female,59,Hyderabad,Mass Affluent,2022-11-21,653
103414,Arjun,Reddy,Female,56,Mumbai,Premium,2022-05-17,638
103415,Meera,Iyer,Female,27,Visakhapatnam,Mass,2024-05-22,741
103416,Vivaan,Nair,Other,66,Delhi,Mass,2023-08-26,830
103417,Priya,Shetty,Male,26,Delhi,Premium,2024-06-17,742
103418,Ananya,Gupta,Female,23,Kolkata,Mass,2025-07-02,850
103419,Kavya,Iyer,Female,65,Noida,Mass,2022-05-23,724
103420,Rahul,Reddy,Male,31,Gurugram,Mass,2023-02-19,737
103421,Nisha,Reddy,Female,32,Hyderabad,Mass Affluent,2024-01-25,666
103422,Meera,Reddy,Female,58,Hubballi,Mass,2025-02-24,711
103423,Rahul,Gupta,Female,49,Visakhapatnam,Mass Affluent,2024-05-26,652
103424,Neha,Desai,Male,45,Delhi,Mass,2023-07-13,627
103425,Vivaan,Mehta,Male,67,Visakhapatnam,Mass Affluent,2024-06-09,653
103426,Ananya,Singh,Male,25,Delhi,Premium,2025-12-01,741
103427,Rohan,Patel,Female,64,Noida,Mass,2023-12-02,683
103428,Aditya,Gupta,Female,33,Gurugram,Mass Affluent,2025-07-13,700
103429,Sneha,Sharma,Female,50,Visakhapatnam,Mass Affluent,2025-02-12,764
103430,Sneha,Gupta,Male,36,Mangaluru,Mass,2023-03-16,627
103431,Vivaan,Joshi,Male,34,Gurugram,Premium,2022-12-31,741
103432,Arjun,Desai,Female,36,Hubballi,Premium,2025-01-29,794
103433,Vivaan,Gupta,Female,47,Bhopal,Premium,2022-10-30,800
103434,Meera,Rao,Female,62,Gurugram,Wealth,2023-05-07,771
103435,Kiran,Iyer,Male,26,Indore,Mass Affluent,2022-12-10,731
103436,Vivaan,Desai,Male,52,Pune,Mass Affluent,2024-06-04,691
103437,Arjun,Nair,Female,61,Hubballi,Mass,2023-03-06,729
103438,Akash,Gupta,Female,55,Kolkata,Wealth,2024-08-19,850
103439,Rohan,Joshi,Male,67,Mangaluru,Mass Affluent,2025-09-26,754
103440,Meera,Iyer,Female,21,Hyderabad,Mass,2025-04-26,728
103441,Isha,Desai,Female,38,Mumbai,Premium,2025-10-16,774
103442,Arjun,Joshi,Female,41,Shivamogga,Mass Affluent,2022-02-05,738
103443,Kiran,Sharma,Male,46,Mangaluru,Wealth,2023-10-27,751
103444,Aarav,Joshi,Male,35,Ahmedabad,Premium,2022-11-18,718
103445,Kavya,Joshi,Female,32,Kochi,Premium,2025-09-02,706
103446,Kiran,Iyer,Female,61,Hyderabad,Mass Affluent,2024-11-05,805
103447,Isha,Patel,Other,31,Pune,Mass Affluent,2023-04-13,598
103448,Arjun,Patel,Female,65,Hubballi,Mass Affluent,2024-04-02,769
103449,Varun,Singh,Male,22,Ahmedabad,Mass,2024-06-02,702
103450,Rahul,Iyer,Male,40,Coimbatore,Mass,2023-12-25,602
103451,Sneha,Sharma,Male,49,Gurugram,Wealth,2023-11-24,667
103452,Vikram,Joshi,Female,66,Chennai,Premium,2022-03-22,732
103453,Kavya,Singh,Male,56,Kolkata,Wealth,2023-10-23,742
103454,Aditi,Sharma,Female,21,Indore,Mass,2023-05-24,787
103455,Vikram,Kumar,Female,56,Visakhapatnam,Mass,2025-04-09,792
103456,Arjun,Singh,Other,36,Hubballi,Premium,2025-06-17,627
103457,Akash,Reddy,Female,61,Delhi,Mass,2024-12-31,761
103458,Sneha,Rao,Female,57,Bhopal,Mass,2022-02-15,786
103459,Ananya,Patel,Female,30,Kolkata,Mass,2025-05-13,750
103460,Rohan,Shetty,Other,37,Coimbatore,Premium,2023-08-02,770
103461,Kavya,Gupta,Male,59,Visakhapatnam,Mass Affluent,2023-08-31,600
103462,Akash,Desai,Male,64,Mangaluru,Mass,2025-10-11,666
103463,Meera,Shetty,Other,49,Kolkata,Mass Affluent,2025-06-20,831
103464,Aarav,Shetty,Female,31,Gurugram,Mass,2022-03-16,715
103465,Isha,Rao,Female,39,Pune,Mass Affluent,2023-06-10,850
103466,Kavya,Desai,Male,58,Ahmedabad,Mass Affluent,2024-12-30,646
103467,Neha,Kumar,Female,49,Mangaluru,Mass Affluent,2024-02-26,844
103468,Nisha,Rao,Female,30,Delhi,Mass,2023-01-12,692
103469,Kavya,Iyer,Female,34,Chennai,Mass,2024-02-06,795
103470,Vivaan,Patel,Male,30,Hyderabad,Mass,2025-06-19,714
103471,Sneha,Gupta,Female,43,Kolkata,Wealth,2022-11-23,743
103472,Arjun,Kulkarni,Female,41,Indore,Mass,2024-12-25,777
103473,Isha,Reddy,Female,46,Indore,Mass Affluent,2024-12-08,692
103474,Neha,Sharma,Male,65,Jaipur,Mass,2025-07-17,791
103475,Varun,Mehta,Female,51,Mumbai,Wealth,2023-03-11,716
103476,Vikram,Shetty,Male,48,Visakhapatnam,Premium,2022-11-12,747
103477,Isha,Kumar,Male,38,Visakhapatnam,Mass,2024-03-10,550
103478,Priya,Rao,Male,50,Coimbatore,Mass Affluent,2024-02-15,711
103479,Aditi,Joshi,Female,65,Bhopal,Mass Affluent,2023-08-21,823
103480,Meera,Singh,Female,21,Coimbatore,Premium,2025-02-11,784
103481,Aditi,Singh,Male,37,Kochi,Wealth,2025-03-12,797
103482,Nisha,Shetty,Male,23,Jaipur,Mass Affluent,2022-12-25,739
103483,Akash,Reddy,Male,30,Kolkata,Premium,2025-03-07,850
103484,Varun,Joshi,Male,24,Kolkata,Mass Affluent,2022-12-03,755
103485,Aditya,Singh,Female,48,Hyderabad,Mass,2023-08-19,689
103486,Isha,Sharma,Male,59,Bhopal,Mass Affluent,2022-02-09,795
103487,Isha,Rao,Male,65,Kolkata,Mass Affluent,2023-05-12,800
103488,Priya,Sharma,Other,32,Kolkata,Mass,2025-10-31,779
103489,Priya,Kulkarni,Male,53,Jaipur,Mass Affluent,2023-10-09,707
103490,Kavya,Patel,Female,36,Mysuru,Mass,2024-11-02,755
103491,Ananya,Joshi,Female,35,Indore,Mass,2022-06-07,833
103492,Rohan,Patel,Female,49,Noida,Premium,2024-07-16,768
103493,Isha,Joshi,Female,52,Indore,Mass,2023-06-27,632
103494,Vikram,Gupta,Male,48,Mangaluru,Premium,2024-12-22,691
103495,Kiran,Patel,Female,25,Shivamogga,Mass,2025-09-16,688
103496,Aarav,Nair,Female,40,Indore,Mass Affluent,2024-02-16,682
103497,Akash,Rao,Male,34,Ahmedabad,Premium,2022-05-31,587
103498,Arjun,Iyer,Female,21,Kolkata,Premium,2023-11-27,850
103499,Aditi,Patel,Female,22,Chennai,Premium,2022-06-29,674
103500,Varun,Verma,Female,42,Noida,Mass,2023-10-19,679
103501,Rohan,Reddy,Female,25,Gurugram,Mass,2022-03-31,599
103502,Kiran,Sharma,Male,55,Hubballi,Mass Affluent,2024-07-24,796
103503,Rohan,Iyer,Female,23,Noida,Premium,2023-03-30,729
103504,Aditya,Singh,Other,32,Gurugram,Premium,2022-10-22,710
103505,Arjun,Sharma,Female,67,Mumbai,Mass Affluent,2022-01-26,714
103506,Arjun,Rao,Male,54,Mumbai,Mass,2025-07-20,776
103507,Isha,Shetty,Female,47,Kochi,Mass,2025-05-07,701
103508,Priya,Mehta,Female,21,Ahmedabad,Wealth,2025-03-31,596
103509,Aarav,Nair,Male,23,Delhi,Mass Affluent,2022-03-26,645
103510,Varun,Iyer,Female,63,Kolkata,Mass Affluent,2023-05-26,641
103511,Meera,Desai,Female,58,Shivamogga,Mass Affluent,2025-11-19,754
103512,Vivaan,Patel,Female,65,Delhi,Premium,2024-04-24,800
103513,Varun,Joshi,Female,58,Noida,Premium,2022-07-07,838
103514,Aarav,Rao,Male,21,Pune,Mass,2022-07-25,621
103515,Sneha,Singh,Other,58,Hubballi,Premium,2023-01-20,778
103516,Isha,Mehta,Female,42,Gurugram,Mass,2025-11-20,692
103517,Priya,Singh,Female,53,Indore,Mass,2022-09-05,850
103518,Akash,Iyer,Male,40,Delhi,Premium,2025-08-11,832
103519,Sanjay,Mehta,Male,54,Indore,Mass,2024-09-16,850
103520,Rohan,Kumar,Female,60,Bhopal,Mass,2025-09-07,791
103521,Sneha,Kulkarni,Male,66,Jaipur,Mass Affluent,2025-04-20,762
103522,Akash,Sharma,Female,46,Bhopal,Wealth,2023-04-30,707
103523,Kavya,Kumar,Other,34,Chennai,Mass,2025-04-23,693
103524,Vikram,Shetty,Female,49,Kochi,Mass Affluent,2022-09-04,679
103525,Ananya,Shetty,Male,44,Mangaluru,Mass Affluent,2023-03-01,778
103526,Rohan,Mehta,Female,30,Mumbai,Mass,2022-11-06,844
103527,Priya,Kulkarni,Male,55,Noida,Mass Affluent,2022-07-14,710
103528,Varun,Verma,Female,24,Bengaluru,Mass Affluent,2022-05-12,684
103529,Sanjay,Gupta,Female,39,Kochi,Premium,2022-10-01,631
103530,Meera,Singh,Female,53,Indore,Mass Affluent,2022-06-25,752
103531,Kavya,Desai,Male,64,Mangaluru,Wealth,2023-07-10,821
103532,Priya,Gupta,Male,50,Visakhapatnam,Premium,2022-04-15,825
103533,Kiran,Sharma,Other,67,Mysuru,Mass,2022-03-31,831
103534,Ananya,Desai,Female,60,Mangaluru,Premium,2025-12-16,764
103535,Isha,Joshi,Female,32,Kochi,Mass Affluent,2022-05-09,741
103536,Varun,Nair,Female,60,Ahmedabad,Mass,2022-04-19,825
103537,Sneha,Nair,Female,36,Indore,Mass Affluent,2022-02-13,657
103538,Nisha,Desai,Male,50,Chennai,Mass Affluent,2022-07-13,704
103539,Aarav,Singh,Female,30,Noida,Mass,2024-02-10,850
103540,Nisha,Joshi,Female,46,Mangaluru,Mass,2025-04-22,660
103541,Priya,Sharma,Other,52,Ahmedabad,Mass Affluent,2024-12-08,733
103542,Akash,Joshi,Male,63,Visakhapatnam,Mass,2024-04-27,779
103543,Isha,Patel,Female,65,Noida,Premium,2022-05-05,741
103544,Isha,Shetty,Male,58,Indore,Mass,2025-02-04,815
103545,Aditya,Mehta,Female,47,Hyderabad,Premium,2022-02-24,842
103546,Varun,Iyer,Female,62,Visakhapatnam,Premium,2024-07-10,769
103547,Kavya,Mehta,Female,25,Gurugram,Mass,2023-08-21,832
103548,Vikram,Kulkarni,Male,67,Mangaluru,Mass Affluent,2025-07-11,670
103549,Vivaan,Sharma,Male,30,Hyderabad,Mass,2023-03-25,724
103550,Rahul,Nair,Male,39,Delhi,Mass,2024-07-21,850
103551,Vikram,Nair,Male,63,Mysuru,Mass Affluent,2023-10-05,850
103552,Aarav,Joshi,Male,54,Bhopal,Mass,2024-02-02,646
103553,Priya,Desai,Female,60,Shivamogga,Premium,2025-10-02,734
103554,Ananya,Joshi,Male,53,Ahmedabad,Mass Affluent,2024-11-06,745
103555,Sanjay,Sharma,Male,49,Indore,Mass,2023-08-29,764
103556,Vikram,Shetty,Female,29,Chennai,Mass,2023-10-16,824
103557,Vikram,Kumar,Male,67,Kolkata,Premium,2024-10-25,850
103558,Rohan,Joshi,Male,50,Gurugram,Mass,2023-05-21,738
103559,Sneha,Nair,Female,52,Kochi,Mass Affluent,2022-09-03,814
103560,Kavya,Verma,Male,41,Bengaluru,Mass,2023-11-14,780
103561,Akash,Singh,Male,65,Hyderabad,Premium,2022-04-10,734
103562,Aarav,Joshi,Female,42,Kolkata,Mass,2022-09-05,616
103563,Akash,Patel,Male,29,Mysuru,Mass Affluent,2023-09-07,806
103564,Neha,Joshi,Male,29,Bhopal,Mass Affluent,2025-03-08,777
103565,Aditya,Shetty,Male,53,Kolkata,Mass,2025-02-14,762
103566,Aditi,Gupta,Male,56,Bengaluru,Mass Affluent,2023-01-16,666
103567,Nisha,Singh,Female,30,Bengaluru,Mass,2023-09-09,850
103568,Aditya,Sharma,Male,53,Hubballi,Mass,2022-08-13,746
103569,Aarav,Shetty,Male,67,Ahmedabad,Mass,2025-01-07,655
103570,Vikram,Gupta,Male,46,Gurugram,Mass Affluent,2022-12-26,644
103571,Sanjay,Patel,Other,66,Delhi,Premium,2025-03-13,782
103572,Arjun,Nair,Male,28,Noida,Mass,2025-05-14,785
103573,Sanjay,Patel,Female,39,Delhi,Premium,2024-10-03,703
103574,Sanjay,Iyer,Male,47,Mumbai,Premium,2023-04-28,767
103575,Akash,Gupta,Female,37,Bengaluru,Mass,2025-10-23,782
103576,Rahul,Verma,Male,25,Bengaluru,Mass,2024-09-28,745
103577,Sneha,Verma,Male,42,Ahmedabad,Mass,2024-07-31,686
103578,Akash,Rao,Female,36,Jaipur,Mass,2025-06-04,802
103579,Sanjay,Kumar,Male,30,Shivamogga,Mass Affluent,2025-07-10,794
103580,Aditi,Desai,Female,38,Shivamogga,Mass Affluent,2022-04-24,775
103581,Arjun,Joshi,Female,40,Chennai,Mass,2025-07-11,677
103582,Vivaan,Joshi,Female,62,Kolkata,Mass Affluent,2025-01-21,642
103583,Rohan,Rao,Male,44,Noida,Mass,2022-10-29,740
103584,Vivaan,Singh,Female,40,Noida,Premium,2023-03-26,800
103585,Arjun,Patel,Male,39,Bengaluru,Mass Affluent,2025-01-03,808
103586,Vivaan,Verma,Other,49,Chennai,Mass,2022-11-13,776
103587,Nisha,Gupta,Female,33,Kochi,Mass Affluent,2023-10-23,703
103588,Sneha,Shetty,Female,62,Noida,Mass,2024-10-02,679
103589,Priya,Reddy,Female,40,Coimbatore,Wealth,2024-08-07,734
103590,Varun,Gupta,Female,41,Ahmedabad,Mass,2025-08-21,734
103591,Ananya,Reddy,Female,24,Bhopal,Premium,2022-06-12,813
103592,Ananya,Shetty,Male,62,Noida,Wealth,2023-03-07,701
103593,Rahul,Nair,Female,43,Noida,Mass Affluent,2025-12-08,707
103594,Ananya,Rao,Male,27,Noida,Mass Affluent,2024-04-10,850
103595,Arjun,Kulkarni,Male,29,Pune,Mass Affluent,2022-12-30,844
103596,Sneha,Reddy,Female,38,Chennai,Mass,2023-02-28,673
103597,Akash,Patel,Male,57,Hubballi,Wealth,2023-05-11,838
103598,Priya,Shetty,Female,25,Chennai,Mass,2024-03-20,656
103599,Rohan,Kulkarni,Male,26,Mangaluru,Premium,2023-02-20,705
103600,Meera,Reddy,Male,47,Delhi,Mass Affluent,2024-06-26,713
103601,Varun,Nair,Female,44,Visakhapatnam,Mass,2023-10-13,730
103602,Isha,Iyer,Male,65,Delhi,Mass,2024-06-10,778
103603,Rohan,Singh,Female,56,Jaipur,Mass,2022-08-15,742
103604,Kavya,Gupta,Female,51,Chennai,Mass,2024-06-29,778
103605,Arjun,Singh,Female,36,Indore,Mass Affluent,2025-09-12,707
103606,Akash,Nair,Male,50,Shivamogga,Mass,2022-07-17,761
103607,Kiran,Desai,Female,48,Coimbatore,Wealth,2023-04-24,741
103608,Neha,Joshi,Male,34,Jaipur,Mass,2024-10-09,638
103609,Kavya,Sharma,Male,38,Bhopal,Mass Affluent,2024-06-20,769
103610,Aarav,Mehta,Male,64,Mangaluru,Mass,2024-09-12,742
103611,Rahul,Singh,Male,46,Bhopal,Mass,2024-03-27,685
103612,Aditya,Rao,Female,43,Indore,Mass Affluent,2024-09-23,705
103613,Neha,Rao,Male,58,Pune,Mass,2024-06-08,707
103614,Sneha,Nair,Male,33,Kolkata,Mass Affluent,2022-04-19,718
103615,Arjun,Patel,Female,31,Noida,Mass Affluent,2025-01-01,850
103616,Kiran,Kulkarni,Female,67,Bengaluru,Mass,2023-10-15,850
103617,Nisha,Verma,Male,58,Gurugram,Mass Affluent,2022-03-17,544
103618,Sanjay,Iyer,Male,40,Ahmedabad,Mass,2023-08-21,769
103619,Aarav,Desai,Male,65,Shivamogga,Mass,2023-09-28,802
103620,Aditi,Rao,Female,38,Hyderabad,Premium,2022-05-07,720
103621,Aarav,Rao,Female,52,Noida,Mass,2025-12-25,800
103622,Priya,Reddy,Female,22,Indore,Mass,2022-11-21,850
103623,Vikram,Gupta,Female,53,Mysuru,Mass Affluent,2023-04-28,639
103624,Nisha,Singh,Male,29,Indore,Mass Affluent,2023-10-06,744
103625,Rahul,Patel,Female,32,Coimbatore,Wealth,2025-04-30,850
103626,Rohan,Joshi,Male,59,Coimbatore,Premium,2024-12-20,648
103627,Nisha,Patel,Male,30,Bengaluru,Mass Affluent,2025-01-30,727
103628,Varun,Patel,Male,43,Noida,Mass Affluent,2022-12-13,704
103629,Rohan,Verma,Male,64,Hyderabad,Mass,2025-05-19,809
103630,Aarav,Nair,Female,65,Indore,Mass,2025-04-26,818
103631,Ananya,Joshi,Male,41,Jaipur,Premium,2023-11-09,746
103632,Aditi,Reddy,Male,24,Kolkata,Mass,2024-03-07,737
103633,Ananya,Rao,Male,34,Bengaluru,Mass,2022-02-24,615
103634,Sanjay,Gupta,Other,49,Bhopal,Mass Affluent,2025-01-15,835
103635,Varun,Shetty,Female,36,Delhi,Mass Affluent,2025-11-03,710
103636,Nisha,Reddy,Female,54,Hubballi,Mass Affluent,2023-11-21,725
103637,Aarav,Patel,Female,67,Bhopal,Mass,2024-02-29,803
103638,Vikram,Patel,Female,50,Indore,Premium,2023-12-30,749
103639,Nisha,Sharma,Male,50,Delhi,Mass,2022-05-01,805
103640,Neha,Kulkarni,Male,45,Ahmedabad,Wealth,2024-06-23,777
103641,Sneha,Joshi,Male,29,Kolkata,Mass,2024-11-19,749
103642,Varun,Gupta,Male,48,Mumbai,Wealth,2025-09-16,757
103643,Sanjay,Kulkarni,Female,64,Jaipur,Premium,2025-09-19,656
103644,Sneha,Kulkarni,Male,53,Visakhapatnam,Mass,2023-12-20,725
103645,Aarav,Singh,Male,56,Indore,Premium,2025-11-01,811
103646,Aditi,Nair,Female,61,Ahmedabad,Mass,2024-02-11,672
103647,Meera,Iyer,Male,39,Hyderabad,Mass,2024-07-26,685
103648,Vivaan,Sharma,Male,36,Indore,Mass,2024-05-28,673
103649,Varun,Rao,Male,66,Indore,Mass Affluent,2025-12-29,746
103650,Rahul,Shetty,Female,42,Bengaluru,Mass,2024-12-12,833
103651,Vikram,Joshi,Male,55,Mumbai,Mass Affluent,2022-06-25,773
103652,Sneha,Shetty,Male,50,Noida,Wealth,2022-04-15,583
103653,Kiran,Rao,Male,26,Noida,Premium,2023-08-22,780
103654,Vivaan,Sharma,Female,35,Jaipur,Mass,2024-01-23,704
103655,Aarav,Gupta,Male,36,Gurugram,Mass Affluent,2024-09-03,771
103656,Kavya,Desai,Male,29,Bengaluru,Mass,2023-12-05,725
103657,Neha,Verma,Female,57,Hubballi,Mass,2024-01-22,675
103658,Varun,Gupta,Female,66,Kochi,Premium,2025-09-07,730
103659,Rahul,Patel,Male,66,Ahmedabad,Wealth,2023-05-04,704
103660,Sanjay,Rao,Male,30,Ahmedabad,Mass,2023-12-22,757
103661,Sanjay,Rao,Male,42,Chennai,Mass,2024-03-24,673
103662,Aditya,Nair,Female,31,Pune,Mass,2023-11-15,656
103663,Aditi,Shetty,Male,23,Mumbai,Mass,2025-11-14,786
103664,Sanjay,Gupta,Female,50,Ahmedabad,Mass,2025-11-05,813
103665,Kiran,Patel,Female,61,Gurugram,Mass,2024-01-20,776
103666,Vivaan,Kumar,Female,24,Mangaluru,Mass,2023-10-20,690
103667,Vikram,Rao,Male,51,Hyderabad,Mass,2024-05-09,683
103668,Isha,Kulkarni,Female,22,Coimbatore,Premium,2022-09-22,687
103669,Aarav,Singh,Female,60,Noida,Mass Affluent,2023-09-14,797
103670,Varun,Iyer,Female,24,Bhopal,Mass Affluent,2022-11-13,677
103671,Meera,Mehta,Male,41,Gurugram,Mass,2022-07-30,797
103672,Vivaan,Reddy,Female,26,Delhi,Premium,2022-05-19,780
103673,Rohan,Kumar,Female,40,Indore,Mass,2024-05-07,822
103674,Aarav,Sharma,Female,41,Gurugram,Premium,2022-01-01,809
103675,Akash,Kumar,Female,46,Mangaluru,Mass,2024-08-01,773
103676,Aarav,Gupta,Female,59,Chennai,Premium,2023-09-23,632
103677,Nisha,Joshi,Male,67,Kolkata,Mass,2023-06-20,778
103678,Priya,Kulkarni,Female,37,Mumbai,Premium,2025-01-28,743
103679,Sneha,Mehta,Female,64,Chennai,Mass,2024-02-26,709
103680,Varun,Mehta,Female,41,Bhopal,Premium,2024-12-06,830
103681,Vikram,Verma,Male,26,Chennai,Mass Affluent,2024-11-01,724
103682,Aditya,Verma,Male,49,Mumbai,Mass,2022-02-16,698
103683,Aarav,Nair,Female,54,Mangaluru,Premium,2022-11-11,814
103684,Aditya,Kulkarni,Female,35,Chennai,Mass,2024-04-12,707
103685,Meera,Patel,Male,48,Kochi,Mass Affluent,2025-11-25,694
103686,Sneha,Verma,Male,41,Pune,Mass,2022-08-14,656
103687,Vivaan,Reddy,Female,27,Delhi,Mass Affluent,2022-06-04,678
103688,Rahul,Joshi,Female,39,Ahmedabad,Premium,2025-10-05,684
103689,Priya,Kumar,Male,41,Indore,Mass Affluent,2025-11-12,778
103690,Kavya,Gupta,Male,37,Coimbatore,Mass Affluent,2022-09-02,664
103691,Kiran,Rao,Male,64,Pune,Premium,2023-08-10,605
103692,Sanjay,Patel,Male,39,Hubballi,Mass Affluent,2024-07-03,756
103693,Akash,Gupta,Female,50,Ahmedabad,Mass,2022-10-13,691
103694,Nisha,Kumar,Female,21,Pune,Mass Affluent,2023-04-22,734
103695,Isha,Patel,Female,35,Hyderabad,Mass,2023-08-01,825
103696,Vikram,Iyer,Female,62,Mangaluru,Mass,2024-07-25,740
103697,Kavya,Shetty,Male,62,Kochi,Mass,2023-03-26,841
103698,Priya,Kumar,Male,66,Hubballi,Premium,2023-08-25,730
103699,Ananya,Joshi,Male,23,Hyderabad,Mass Affluent,2023-02-27,805
103700,Varun,Kulkarni,Male,61,Chennai,Mass Affluent,2025-01-14,697
103701,Sneha,Joshi,Female,33,Bengaluru,Mass,2022-08-12,743
103702,Arjun,Kulkarni,Male,21,Kochi,Mass,2022-12-03,670
103703,Akash,Desai,Female,25,Kolkata,Premium,2022-12-31,678
103704,Vivaan,Joshi,Male,56,Gurugram,Mass Affluent,2025-08-15,719
103705,Meera,Shetty,Male,48,Hubballi,Premium,2025-10-10,642
103706,Meera,Verma,Male,47,Mysuru,Mass Affluent,2024-01-01,746
103707,Sneha,Iyer,Female,62,Mysuru,Mass,2022-08-17,714
103708,Vivaan,Iyer,Female,25,Kolkata,Mass Affluent,2025-01-08,751
103709,Isha,Singh,Female,24,Jaipur,Mass Affluent,2023-12-20,643
103710,Vikram,Reddy,Male,64,Kochi,Mass,2025-05-25,784
103711,Rahul,Sharma,Female,49,Coimbatore,Mass Affluent,2023-06-10,850
103712,Meera,Joshi,Female,57,Hyderabad,Mass,2025-12-29,839
103713,Vikram,Rao,Male,45,Bengaluru,Mass,2025-03-24,850
103714,Akash,Kumar,Male,27,Shivamogga,Mass,2022-11-23,738
103715,Priya,Reddy,Male,45,Kochi,Mass Affluent,2024-11-25,710
103716,Kiran,Singh,Male,66,Kochi,Mass Affluent,2023-02-23,769
103717,Meera,Shetty,Female,26,Gurugram,Mass,2023-05-26,718
103718,Isha,Kumar,Male,26,Bengaluru,Premium,2023-01-01,613
103719,Aditi,Kumar,Female,37,Kochi,Premium,2024-09-23,792
103720,Kavya,Patel,Female,42,Coimbatore,Mass,2023-01-19,719
103721,Kavya,Singh,Male,50,Shivamogga,Mass,2024-07-21,632
103722,Rahul,Kumar,Female,28,Coimbatore,Mass,2024-04-30,699
103723,Nisha,Desai,Male,64,Kolkata,Mass,2025-01-01,720
103724,Priya,Mehta,Female,28,Bhopal,Wealth,2025-12-21,736
103725,Sanjay,Joshi,Male,30,Kolkata,Premium,2022-01-13,737
103726,Meera,Patel,Male,66,Mysuru,Mass,2025-12-16,831
103727,Vikram,Patel,Male,38,Kolkata,Mass Affluent,2022-06-09,645
103728,Akash,Singh,Female,47,Mangaluru,Mass,2024-02-09,724
103729,Akash,Iyer,Female,41,Pune,Mass,2023-05-13,673
103730,Kavya,Nair,Female,33,Bhopal,Mass,2024-07-21,823
103731,Sneha,Singh,Male,44,Visakhapatnam,Mass,2024-11-19,696
103732,Aditya,Joshi,Other,57,Delhi,Mass,2025-06-09,711
103733,Neha,Singh,Male,21,Pune,Mass,2023-08-10,808
103734,Isha,Nair,Female,62,Hyderabad,Mass,2025-09-24,828
103735,Nisha,Verma,Female,29,Shivamogga,Mass Affluent,2023-04-16,838
103736,Sneha,Sharma,Female,64,Noida,Mass Affluent,2022-10-25,620
103737,Ananya,Nair,Male,66,Chennai,Mass,2023-07-08,769
103738,Aditya,Gupta,Female,64,Mysuru,Mass Affluent,2024-02-11,754
103739,Kavya,Verma,Female,51,Kolkata,Mass,2024-09-02,731
103740,Ananya,Shetty,Male,63,Kolkata,Wealth,2025-04-30,740
103741,Aarav,Nair,Female,61,Ahmedabad,Mass,2022-11-25,825
103742,Rohan,Verma,Male,51,Indore,Mass Affluent,2023-03-19,808
103743,Vikram,Joshi,Female,62,Jaipur,Mass,2025-10-02,798
103744,Aditya,Shetty,Female,37,Ahmedabad,Mass,2023-10-05,749
103745,Ananya,Singh,Female,60,Shivamogga,Mass Affluent,2022-12-19,850
103746,Priya,Iyer,Male,64,Delhi,Mass Affluent,2025-12-10,707
103747,Vivaan,Patel,Male,50,Chennai,Wealth,2023-10-18,622
103748,Arjun,Joshi,Female,26,Visakhapatnam,Mass Affluent,2025-12-09,716
103749,Sanjay,Reddy,Male,31,Delhi,Mass,2025-09-04,739
103750,Sneha,Kumar,Female,28,Ahmedabad,Premium,2025-08-15,826
103751,Rahul,Iyer,Male,46,Gurugram,Mass,2024-04-29,699
103752,Arjun,Nair,Female,41,Mysuru,Mass Affluent,2025-03-11,769
103753,Ananya,Kulkarni,Male,59,Indore,Premium,2025-11-03,632
103754,Kavya,Sharma,Male,34,Ahmedabad,Mass,2023-01-28,811
103755,Kavya,Mehta,Male,28,Shivamogga,Mass Affluent,2022-02-25,740
103756,Arjun,Singh,Male,49,Mysuru,Mass,2023-04-14,715
103757,Kavya,Verma,Male,27,Indore,Mass,2024-07-18,850
103758,Vikram,Verma,Male,63,Mumbai,Wealth,2024-03-10,810
103759,Rahul,Kulkarni,Female,24,Bengaluru,Mass,2022-04-28,662
103760,Aarav,Patel,Male,44,Kolkata,Mass,2024-03-29,727
103761,Akash,Kulkarni,Female,65,Bengaluru,Mass Affluent,2022-09-12,850
103762,Priya,Sharma,Female,47,Shivamogga,Mass,2024-01-09,850
103763,Nisha,Mehta,Female,58,Bhopal,Mass,2024-04-20,800
103764,Kiran,Gupta,Male,40,Bengaluru,Mass,2024-07-18,606
103765,Rohan,Nair,Male,56,Kochi,Mass Affluent,2023-08-26,828
103766,Rahul,Joshi,Male,54,Kolkata,Mass,2023-08-20,691
103767,Rahul,Patel,Female,45,Mumbai,Premium,2024-09-17,828
103768,Isha,Desai,Female,25,Pune,Mass,2024-12-29,684
103769,Aditya,Verma,Male,66,Delhi,Wealth,2025-03-25,769
103770,Varun,Kulkarni,Male,23,Gurugram,Mass,2023-05-02,690
103771,Priya,Verma,Male,37,Bhopal,Mass,2023-09-12,710
103772,Sanjay,Kulkarni,Male,51,Pune,Wealth,2023-04-28,779
103773,Priya,Mehta,Female,57,Noida,Premium,2024-02-10,643
103774,Kiran,Iyer,Male,46,Ahmedabad,Mass,2022-07-05,850
103775,Priya,Verma,Male,39,Bengaluru,Mass,2023-09-20,663
103776,Arjun,Kumar,Male,40,Bhopal,Premium,2022-10-03,659
103777,Varun,Rao,Male,66,Visakhapatnam,Mass,2024-02-17,779
103778,Kavya,Gupta,Male,36,Mysuru,Mass,2025-05-26,825
103779,Aditya,Iyer,Male,61,Pune,Mass Affluent,2025-12-09,712
103780,Sneha,Gupta,Male,23,Kochi,Premium,2023-10-14,660
103781,Priya,Singh,Male,51,Coimbatore,Mass Affluent,2022-03-24,670
103782,Rahul,Gupta,Female,52,Hubballi,Mass Affluent,2022-11-29,663
103783,Aditya,Nair,Female,52,Indore,Wealth,2022-06-03,757
103784,Nisha,Singh,Male,40,Mumbai,Mass,2025-01-13,730
103785,Rohan,Kulkarni,Female,53,Pune,Premium,2025-12-08,765
103786,Priya,Sharma,Male,41,Hyderabad,Mass,2024-03-19,761
103787,Rahul,Rao,Other,48,Ahmedabad,Mass Affluent,2022-09-16,793
103788,Meera,Kumar,Female,62,Shivamogga,Mass Affluent,2022-01-31,706
103789,Aarav,Kumar,Male,52,Gurugram,Mass,2025-11-26,683
103790,Neha,Reddy,Male,55,Mysuru,Mass Affluent,2023-04-07,746
103791,Priya,Patel,Female,66,Mangaluru,Premium,2022-06-13,731
103792,Ananya,Patel,Male,31,Kochi,Mass Affluent,2022-09-16,753
103793,Aditi,Desai,Male,48,Hyderabad,Mass,2023-01-08,685
103794,Arjun,Mehta,Female,51,Kochi,Mass,2024-08-15,780
103795,Ananya,Shetty,Female,53,Jaipur,Mass Affluent,2025-07-26,653
103796,Nisha,Sharma,Female,27,Visakhapatnam,Mass Affluent,2023-02-06,704
103797,Kiran,Desai,Female,56,Mangaluru,Mass,2024-09-30,814
103798,Arjun,Gupta,Female,30,Indore,Mass,2022-04-05,656
103799,Varun,Nair,Female,40,Bhopal,Mass Affluent,2022-01-15,809
103800,Nisha,Kulkarni,Female,54,Chennai,Mass,2022-03-22,636
103801,Meera,Iyer,Female,33,Mangaluru,Mass,2025-09-09,624
103802,Nisha,Joshi,Other,26,Mangaluru,Mass,2024-04-29,630
103803,Nisha,Rao,Female,52,Gurugram,Mass Affluent,2025-03-21,743
103804,Kavya,Nair,Female,34,Bengaluru,Wealth,2022-02-01,786
103805,Priya,Verma,Female,59,Mysuru,Mass Affluent,2022-02-02,825
103806,Aarav,Verma,Female,63,Gurugram,Mass,2025-05-24,820
103807,Sneha,Desai,Male,37,Noida,Premium,2022-05-30,795
103808,Rohan,Singh,Female,55,Bhopal,Mass,2022-08-15,677
103809,Nisha,Patel,Male,31,Visakhapatnam,Wealth,2024-01-28,676
103810,Isha,Nair,Male,64,Pune,Mass,2024-06-04,790
103811,Sanjay,Gupta,Male,32,Mumbai,Premium,2022-12-01,834
103812,Sneha,Desai,Female,62,Hubballi,Premium,2023-10-12,663
103813,Sneha,Singh,Female,57,Shivamogga,Premium,2024-09-12,826
103814,Sanjay,Rao,Male,35,Chennai,Mass,2023-10-09,601
103815,Isha,Desai,Male,59,Visakhapatnam,Premium,2023-07-13,762
103816,Neha,Desai,Male,50,Bhopal,Mass Affluent,2022-04-15,728
103817,Neha,Desai,Male,52,Indore,Mass,2023-10-22,721
103818,Vikram,Kulkarni,Male,38,Delhi,Mass Affluent,2025-03-18,737
103819,Nisha,Gupta,Female,32,Ahmedabad,Mass Affluent,2024-07-04,675
103820,Arjun,Joshi,Male,53,Jaipur,Wealth,2025-07-27,766
103821,Isha,Iyer,Male,23,Shivamogga,Premium,2022-07-04,739
103822,Neha,Rao,Male,37,Delhi,Mass,2022-01-17,800
103823,Aditi,Kumar,Female,27,Noida,Mass Affluent,2024-03-11,846
103824,Vivaan,Gupta,Female,21,Hyderabad,Mass,2022-09-18,744
103825,Kavya,Shetty,Male,21,Delhi,Mass,2024-05-17,678
103826,Kavya,Gupta,Male,25,Chennai,Premium,2025-08-12,655
103827,Rahul,Iyer,Female,65,Mysuru,Mass Affluent,2023-05-08,850
103828,Arjun,Rao,Male,57,Kochi,Premium,2024-03-13,845
103829,Aditi,Patel,Female,67,Indore,Mass Affluent,2024-09-22,797
103830,Rohan,Rao,Other,24,Kochi,Mass,2022-08-08,739
103831,Sanjay,Desai,Female,67,Indore,Mass Affluent,2025-08-03,792
103832,Nisha,Mehta,Female,49,Chennai,Mass,2022-10-24,826
103833,Akash,Mehta,Male,58,Mysuru,Wealth,2025-03-26,692
103834,Priya,Joshi,Male,61,Pune,Wealth,2024-08-21,737
103835,Sanjay,Sharma,Male,33,Bhopal,Premium,2022-07-25,658
103836,Aarav,Gupta,Male,55,Mangaluru,Premium,2024-11-24,726
103837,Rohan,Patel,Male,51,Gurugram,Mass Affluent,2022-10-14,843
103838,Aarav,Singh,Male,40,Bengaluru,Mass Affluent,2024-05-25,810
103839,Meera,Verma,Female,44,Mumbai,Premium,2025-11-02,744
103840,Priya,Shetty,Male,30,Mangaluru,Mass,2025-10-23,546
103841,Rohan,Gupta,Female,29,Mangaluru,Premium,2025-06-26,689
103842,Kiran,Rao,Male,64,Hubballi,Mass,2023-12-23,742
103843,Aditi,Reddy,Male,55,Gurugram,Premium,2024-03-27,720
103844,Arjun,Rao,Male,47,Ahmedabad,Mass Affluent,2023-03-15,737
103845,Priya,Shetty,Female,53,Pune,Premium,2025-09-06,752
103846,Aditi,Iyer,Female,40,Coimbatore,Mass Affluent,2023-11-28,698
103847,Rahul,Iyer,Female,32,Hyderabad,Mass Affluent,2025-01-31,734
103848,Rahul,Nair,Male,65,Jaipur,Premium,2023-06-10,725
103849,Neha,Shetty,Male,67,Gurugram,Mass,2024-12-17,686
103850,Sneha,Joshi,Other,31,Jaipur,Mass,2022-11-24,850
103851,Rohan,Kumar,Male,58,Visakhapatnam,Mass,2024-12-07,702
103852,Neha,Reddy,Male,41,Visakhapatnam,Mass Affluent,2022-03-09,577
103853,Priya,Joshi,Male,54,Noida,Mass Affluent,2022-06-03,850
103854,Arjun,Kumar,Male,26,Visakhapatnam,Mass Affluent,2023-05-30,676
103855,Sneha,Nair,Male,43,Jaipur,Mass,2023-12-05,798
103856,Aditya,Mehta,Male,26,Pune,Mass,2024-11-04,687
103857,Aditya,Patel,Female,59,Indore,Premium,2023-06-09,775
103858,Rahul,Singh,Female,39,Mangaluru,Mass Affluent,2022-01-27,732
103859,Rohan,Sharma,Male,33,Delhi,Mass,2023-04-21,805
103860,Aarav,Kulkarni,Male,53,Hubballi,Mass,2023-10-04,720
103861,Akash,Verma,Female,65,Kochi,Mass,2024-03-04,689
103862,Kiran,Kumar,Male,36,Bhopal,Premium,2024-07-29,753
103863,Varun,Iyer,Female,54,Coimbatore,Mass Affluent,2022-12-28,708
103864,Sanjay,Verma,Male,53,Mangaluru,Mass Affluent,2024-06-10,600
103865,Varun,Kulkarni,Female,44,Pune,Mass Affluent,2024-07-11,693
103866,Varun,Shetty,Female,58,Mumbai,Premium,2025-02-07,850
103867,Aditya,Singh,Male,27,Mangaluru,Mass,2024-02-02,608
103868,Neha,Verma,Female,62,Gurugram,Mass,2025-03-29,752
103869,Kavya,Verma,Female,39,Bengaluru,Mass,2022-11-20,718
103870,Sneha,Gupta,Female,23,Kolkata,Wealth,2024-11-05,850
103871,Aarav,Sharma,Male,67,Noida,Mass Affluent,2022-03-08,657
103872,Sneha,Verma,Male,57,Noida,Mass Affluent,2022-05-31,742
103873,Varun,Sharma,Male,59,Indore,Premium,2025-06-16,783
103874,Varun,Mehta,Other,27,Kochi,Mass,2023-11-25,722
103875,Neha,Mehta,Male,56,Pune,Mass,2024-06-25,681
103876,Rahul,Shetty,Male,53,Noida,Mass Affluent,2024-05-30,733
103877,Kiran,Gupta,Female,63,Coimbatore,Wealth,2024-10-11,713
103878,Rohan,Patel,Male,38,Bhopal,Mass,2022-12-25,713
103879,Kiran,Mehta,Female,64,Kolkata,Mass,2022-09-18,800
103880,Kiran,Singh,Male,54,Mysuru,Premium,2022-03-04,763
103881,Isha,Kumar,Female,32,Chennai,Mass Affluent,2025-06-16,774
103882,Aarav,Verma,Male,31,Bhopal,Mass Affluent,2022-11-23,758
103883,Rohan,Kulkarni,Male,63,Mysuru,Mass,2024-04-19,802
103884,Kiran,Nair,Female,51,Noida,Mass,2023-10-27,826
103885,Arjun,Nair,Male,26,Gurugram,Mass,2022-08-26,715
103886,Vikram,Shetty,Male,26,Shivamogga,Mass,2023-08-28,792
103887,Meera,Singh,Male,59,Mumbai,Premium,2022-05-02,644
103888,Sanjay,Shetty,Female,28,Visakhapatnam,Mass Affluent,2022-09-15,577
103889,Sneha,Kulkarni,Male,31,Noida,Premium,2022-07-23,850
103890,Aditya,Joshi,Male,49,Indore,Mass,2025-04-18,712
103891,Sanjay,Rao,Male,61,Delhi,Mass,2024-04-08,753
103892,Isha,Rao,Male,36,Coimbatore,Premium,2025-09-13,649
103893,Meera,Desai,Female,52,Kolkata,Mass,2023-09-29,646
103894,Neha,Verma,Male,54,Indore,Mass,2022-10-21,685
103895,Isha,Mehta,Female,49,Mumbai,Mass,2024-06-07,780
103896,Isha,Verma,Female,53,Hyderabad,Mass,2025-09-19,699
103897,Rohan,Kulkarni,Female,31,Bengaluru,Mass,2024-02-17,711
103898,Sneha,Verma,Female,50,Shivamogga,Mass,2022-01-27,683
103899,Kavya,Desai,Male,21,Mangaluru,Premium,2023-03-20,817
103900,Aarav,Mehta,Other,55,Hubballi,Mass,2025-09-12,796
103901,Aditya,Kulkarni,Female,58,Mumbai,Mass Affluent,2024-01-27,701
103902,Varun,Shetty,Female,58,Bhopal,Mass Affluent,2025-10-21,783
103903,Sneha,Verma,Male,22,Hyderabad,Mass Affluent,2024-01-14,718
103904,Akash,Kulkarni,Male,63,Coimbatore,Mass Affluent,2022-01-18,711
103905,Aditi,Joshi,Female,41,Coimbatore,Mass,2025-06-28,732
103906,Meera,Patel,Male,24,Visakhapatnam,Mass,2025-01-19,780
103907,Vikram,Mehta,Female,46,Gurugram,Mass Affluent,2024-11-10,673
103908,Meera,Gupta,Male,47,Coimbatore,Wealth,2025-11-17,770
103909,Kiran,Iyer,Female,39,Chennai,Mass,2022-10-14,850
103910,Priya,Verma,Male,56,Kolkata,Mass Affluent,2025-08-15,748
103911,Rahul,Sharma,Male,46,Coimbatore,Wealth,2022-12-06,738
103912,Kiran,Nair,Male,31,Mangaluru,Premium,2025-11-18,729
103913,Meera,Kumar,Female,50,Mysuru,Premium,2022-10-07,768
103914,Aditya,Singh,Female,33,Hubballi,Mass Affluent,2024-03-14,622
103915,Meera,Kulkarni,Female,26,Jaipur,Premium,2025-02-26,850
103916,Sneha,Shetty,Female,33,Delhi,Mass Affluent,2022-04-25,804
103917,Kiran,Reddy,Female,63,Pune,Mass Affluent,2022-04-08,690
103918,Aarav,Joshi,Female,47,Kochi,Premium,2025-05-25,737
103919,Kavya,Kumar,Female,35,Bengaluru,Mass,2022-03-30,696
103920,Varun,Mehta,Female,38,Hubballi,Wealth,2024-06-15,756
103921,Kavya,Singh,Female,61,Delhi,Wealth,2025-10-01,739
103922,Ananya,Joshi,Male,52,Indore,Mass Affluent,2024-06-16,751
103923,Meera,Joshi,Female,57,Jaipur,Mass,2023-12-04,663
103924,Ananya,Reddy,Male,49,Ahmedabad,Premium,2023-09-02,701
103925,Neha,Rao,Male,67,Jaipur,Mass,2024-07-20,815
103926,Kiran,Shetty,Female,51,Mumbai,Mass Affluent,2024-04-14,698
103927,Rahul,Iyer,Female,39,Chennai,Mass,2024-01-03,550
103928,Akash,Joshi,Male,32,Bhopal,Premium,2022-08-13,724
103929,Meera,Verma,Male,23,Jaipur,Wealth,2024-08-25,850
103930,Arjun,Patel,Female,57,Noida,Mass,2024-12-16,794
103931,Vikram,Mehta,Male,64,Mysuru,Mass Affluent,2024-10-31,694
103932,Arjun,Shetty,Male,52,Jaipur,Premium,2022-04-20,731
103933,Sneha,Kumar,Female,43,Hyderabad,Mass,2024-10-23,783
103934,Arjun,Shetty,Female,27,Hyderabad,Mass,2024-12-01,612
103935,Neha,Desai,Female,51,Ahmedabad,Mass,2022-09-25,675
103936,Meera,Reddy,Female,30,Hyderabad,Premium,2025-05-24,763
103937,Akash,Nair,Male,50,Noida,Mass Affluent,2024-02-04,847
103938,Akash,Shetty,Male,35,Bengaluru,Mass,2023-11-21,704
103939,Vikram,Desai,Female,61,Hubballi,Mass,2024-11-21,845
103940,Rahul,Shetty,Female,64,Gurugram,Mass Affluent,2024-01-15,682
103941,Vivaan,Rao,Male,32,Visakhapatnam,Mass,2024-03-06,498
103942,Sanjay,Rao,Male,36,Kochi,Mass Affluent,2023-04-01,787
103943,Sanjay,Mehta,Male,64,Chennai,Mass,2025-09-16,773
103944,Rohan,Joshi,Male,21,Visakhapatnam,Premium,2025-11-16,787
103945,Aarav,Verma,Male,45,Pune,Mass Affluent,2022-07-10,784
103946,Aditi,Kumar,Male,27,Bhopal,Premium,2024-12-06,748
103947,Vivaan,Desai,Female,41,Chennai,Mass,2022-02-04,717
103948,Aarav,Kulkarni,Male,22,Mysuru,Mass Affluent,2023-06-23,720
103949,Sanjay,Singh,Female,27,Bengaluru,Premium,2025-11-17,703
103950,Isha,Shetty,Female,39,Visakhapatnam,Mass Affluent,2022-09-13,707
103951,Aditya,Desai,Female,23,Kolkata,Mass,2023-07-05,608
103952,Meera,Sharma,Other,58,Mangaluru,Mass,2022-11-17,650
103953,Neha,Verma,Male,48,Visakhapatnam,Mass Affluent,2024-11-29,724
103954,Priya,Desai,Male,42,Bengaluru,Mass Affluent,2023-11-09,578
103955,Vikram,Mehta,Female,43,Mumbai,Premium,2024-05-15,594
103956,Rahul,Reddy,Male,60,Jaipur,Premium,2025-10-08,712
103957,Aditi,Rao,Male,60,Mysuru,Mass Affluent,2024-01-31,726
103958,Varun,Rao,Male,23,Indore,Wealth,2024-12-07,713
103959,Ananya,Sharma,Female,53,Ahmedabad,Mass Affluent,2022-05-23,568
103960,Akash,Verma,Male,43,Indore,Mass,2022-11-11,844
103961,Ananya,Gupta,Female,57,Coimbatore,Mass,2025-10-14,634
103962,Isha,Kulkarni,Male,57,Coimbatore,Premium,2025-06-08,678
103963,Vikram,Sharma,Female,54,Shivamogga,Mass,2024-08-16,647
103964,Aditi,Kulkarni,Male,52,Shivamogga,Premium,2023-07-07,826
103965,Vikram,Shetty,Female,30,Shivamogga,Mass,2022-10-19,764
103966,Nisha,Singh,Female,61,Hubballi,Mass,2025-05-28,702
103967,Kavya,Joshi,Male,53,Ahmedabad,Premium,2025-02-20,697
103968,Rahul,Rao,Male,33,Mysuru,Premium,2022-12-19,748
103969,Neha,Kulkarni,Female,31,Chennai,Premium,2024-05-11,648
103970,Vikram,Singh,Female,44,Noida,Mass,2024-06-22,762
103971,Aditi,Kulkarni,Male,37,Gurugram,Mass,2023-11-29,697
103972,Rohan,Gupta,Male,52,Delhi,Mass Affluent,2025-09-14,771
103973,Kiran,Reddy,Male,40,Shivamogga,Premium,2022-07-01,769
103974,Nisha,Shetty,Male,28,Mangaluru,Mass,2023-01-12,693
103975,Arjun,Desai,Male,39,Visakhapatnam,Mass Affluent,2022-05-19,591
103976,Aditya,Sharma,Male,59,Delhi,Mass,2024-10-08,718
103977,Nisha,Patel,Male,60,Noida,Mass Affluent,2024-07-29,634
103978,Rohan,Sharma,Female,35,Noida,Mass,2025-12-12,741
103979,Nisha,Shetty,Female,58,Hyderabad,Wealth,2024-03-02,717
103980,Priya,Sharma,Female,25,Jaipur,Mass,2022-08-08,694
103981,Akash,Mehta,Female,67,Hyderabad,Mass Affluent,2023-10-21,644
103982,Priya,Patel,Female,56,Chennai,Premium,2022-05-10,818
103983,Vikram,Patel,Male,22,Coimbatore,Mass,2024-09-06,703
103984,Vikram,Kumar,Female,54,Mumbai,Mass,2024-09-11,850
103985,Rahul,Rao,Male,44,Ahmedabad,Mass Affluent,2025-06-06,737
103986,Akash,Mehta,Female,62,Ahmedabad,Mass Affluent,2023-05-12,760
103987,Kavya,Kumar,Female,32,Bengaluru,Mass Affluent,2023-03-29,738
103988,Aditya,Nair,Female,62,Ahmedabad,Mass Affluent,2022-04-15,759
103989,Aarav,Rao,Male,61,Coimbatore,Mass,2023-08-30,811
103990,Rohan,Rao,Female,34,Pune,Premium,2023-11-25,812
103991,Aarav,Reddy,Male,41,Indore,Mass,2025-01-06,611
103992,Neha,Desai,Male,51,Bengaluru,Mass Affluent,2025-01-05,795
103993,Akash,Mehta,Male,32,Hubballi,Premium,2022-07-24,770
103994,Isha,Rao,Male,67,Indore,Premium,2023-02-21,738
103995,Aarav,Nair,Female,29,Bhopal,Mass,2024-01-17,850
103996,Isha,Joshi,Male,32,Kochi,Mass,2023-05-05,850
103997,Rahul,Mehta,Male,44,Kolkata,Mass Affluent,2022-02-07,798
103998,Vikram,Desai,Other,43,Shivamogga,Mass,2025-05-19,697
103999,Vivaan,Nair,Female,23,Delhi,Mass Affluent,2024-12-03,652
104000,Nisha,Rao,Male,63,Noida,Mass Affluent,2024-01-30,788
104001,Ananya,Joshi,Female,32,Mysuru,Mass,2023-04-09,830
104002,Aarav,Rao,Female,25,Noida,Mass,2025-05-15,593
104003,Meera,Patel,Male,45,Mysuru,Mass Affluent,2022-02-21,811
104004,Isha,Mehta,Female,64,Mangaluru,Premium,2023-10-14,717
104005,Nisha,Nair,Female,21,Hubballi,Mass,2025-03-15,608
104006,Aditi,Shetty,Male,43,Hubballi,Mass,2025-10-23,768
104007,Nisha,Reddy,Female,63,Mysuru,Mass,2023-01-03,799
104008,Isha,Nair,Male,62,Visakhapatnam,Mass Affluent,2024-08-08,710
104009,Aarav,Sharma,Female,29,Coimbatore,Mass Affluent,2022-10-04,661
104010,Aditya,Mehta,Male,50,Gurugram,Premium,2022-06-19,850
104011,Isha,Rao,Male,60,Hyderabad,Wealth,2023-05-31,688
104012,Neha,Iyer,Other,52,Hubballi,Mass Affluent,2025-07-16,816
104013,Nisha,Desai,Female,51,Indore,Premium,2024-10-03,629
104014,Ananya,Desai,Male,57,Kochi,Mass,2023-12-16,764
104015,Vikram,Patel,Male,42,Kochi,Mass Affluent,2023-02-17,762
104016,Arjun,Sharma,Male,24,Delhi,Mass Affluent,2022-07-26,796
104017,Neha,Kumar,Other,51,Bengaluru,Premium,2023-01-31,840
104018,Nisha,Sharma,Male,50,Kolkata,Premium,2022-08-11,678
104019,Aditya,Shetty,Male,61,Delhi,Mass,2022-10-01,771
104020,Kiran,Nair,Female,64,Pune,Premium,2024-09-30,639
104021,Nisha,Shetty,Male,36,Mumbai,Premium,2022-07-13,639
104022,Sneha,Patel,Male,65,Mysuru,Wealth,2022-03-11,695
104023,Nisha,Mehta,Female,21,Bhopal,Mass,2024-03-02,764
104024,Priya,Kulkarni,Male,66,Hubballi,Wealth,2023-02-23,850
104025,Vikram,Shetty,Female,27,Coimbatore,Premium,2023-10-26,850
104026,Vikram,Sharma,Female,51,Visakhapatnam,Mass Affluent,2022-07-24,710
104027,Akash,Joshi,Male,53,Bengaluru,Mass,2022-11-03,756
104028,Aditya,Verma,Female,50,Kolkata,Premium,2023-10-06,801
104029,Sneha,Rao,Female,67,Mysuru,Premium,2024-10-04,789
104030,Aditya,Kumar,Female,46,Coimbatore,Mass Affluent,2023-08-28,723
104031,Rahul,Desai,Female,27,Gurugram,Wealth,2024-03-01,740
104032,Kiran,Kulkarni,Male,49,Bengaluru,Mass,2024-02-01,727
104033,Aditi,Nair,Male,34,Kochi,Mass Affluent,2023-01-28,720
104034,Ananya,Joshi,Female,49,Kochi,Mass,2023-02-13,711
104035,Vikram,Nair,Male,38,Indore,Mass,2023-09-14,727
104036,Rohan,Sharma,Male,22,Delhi,Mass,2022-02-16,707
104037,Aditi,Nair,Female,50,Indore,Mass,2024-09-27,656
104038,Nisha,Sharma,Male,25,Ahmedabad,Mass,2024-06-16,795
104039,Akash,Sharma,Female,36,Gurugram,Mass,2023-03-23,771
104040,Rahul,Shetty,Female,50,Hyderabad,Mass,2023-06-30,850
104041,Kavya,Nair,Female,62,Pune,Mass Affluent,2023-04-25,761
104042,Vivaan,Kulkarni,Male,35,Kolkata,Mass,2024-08-08,706
104043,Priya,Nair,Male,35,Jaipur,Mass,2025-01-14,691
104044,Ananya,Kulkarni,Female,35,Bengaluru,Mass,2022-06-08,738
104045,Akash,Desai,Male,48,Chennai,Mass,2023-08-27,774
104046,Nisha,Joshi,Female,30,Bengaluru,Mass,2022-01-21,718
104047,Sanjay,Mehta,Female,45,Hyderabad,Wealth,2023-10-23,632
104048,Vikram,Nair,Male,58,Kochi,Mass Affluent,2022-12-29,683
104049,Ananya,Shetty,Male,24,Ahmedabad,Mass,2023-05-06,736
104050,Kavya,Patel,Female,66,Mangaluru,Mass Affluent,2023-10-29,787
104051,Aarav,Kumar,Male,45,Jaipur,Mass,2023-04-18,631
104052,Sneha,Nair,Female,50,Bengaluru,Mass Affluent,2023-07-30,754
104053,Aarav,Singh,Female,50,Bengaluru,Wealth,2025-01-21,750
104054,Kavya,Shetty,Male,65,Indore,Mass,2025-03-29,703
104055,Akash,Patel,Female,52,Bengaluru,Mass,2022-01-09,694
104056,Meera,Kumar,Male,62,Pune,Mass Affluent,2023-07-06,683
104057,Varun,Gupta,Male,34,Mangaluru,Mass,2025-05-21,745
104058,Rahul,Gupta,Other,31,Noida,Mass,2024-02-14,814
104059,Akash,Kulkarni,Female,51,Gurugram,Mass Affluent,2022-10-27,819
104060,Sneha,Mehta,Female,28,Coimbatore,Mass Affluent,2024-05-16,656
104061,Meera,Desai,Female,26,Visakhapatnam,Mass,2022-07-31,722
104062,Nisha,Sharma,Female,30,Jaipur,Premium,2022-02-01,581
104063,Aditi,Gupta,Male,33,Delhi,Mass,2024-07-12,743
104064,Kiran,Kumar,Male,25,Bengaluru,Mass,2024-01-23,777
104065,Aditi,Singh,Male,55,Indore,Mass Affluent,2025-01-09,845
104066,Meera,Kumar,Male,48,Noida,Mass Affluent,2023-05-19,610
104067,Vikram,Iyer,Male,30,Shivamogga,Mass Affluent,2025-06-01,659
104068,Isha,Patel,Female,34,Gurugram,Mass Affluent,2023-09-08,745
104069,Priya,Nair,Male,64,Hyderabad,Mass Affluent,2024-12-13,622
104070,Priya,Reddy,Female,63,Hyderabad,Premium,2022-05-27,747
104071,Aditya,Nair,Female,26,Delhi,Mass Affluent,2022-05-22,779
104072,Vivaan,Gupta,Other,49,Kochi,Mass,2025-02-16,645
104073,Aarav,Reddy,Male,36,Hubballi,Premium,2025-05-02,744
104074,Meera,Patel,Female,37,Visakhapatnam,Mass,2025-10-07,650
104075,Ananya,Desai,Female,49,Mysuru,Mass Affluent,2023-04-19,831
104076,Vikram,Rao,Male,67,Mangaluru,Mass,2022-02-02,749
104077,Kavya,Kumar,Male,48,Ahmedabad,Mass Affluent,2025-12-01,690
104078,Aditya,Mehta,Male,65,Mangaluru,Mass Affluent,2024-05-28,648
104079,Aditya,Kumar,Female,59,Kochi,Mass Affluent,2022-12-27,762
104080,Neha,Mehta,Female,57,Jaipur,Mass,2025-01-20,830
104081,Sanjay,Patel,Female,58,Chennai,Mass,2025-08-12,681
104082,Aarav,Gupta,Female,58,Delhi,Premium,2023-02-20,704
104083,Arjun,Sharma,Male,32,Visakhapatnam,Wealth,2025-01-28,682
104084,Aarav,Reddy,Male,66,Kochi,Mass Affluent,2025-02-23,844
104085,Ananya,Iyer,Female,64,Kolkata,Mass,2024-01-03,601
104086,Akash,Patel,Other,49,Mangaluru,Mass,2024-07-12,825
104087,Meera,Iyer,Female,54,Noida,Mass Affluent,2023-01-29,709
104088,Isha,Kumar,Male,62,Bengaluru,Mass,2025-09-18,730
104089,Aditya,Patel,Male,28,Pune,Premium,2025-12-06,711
104090,Neha,Kulkarni,Male,24,Ahmedabad,Mass Affluent,2025-12-03,752
104091,Priya,Kulkarni,Male,67,Chennai,Mass,2024-12-12,684
104092,Rohan,Kulkarni,Male,47,Visakhapatnam,Mass,2022-03-03,809
104093,Kavya,Reddy,Female,54,Indore,Mass,2023-06-20,812
104094,Akash,Joshi,Female,44,Mysuru,Mass Affluent,2023-10-12,666
104095,Rahul,Singh,Male,45,Bhopal,Mass Affluent,2025-11-02,782
104096,Rohan,Singh,Male,22,Bhopal,Mass,2024-03-09,710
104097,Aditya,Iyer,Male,34,Mangaluru,Mass Affluent,2024-02-22,739
104098,Kavya,Nair,Male,25,Hyderabad,Mass,2022-08-03,842
104099,Isha,Nair,Female,41,Indore,Mass Affluent,2025-03-04,688
104100,Rohan,Singh,Male,22,Bengaluru,Premium,2023-05-06,800
104101,Rahul,Kulkarni,Female,58,Mysuru,Mass,2022-05-15,767
104102,Vivaan,Kulkarni,Male,34,Gurugram,Mass,2025-12-12,721
104103,Isha,Singh,Male,55,Visakhapatnam,Premium,2022-10-05,761
104104,Meera,Kumar,Other,23,Pune,Mass,2022-01-24,752
104105,Rahul,Nair,Male,22,Kochi,Mass,2022-04-24,654
104106,Aarav,Joshi,Male,40,Ahmedabad,Premium,2023-10-23,693
104107,Isha,Kulkarni,Female,58,Mangaluru,Mass Affluent,2022-05-31,662
104108,Meera,Iyer,Male,59,Pune,Premium,2025-05-15,716
104109,Kiran,Sharma,Male,46,Kolkata,Mass Affluent,2024-01-19,829
104110,Rohan,Patel,Male,49,Delhi,Mass Affluent,2023-04-18,776
104111,Arjun,Patel,Male,53,Shivamogga,Mass,2022-01-05,635
104112,Kavya,Joshi,Female,52,Shivamogga,Mass,2023-12-02,716
104113,Vikram,Singh,Male,55,Noida,Mass Affluent,2022-08-09,751
104114,Nisha,Desai,Female,22,Coimbatore,Mass,2025-11-28,787
104115,Priya,Mehta,Female,41,Chennai,Mass,2023-03-01,689
104116,Kavya,Reddy,Male,60,Indore,Mass,2023-11-25,648
104117,Neha,Kulkarni,Male,41,Ahmedabad,Mass,2022-01-28,731
104118,Aarav,Shetty,Male,27,Chennai,Mass Affluent,2022-07-11,775
104119,Neha,Singh,Male,52,Jaipur,Mass Affluent,2022-10-30,751
104120,Kavya,Iyer,Male,35,Chennai,Mass,2022-03-17,673
104121,Aditi,Iyer,Female,45,Kochi,Premium,2024-11-25,850
104122,Akash,Reddy,Male,45,Visakhapatnam,Mass,2025-10-12,728
104123,Akash,Mehta,Female,53,Kochi,Mass,2025-12-09,749
104124,Rahul,Sharma,Female,64,Mangaluru,Premium,2023-01-24,689
104125,Aarav,Patel,Female,53,Mysuru,Premium,2025-02-25,812
104126,Rohan,Singh,Male,67,Coimbatore,Mass,2024-01-06,775
104127,Vikram,Reddy,Male,21,Coimbatore,Mass,2022-03-08,757
104128,Varun,Sharma,Other,57,Noida,Premium,2022-05-13,654
104129,Vivaan,Joshi,Male,40,Shivamogga,Mass Affluent,2024-03-10,812
104130,Arjun,Joshi,Female,55,Bhopal,Mass,2023-09-11,788
104131,Sneha,Patel,Female,25,Chennai,Mass,2022-01-13,806
104132,Meera,Desai,Female,45,Pune,Mass,2025-09-19,738
104133,Akash,Mehta,Male,22,Hyderabad,Premium,2024-12-02,730
104134,Nisha,Verma,Male,52,Pune,Mass Affluent,2024-01-04,722
104135,Rahul,Nair,Female,31,Pune,Mass,2025-12-12,850
104136,Aarav,Kulkarni,Female,27,Mumbai,Mass,2025-11-18,697
104137,Aditi,Joshi,Female,24,Ahmedabad,Mass,2025-11-22,652
104138,Sneha,Iyer,Female,33,Bengaluru,Mass Affluent,2023-01-13,709
104139,Sanjay,Sharma,Female,66,Hyderabad,Premium,2025-07-10,698
104140,Sneha,Verma,Other,67,Hubballi,Mass Affluent,2024-01-07,823
104141,Priya,Patel,Female,24,Kolkata,Premium,2024-11-26,640
104142,Kiran,Gupta,Male,67,Visakhapatnam,Mass,2025-06-08,696
104143,Vivaan,Rao,Male,48,Kochi,Mass Affluent,2022-08-27,748
104144,Vikram,Kumar,Female,36,Shivamogga,Mass,2023-10-17,824
104145,Varun,Gupta,Female,65,Gurugram,Mass,2022-07-08,785
104146,Arjun,Singh,Male,32,Bengaluru,Mass Affluent,2023-02-13,848
104147,Kavya,Joshi,Female,29,Chennai,Premium,2023-08-27,759
104148,Neha,Nair,Male,31,Pune,Mass,2025-06-02,721
104149,Ananya,Kumar,Male,27,Gurugram,Mass Affluent,2025-06-13,795
104150,Varun,Rao,Female,43,Chennai,Premium,2023-07-24,639
104151,Varun,Joshi,Male,27,Ahmedabad,Premium,2023-04-26,615
104152,Arjun,Iyer,Female,31,Gurugram,Mass Affluent,2024-02-14,803
104153,Kiran,Desai,Female,38,Indore,Mass,2025-08-24,750
104154,Varun,Kumar,Female,51,Mysuru,Premium,2025-11-26,802
104155,Sanjay,Iyer,Male,61,Indore,Mass,2022-11-28,675
104156,Vivaan,Kulkarni,Female,24,Kochi,Mass,2022-09-30,825
104157,Varun,Joshi,Male,50,Jaipur,Mass,2024-10-28,782
104158,Isha,Patel,Female,25,Coimbatore,Mass,2023-03-17,733
104159,Sneha,Singh,Male,67,Mysuru,Mass Affluent,2022-10-19,750
104160,Vivaan,Kulkarni,Other,34,Shivamogga,Premium,2022-02-15,759
104161,Meera,Rao,Female,61,Bengaluru,Mass Affluent,2023-08-12,675
104162,Meera,Desai,Male,57,Kochi,Wealth,2023-07-27,708
104163,Meera,Kumar,Male,36,Hyderabad,Mass Affluent,2024-04-02,758
104164,Nisha,Desai,Male,36,Hyderabad,Mass Affluent,2022-10-20,705
104165,Sanjay,Joshi,Female,35,Kolkata,Mass,2024-11-08,632
104166,Varun,Rao,Female,43,Chennai,Mass,2024-09-19,756
104167,Kavya,Mehta,Female,41,Kolkata,Mass Affluent,2023-11-07,794
104168,Akash,Kumar,Female,51,Indore,Mass Affluent,2022-09-22,810
104169,Meera,Kulkarni,Male,42,Mumbai,Mass,2024-01-11,772
104170,Meera,Gupta,Female,58,Bhopal,Mass Affluent,2024-09-12,792
104171,Priya,Verma,Male,42,Gurugram,Mass,2023-06-29,804
104172,Nisha,Rao,Female,35,Hyderabad,Mass,2023-01-20,741
104173,Vivaan,Reddy,Male,36,Indore,Mass,2024-01-10,587
104174,Priya,Rao,Female,55,Delhi,Mass,2023-06-03,816
104175,Ananya,Kumar,Male,27,Mangaluru,Mass,2023-08-08,672
104176,Sanjay,Singh,Male,34,Pune,Premium,2023-05-25,656
104177,Vivaan,Patel,Male,35,Coimbatore,Premium,2023-03-20,658
104178,Aditi,Reddy,Female,51,Gurugram,Mass,2024-11-12,850
104179,Arjun,Kulkarni,Female,27,Noida,Mass,2023-11-03,766
104180,Vikram,Singh,Male,42,Ahmedabad,Mass Affluent,2023-11-13,662
104181,Vikram,Joshi,Male,52,Hubballi,Mass,2024-08-11,687
104182,Rahul,Nair,Male,64,Mysuru,Premium,2023-06-12,735
104183,Vikram,Verma,Female,41,Chennai,Mass Affluent,2022-05-28,773
104184,Isha,Shetty,Other,67,Indore,Premium,2025-05-29,755
104185,Akash,Shetty,Female,49,Mangaluru,Mass,2022-03-23,670
104186,Kavya,Desai,Female,57,Jaipur,Wealth,2024-04-15,757
104187,Aarav,Nair,Male,32,Visakhapatnam,Premium,2023-01-24,692
104188,Rahul,Rao,Male,64,Mysuru,Mass Affluent,2022-11-09,808
104189,Ananya,Mehta,Female,33,Mangaluru,Wealth,2022-03-03,739
104190,Rahul,Verma,Female,27,Bhopal,Mass Affluent,2025-08-07,682
104191,Aditya,Sharma,Male,24,Mangaluru,Mass,2023-09-19,783
104192,Akash,Kumar,Female,51,Jaipur,Mass Affluent,2023-05-16,762
104193,Vikram,Gupta,Male,50,Kochi,Premium,2024-12-18,702
104194,Ananya,Nair,Male,30,Mumbai,Premium,2022-02-26,786
104195,Rahul,Singh,Male,62,Pune,Mass Affluent,2024-04-04,779
104196,Arjun,Joshi,Female,34,Gurugram,Mass Affluent,2023-12-24,819
104197,Sanjay,Patel,Female,49,Gurugram,Mass,2024-03-19,785
104198,Kiran,Kumar,Female,45,Bhopal,Mass,2022-06-30,720
104199,Aarav,Rao,Female,48,Noida,Mass Affluent,2025-10-22,617
104200,Neha,Sharma,Female,55,Visakhapatnam,Mass,2022-12-15,748
104201,Isha,Desai,Male,64,Shivamogga,Mass,2024-09-17,759
104202,Aditi,Joshi,Female,54,Pune,Premium,2024-12-26,739
104203,Kiran,Desai,Male,63,Shivamogga,Mass Affluent,2023-05-18,524
104204,Sanjay,Kumar,Female,61,Ahmedabad,Mass Affluent,2022-07-10,783
104205,Aditi,Desai,Male,37,Bengaluru,Mass,2023-03-10,671
104206,Akash,Shetty,Male,47,Bhopal,Mass,2025-03-24,783
104207,Neha,Desai,Female,30,Kochi,Mass Affluent,2025-08-16,850
104208,Meera,Sharma,Male,64,Visakhapatnam,Premium,2025-09-29,717
104209,Neha,Rao,Male,66,Visakhapatnam,Mass,2022-11-27,766
104210,Meera,Singh,Female,62,Mysuru,Premium,2024-06-04,737
104211,Kavya,Joshi,Female,55,Jaipur,Premium,2022-08-09,772
104212,Kiran,Sharma,Male,60,Gurugram,Premium,2024-11-03,742
104213,Sanjay,Kulkarni,Male,58,Jaipur,Mass Affluent,2023-08-31,699
104214,Vikram,Gupta,Male,31,Bhopal,Mass,2024-11-07,672
104215,Vikram,Kulkarni,Female,33,Noida,Premium,2024-09-27,846
104216,Rahul,Shetty,Female,45,Bengaluru,Mass Affluent,2025-12-20,766
104217,Kavya,Reddy,Male,40,Bhopal,Mass,2023-12-15,793
104218,Aditya,Joshi,Female,55,Chennai,Mass,2023-05-14,763
104219,Aditya,Iyer,Female,55,Delhi,Mass,2024-02-09,803
104220,Akash,Reddy,Other,66,Noida,Mass Affluent,2022-08-26,672
104221,Arjun,Mehta,Male,58,Indore,Premium,2022-06-13,741
104222,Vikram,Kulkarni,Female,21,Gurugram,Mass,2024-01-28,770
104223,Ananya,Shetty,Female,37,Shivamogga,Mass,2025-04-20,825
104224,Kiran,Shetty,Male,36,Jaipur,Wealth,2024-02-18,850
104225,Vivaan,Verma,Male,50,Kolkata,Mass,2025-02-15,764
104226,Meera,Verma,Male,37,Mysuru,Mass,2022-09-17,689
104227,Kavya,Sharma,Male,66,Gurugram,Premium,2023-10-19,651
104228,Isha,Nair,Female,34,Kochi,Wealth,2024-06-14,672
104229,Varun,Rao,Female,41,Bhopal,Mass Affluent,2023-05-23,681
104230,Kiran,Desai,Male,59,Pune,Mass,2022-01-21,532
104231,Sneha,Shetty,Female,38,Gurugram,Mass Affluent,2022-04-18,688
104232,Rohan,Mehta,Male,23,Coimbatore,Premium,2025-09-16,785
104233,Sneha,Shetty,Other,36,Noida,Premium,2024-06-02,740
104234,Aditya,Joshi,Male,37,Chennai,Mass,2023-01-22,717
104235,Isha,Iyer,Female,49,Hubballi,Premium,2023-01-13,621
104236,Priya,Verma,Female,54,Bengaluru,Mass Affluent,2022-02-27,809
104237,Sneha,Mehta,Female,46,Ahmedabad,Mass,2025-10-11,771
104238,Ananya,Kumar,Female,40,Visakhapatnam,Mass,2022-06-08,734
104239,Aditi,Singh,Male,44,Kolkata,Mass,2025-01-13,581
104240,Priya,Gupta,Female,27,Kochi,Wealth,2022-12-17,701
104241,Rohan,Rao,Female,29,Ahmedabad,Mass,2023-05-06,765
104242,Rahul,Joshi,Male,49,Mumbai,Mass Affluent,2023-02-04,733
104243,Aditi,Gupta,Other,61,Gurugram,Mass,2025-04-18,748
104244,Sanjay,Sharma,Male,45,Pune,Premium,2022-02-17,783
104245,Nisha,Singh,Male,23,Shivamogga,Mass Affluent,2023-05-30,746
104246,Aditi,Kulkarni,Female,67,Noida,Premium,2023-02-12,780
104247,Sanjay,Shetty,Male,36,Kolkata,Mass Affluent,2023-02-03,676
104248,Vikram,Mehta,Male,56,Visakhapatnam,Premium,2022-10-09,649
104249,Priya,Kumar,Male,63,Shivamogga,Mass Affluent,2025-08-25,768
104250,Aditya,Singh,Female,67,Pune,Mass Affluent,2023-07-07,783
104251,Aditi,Kulkarni,Female,26,Hubballi,Wealth,2023-09-03,771
104252,Aditi,Kulkarni,Male,29,Indore,Mass Affluent,2023-07-17,744
104253,Rohan,Mehta,Female,51,Kochi,Premium,2025-12-02,712
104254,Varun,Singh,Female,56,Mumbai,Mass,2023-05-10,750
104255,Vikram,Desai,Female,60,Visakhapatnam,Mass Affluent,2023-05-14,762
104256,Kiran,Iyer,Female,46,Jaipur,Premium,2023-04-24,766
104257,Isha,Desai,Female,28,Delhi,Premium,2023-04-23,850
104258,Arjun,Desai,Male,54,Hyderabad,Mass Affluent,2022-05-12,671
104259,Arjun,Iyer,Male,52,Noida,Mass Affluent,2024-06-01,850
104260,Rohan,Singh,Female,42,Mysuru,Premium,2022-02-06,647
104261,Neha,Kulkarni,Male,50,Hubballi,Mass,2022-11-26,762
104262,Rohan,Iyer,Male,30,Indore,Premium,2022-10-23,651
104263,Arjun,Iyer,Male,59,Shivamogga,Mass,2023-03-02,756
104264,Ananya,Gupta,Male,23,Hubballi,Mass,2025-01-09,804
104265,Aditi,Kulkarni,Female,60,Bhopal,Premium,2024-05-25,737
104266,Kiran,Patel,Male,60,Indore,Mass,2025-12-17,803
104267,Priya,Kulkarni,Female,53,Coimbatore,Mass,2023-05-28,705
104268,Rohan,Iyer,Female,59,Mangaluru,Mass,2025-09-17,592
104269,Kavya,Sharma,Male,63,Coimbatore,Wealth,2022-03-07,779
104270,Aditi,Singh,Male,28,Pune,Mass Affluent,2024-01-07,737
104271,Akash,Iyer,Male,46,Bengaluru,Wealth,2025-03-12,701
104272,Vivaan,Verma,Female,51,Indore,Mass,2024-02-16,706
104273,Vikram,Shetty,Male,65,Pune,Mass,2025-09-24,763
104274,Kiran,Reddy,Female,55,Ahmedabad,Mass,2023-04-05,678
104275,Vivaan,Nair,Male,48,Mysuru,Mass,2022-02-18,761
104276,Meera,Kumar,Male,47,Hubballi,Mass,2025-02-03,818
104277,Arjun,Singh,Male,27,Bhopal,Mass,2022-04-10,850
104278,Arjun,Verma,Male,35,Noida,Mass,2025-01-21,833
104279,Akash,Desai,Male,41,Visakhapatnam,Mass Affluent,2024-12-06,746
104280,Rahul,Reddy,Female,62,Hubballi,Mass,2025-05-17,753
104281,Priya,Gupta,Male,61,Bhopal,Mass Affluent,2023-12-01,707
104282,Rahul,Iyer,Female,51,Bhopal,Mass,2025-07-31,702
104283,Aditya,Joshi,Female,25,Indore,Mass Affluent,2022-09-05,796
104284,Aarav,Verma,Female,54,Bengaluru,Premium,2023-09-27,713
104285,Aarav,Kumar,Female,42,Mangaluru,Premium,2022-06-27,761
104286,Isha,Rao,Male,51,Gurugram,Premium,2025-01-24,668
104287,Ananya,Iyer,Female,41,Mangaluru,Mass,2024-11-08,831
104288,Aarav,Patel,Male,54,Mysuru,Mass,2025-03-23,712
104289,Kiran,Rao,Female,31,Coimbatore,Premium,2025-01-20,811
104290,Rohan,Desai,Male,27,Ahmedabad,Wealth,2023-03-27,686
104291,Sneha,Shetty,Female,31,Coimbatore,Mass Affluent,2022-04-10,682
104292,Akash,Verma,Female,64,Indore,Mass Affluent,2025-09-18,828
104293,Meera,Reddy,Female,24,Mangaluru,Premium,2023-12-21,691
104294,Sanjay,Joshi,Male,34,Coimbatore,Wealth,2022-05-18,625
104295,Arjun,Joshi,Female,37,Bengaluru,Mass,2025-09-15,662
104296,Rahul,Rao,Female,60,Hyderabad,Mass,2025-12-22,795
104297,Nisha,Joshi,Female,37,Pune,Premium,2023-10-13,788
104298,Kiran,Verma,Male,62,Shivamogga,Mass Affluent,2025-01-29,682
104299,Varun,Singh,Male,67,Jaipur,Mass,2022-02-22,691
104300,Isha,Gupta,Male,51,Mangaluru,Mass,2022-05-17,782
104301,Rahul,Kumar,Female,37,Coimbatore,Mass Affluent,2023-02-08,827
104302,Varun,Shetty,Male,49,Bhopal,Mass Affluent,2024-08-16,730
104303,Sneha,Patel,Female,52,Ahmedabad,Premium,2022-07-14,774
104304,Varun,Rao,Female,26,Mysuru,Mass,2022-02-19,796
104305,Isha,Sharma,Female,60,Noida,Mass,2024-09-03,850
104306,Aditya,Kulkarni,Female,41,Kolkata,Mass Affluent,2025-01-29,654
104307,Meera,Desai,Female,60,Hyderabad,Mass,2024-12-15,688
104308,Aditya,Shetty,Female,49,Hyderabad,Mass Affluent,2025-03-12,700
104309,Meera,Mehta,Male,61,Delhi,Mass Affluent,2025-03-18,793
104310,Ananya,Desai,Female,24,Visakhapatnam,Mass,2024-05-29,717
104311,Nisha,Reddy,Other,22,Bengaluru,Premium,2024-01-29,757
104312,Vikram,Rao,Male,26,Gurugram,Mass,2025-06-05,744
104313,Ananya,Joshi,Female,62,Mumbai,Premium,2023-05-24,735
104314,Vikram,Desai,Other,67,Gurugram,Mass Affluent,2022-05-23,743
104315,Aditya,Desai,Female,67,Bengaluru,Mass Affluent,2025-01-02,807
104316,Aditya,Kulkarni,Female,36,Indore,Premium,2023-02-07,667
104317,Akash,Iyer,Female,33,Delhi,Mass,2025-11-30,725
104318,Sneha,Reddy,Male,37,Visakhapatnam,Premium,2023-08-28,650
104319,Isha,Patel,Male,59,Hubballi,Mass,2025-05-28,751
104320,Arjun,Reddy,Male,32,Noida,Wealth,2022-03-03,721
104321,Rohan,Kulkarni,Female,46,Ahmedabad,Mass,2024-08-20,810
104322,Meera,Shetty,Male,51,Kochi,Mass Affluent,2023-10-17,735
104323,Varun,Joshi,Female,37,Bengaluru,Mass,2023-11-07,704
104324,Sanjay,Iyer,Female,43,Kolkata,Mass,2023-01-23,718
104325,Ananya,Reddy,Female,52,Mangaluru,Mass,2025-11-18,850
104326,Isha,Shetty,Male,58,Chennai,Mass,2023-07-28,625
104327,Arjun,Iyer,Male,29,Mysuru,Mass,2025-05-26,691
104328,Vivaan,Rao,Male,45,Mysuru,Mass,2023-09-13,738
104329,Ananya,Sharma,Male,28,Kochi,Mass Affluent,2022-03-12,690
104330,Sneha,Mehta,Male,21,Jaipur,Mass,2025-07-07,769
104331,Aditya,Sharma,Male,51,Bhopal,Mass,2022-09-28,731
104332,Ananya,Iyer,Male,43,Jaipur,Premium,2023-01-30,753
104333,Aditi,Joshi,Female,33,Noida,Mass Affluent,2025-06-11,743
104334,Varun,Verma,Male,23,Mangaluru,Mass,2025-07-28,728
104335,Sanjay,Gupta,Male,65,Kochi,Mass,2025-08-31,645
104336,Kiran,Reddy,Female,59,Shivamogga,Mass Affluent,2023-09-14,747
104337,Neha,Nair,Female,64,Mangaluru,Mass Affluent,2025-01-10,612
104338,Vikram,Shetty,Female,26,Jaipur,Premium,2023-04-24,688
104339,Meera,Iyer,Female,21,Noida,Mass Affluent,2024-12-16,769
104340,Rohan,Sharma,Male,31,Mangaluru,Wealth,2024-01-04,818
104341,Meera,Reddy,Female,25,Gurugram,Mass Affluent,2022-03-17,850
104342,Arjun,Nair,Female,42,Ahmedabad,Wealth,2023-09-02,705
104343,Ananya,Kumar,Female,51,Delhi,Mass Affluent,2023-11-14,674
104344,Kiran,Shetty,Female,30,Jaipur,Mass Affluent,2023-01-11,772
104345,Akash,Reddy,Male,39,Gurugram,Mass Affluent,2023-07-01,850
104346,Aarav,Rao,Female,46,Hyderabad,Mass Affluent,2024-01-04,842
104347,Vikram,Reddy,Female,35,Shivamogga,Mass,2022-03-14,663
104348,Rohan,Gupta,Female,42,Pune,Mass,2022-08-10,725
104349,Aarav,Desai,Male,48,Coimbatore,Mass,2025-01-24,795
104350,Meera,Joshi,Male,65,Hyderabad,Mass,2023-05-29,799
104351,Meera,Reddy,Male,35,Jaipur,Premium,2024-06-07,776
104352,Aditya,Sharma,Male,25,Hyderabad,Mass Affluent,2024-04-06,704
104353,Aarav,Joshi,Male,61,Gurugram,Mass,2024-03-15,776
104354,Aditya,Patel,Female,48,Kolkata,Mass,2023-08-27,800
104355,Ananya,Mehta,Male,43,Delhi,Mass,2023-12-07,670
104356,Aditya,Kulkarni,Male,54,Jaipur,Premium,2025-04-17,828
104357,Kavya,Kulkarni,Male,67,Indore,Premium,2025-11-09,804
104358,Vivaan,Mehta,Female,26,Bhopal,Mass,2023-01-10,683
104359,Nisha,Shetty,Female,61,Indore,Mass,2024-09-04,800
104360,Vikram,Singh,Female,50,Bengaluru,Wealth,2025-11-16,792
104361,Kavya,Iyer,Female,48,Kochi,Mass Affluent,2022-01-12,795
104362,Sanjay,Kumar,Other,61,Jaipur,Premium,2025-02-19,845
104363,Sanjay,Desai,Female,35,Chennai,Mass,2023-12-27,734
104364,Aarav,Iyer,Female,58,Mumbai,Mass,2025-11-13,758
104365,Kiran,Joshi,Male,47,Mysuru,Mass Affluent,2024-04-24,550
104366,Nisha,Verma,Female,64,Coimbatore,Mass,2025-05-08,813
104367,Kiran,Joshi,Male,42,Coimbatore,Premium,2022-08-31,806
104368,Kavya,Joshi,Female,54,Mysuru,Mass Affluent,2022-07-27,830
104369,Nisha,Kumar,Male,44,Noida,Mass,2025-09-14,669
104370,Akash,Patel,Male,39,Noida,Mass Affluent,2024-02-08,802
104371,Kiran,Sharma,Male,38,Hubballi,Premium,2024-03-26,806
104372,Kiran,Iyer,Female,64,Gurugram,Premium,2022-09-06,689
104373,Aarav,Kulkarni,Female,60,Coimbatore,Mass,2022-11-28,809
104374,Rohan,Kumar,Male,31,Mumbai,Premium,2025-04-09,767
104375,Rohan,Gupta,Female,61,Jaipur,Mass,2023-03-19,616
104376,Isha,Singh,Male,48,Visakhapatnam,Premium,2024-05-02,776
104377,Ananya,Singh,Female,25,Delhi,Mass Affluent,2023-04-08,681
104378,Vikram,Reddy,Male,56,Mangaluru,Mass,2023-01-20,618
104379,Nisha,Shetty,Male,28,Pune,Mass Affluent,2022-08-31,761
104380,Kavya,Gupta,Female,61,Mangaluru,Mass Affluent,2025-09-19,730
104381,Aarav,Joshi,Female,42,Hyderabad,Mass Affluent,2025-10-04,833
104382,Isha,Nair,Female,64,Kolkata,Mass,2022-06-18,748
104383,Kavya,Nair,Female,43,Shivamogga,Mass Affluent,2023-05-31,789
104384,Rahul,Singh,Female,24,Gurugram,Premium,2024-04-03,771
104385,Ananya,Verma,Male,57,Visakhapatnam,Mass,2023-07-14,806
104386,Kavya,Shetty,Male,55,Pune,Mass,2024-11-18,673
104387,Nisha,Sharma,Other,35,Bhopal,Premium,2023-01-15,749
104388,Vikram,Nair,Male,30,Mumbai,Mass Affluent,2022-03-27,725
104389,Ananya,Joshi,Female,61,Kolkata,Mass Affluent,2023-05-07,781
104390,Neha,Rao,Male,57,Hubballi,Premium,2024-05-22,753
104391,Neha,Singh,Female,34,Pune,Mass,2022-09-21,692
104392,Meera,Kulkarni,Male,53,Bhopal,Premium,2025-04-06,711
104393,Ananya,Gupta,Female,32,Noida,Mass Affluent,2022-01-18,850
104394,Ananya,Patel,Female,29,Noida,Mass,2022-04-09,616
104395,Arjun,Iyer,Male,52,Gurugram,Wealth,2024-01-13,785
104396,Isha,Mehta,Male,60,Shivamogga,Premium,2024-01-18,822
104397,Rahul,Kumar,Male,64,Indore,Mass,2023-03-07,776
104398,Priya,Verma,Male,42,Hyderabad,Premium,2023-01-13,850
104399,Vikram,Rao,Male,27,Bengaluru,Premium,2022-04-12,801
104400,Nisha,Verma,Female,46,Indore,Premium,2024-08-25,762
104401,Isha,Patel,Male,52,Bengaluru,Mass,2023-07-08,702
104402,Akash,Joshi,Male,66,Bhopal,Mass,2022-06-23,763
104403,Akash,Joshi,Male,26,Pune,Mass Affluent,2023-08-07,783
104404,Ananya,Joshi,Male,51,Mysuru,Premium,2025-09-30,735
104405,Nisha,Mehta,Male,45,Shivamogga,Mass,2023-01-17,683
104406,Kiran,Sharma,Female,48,Ahmedabad,Mass Affluent,2025-07-30,651
104407,Vikram,Shetty,Female,25,Gurugram,Mass,2023-01-13,748
104408,Neha,Kulkarni,Female,21,Hubballi,Mass Affluent,2022-09-29,631
104409,Rohan,Mehta,Male,49,Mumbai,Mass Affluent,2023-01-16,702
104410,Aditya,Gupta,Female,30,Shivamogga,Mass,2023-04-17,565
104411,Varun,Kulkarni,Female,49,Ahmedabad,Mass Affluent,2022-06-26,793
104412,Rohan,Iyer,Female,22,Bhopal,Mass Affluent,2024-05-07,816
104413,Varun,Gupta,Female,58,Pune,Mass,2023-05-02,741
104414,Vivaan,Shetty,Male,36,Bhopal,Premium,2024-11-14,850
104415,Priya,Sharma,Other,42,Chennai,Mass,2023-12-18,829
104416,Ananya,Sharma,Female,37,Mysuru,Mass,2023-10-09,769
104417,Ananya,Mehta,Female,40,Mumbai,Mass Affluent,2023-11-19,727
104418,Arjun,Reddy,Female,45,Bhopal,Mass Affluent,2022-08-17,711
104419,Vivaan,Joshi,Other,51,Coimbatore,Mass,2024-11-06,774
104420,Kiran,Gupta,Male,53,Jaipur,Wealth,2022-06-02,725
104421,Isha,Shetty,Female,67,Hyderabad,Mass,2024-11-19,773
104422,Nisha,Nair,Female,29,Kochi,Mass,2025-12-30,779
104423,Isha,Kulkarni,Female,61,Jaipur,Premium,2025-01-20,719
104424,Rahul,Rao,Female,49,Kochi,Premium,2023-10-27,812
104425,Rohan,Kulkarni,Male,35,Noida,Mass Affluent,2023-04-05,719
104426,Aditi,Gupta,Male,64,Gurugram,Mass,2025-06-27,736
104427,Ananya,Kulkarni,Male,54,Visakhapatnam,Mass,2023-01-11,667
104428,Sanjay,Gupta,Female,29,Indore,Mass,2023-12-06,716
104429,Ananya,Shetty,Female,29,Gurugram,Mass Affluent,2025-01-30,850
104430,Sneha,Desai,Female,51,Shivamogga,Mass Affluent,2025-09-08,672
104431,Vivaan,Mehta,Female,55,Chennai,Mass,2025-09-06,766
104432,Arjun,Patel,Female,23,Gurugram,Mass Affluent,2022-05-09,703
104433,Vikram,Mehta,Male,50,Ahmedabad,Mass Affluent,2025-08-04,580
104434,Kiran,Verma,Female,45,Mumbai,Mass,2022-06-16,774
104435,Ananya,Mehta,Female,66,Bengaluru,Mass,2024-05-03,696
104436,Sneha,Verma,Female,55,Coimbatore,Premium,2025-09-19,757
104437,Vivaan,Mehta,Female,63,Indore,Mass,2024-08-14,804
104438,Priya,Singh,Other,22,Mysuru,Mass,2025-10-15,751
104439,Kiran,Reddy,Male,56,Mumbai,Mass,2023-05-18,758
104440,Aditya,Reddy,Female,36,Chennai,Mass Affluent,2023-04-05,674
104441,Ananya,Kumar,Female,47,Kochi,Mass Affluent,2023-04-22,784
104442,Ananya,Kumar,Male,62,Kochi,Mass Affluent,2023-06-03,722
104443,Arjun,Iyer,Male,61,Mumbai,Mass,2024-09-23,595
104444,Priya,Reddy,Male,31,Mumbai,Mass Affluent,2023-10-23,793
104445,Kavya,Reddy,Male,32,Chennai,Mass,2024-12-12,814
104446,Rohan,Nair,Female,54,Shivamogga,Premium,2023-08-31,839
104447,Akash,Rao,Male,62,Chennai,Wealth,2023-03-26,850
104448,Aditi,Reddy,Male,49,Pune,Mass Affluent,2022-10-05,789
104449,Nisha,Nair,Female,23,Mysuru,Mass,2024-03-15,771
104450,Vivaan,Gupta,Male,28,Jaipur,Premium,2025-08-04,811
104451,Nisha,Verma,Female,56,Kochi,Mass,2025-06-08,673
104452,Kiran,Patel,Male,55,Pune,Mass,2023-01-05,618
104453,Kavya,Rao,Male,63,Chennai,Premium,2023-11-29,702
104454,Varun,Sharma,Other,46,Chennai,Mass,2024-10-26,824
104455,Rohan,Kumar,Female,41,Bengaluru,Mass,2024-06-13,689
104456,Rohan,Singh,Female,26,Gurugram,Mass Affluent,2022-04-09,768
104457,Vivaan,Desai,Female,57,Delhi,Mass Affluent,2024-05-12,775
104458,Aditi,Reddy,Male,65,Indore,Mass Affluent,2022-02-26,752
104459,Nisha,Rao,Female,23,Hyderabad,Mass,2022-06-20,646
104460,Ananya,Kulkarni,Male,44,Kochi,Mass Affluent,2024-08-12,759
104461,Arjun,Kulkarni,Female,37,Hyderabad,Mass,2022-05-30,705
104462,Kiran,Singh,Male,56,Hubballi,Wealth,2023-05-10,850
104463,Ananya,Patel,Female,56,Mumbai,Mass,2024-05-09,815
104464,Sanjay,Kumar,Male,31,Bhopal,Mass,2024-08-14,708
104465,Aditya,Rao,Male,65,Pune,Mass Affluent,2023-10-13,850
104466,Kiran,Reddy,Male,27,Coimbatore,Mass,2022-05-18,759
104467,Aditi,Gupta,Female,57,Ahmedabad,Mass Affluent,2025-03-12,618
104468,Rahul,Joshi,Male,55,Jaipur,Mass,2025-10-18,730
104469,Vikram,Rao,Female,28,Kochi,Mass,2025-07-21,849
104470,Sanjay,Gupta,Male,52,Gurugram,Mass,2024-12-28,678
104471,Neha,Shetty,Female,33,Kolkata,Mass,2023-08-11,730
104472,Kavya,Rao,Male,33,Mysuru,Mass,2025-07-03,640
104473,Nisha,Kulkarni,Female,25,Ahmedabad,Mass,2023-12-14,651
104474,Meera,Joshi,Male,56,Jaipur,Mass,2022-07-19,677
104475,Arjun,Nair,Male,58,Mangaluru,Premium,2025-05-26,649
104476,Aarav,Gupta,Male,44,Gurugram,Mass Affluent,2023-04-13,692
104477,Kiran,Desai,Male,57,Gurugram,Mass,2025-10-02,850
104478,Aditya,Nair,Male,37,Mumbai,Mass,2023-06-22,732
104479,Rohan,Joshi,Male,47,Mysuru,Mass,2025-06-23,790
104480,Aditi,Desai,Female,57,Bengaluru,Mass,2024-02-24,811
104481,Sneha,Kulkarni,Female,41,Shivamogga,Mass Affluent,2023-11-14,657
104482,Rahul,Shetty,Male,49,Shivamogga,Mass,2023-03-10,677
104483,Aarav,Patel,Male,27,Shivamogga,Wealth,2025-05-05,789
104484,Rahul,Singh,Male,44,Kolkata,Premium,2022-03-30,691
104485,Isha,Iyer,Male,60,Chennai,Mass,2023-11-16,784
104486,Nisha,Verma,Male,57,Mangaluru,Mass,2023-06-23,850
104487,Neha,Verma,Male,35,Mysuru,Mass,2024-03-04,633
104488,Rohan,Desai,Male,46,Ahmedabad,Mass,2023-01-07,710
104489,Sneha,Sharma,Female,50,Indore,Mass Affluent,2024-08-28,721
104490,Vivaan,Iyer,Female,65,Coimbatore,Mass,2023-07-18,698
104491,Rahul,Verma,Female,59,Kochi,Mass,2022-10-02,692
104492,Aarav,Kulkarni,Male,59,Mumbai,Mass,2022-10-15,701
104493,Priya,Reddy,Female,56,Jaipur,Mass Affluent,2024-10-13,734
104494,Ananya,Mehta,Male,37,Mysuru,Mass,2023-01-18,747
104495,Sneha,Sharma,Male,38,Hubballi,Wealth,2023-03-25,802
104496,Aditi,Reddy,Female,42,Mangaluru,Mass,2024-07-04,733
104497,Neha,Desai,Male,41,Hubballi,Mass,2023-04-27,813
104498,Vikram,Rao,Male,65,Hyderabad,Mass Affluent,2023-07-21,694
104499,Sanjay,Kulkarni,Female,62,Bengaluru,Mass Affluent,2022-12-23,651
104500,Aditya,Gupta,Female,63,Coimbatore,Mass,2023-05-20,714
104501,Sanjay,Gupta,Female,49,Jaipur,Mass Affluent,2024-10-08,767
104502,Arjun,Shetty,Male,29,Kolkata,Mass,2024-02-19,795
104503,Rahul,Nair,Male,27,Hubballi,Mass,2025-12-27,837
104504,Priya,Nair,Other,33,Bhopal,Mass,2025-01-31,755
104505,Aarav,Singh,Male,51,Bengaluru,Mass Affluent,2022-01-25,788
104506,Neha,Desai,Male,38,Visakhapatnam,Mass Affluent,2023-07-08,831
104507,Arjun,Joshi,Male,51,Jaipur,Mass Affluent,2023-02-28,680
104508,Isha,Gupta,Female,62,Shivamogga,Wealth,2024-05-07,720
104509,Varun,Verma,Female,36,Hubballi,Mass Affluent,2023-01-23,850
104510,Sanjay,Shetty,Male,64,Ahmedabad,Premium,2025-11-11,795
104511,Rahul,Gupta,Female,45,Coimbatore,Mass,2023-03-14,771
104512,Priya,Sharma,Male,58,Delhi,Mass Affluent,2024-02-02,798
104513,Isha,Singh,Female,23,Mysuru,Mass Affluent,2022-06-29,642
104514,Ananya,Iyer,Male,33,Delhi,Mass,2025-08-21,690
104515,Aditi,Joshi,Male,64,Delhi,Mass,2025-08-24,664
104516,Akash,Mehta,Male,62,Mumbai,Mass Affluent,2025-03-04,764
104517,Ananya,Mehta,Other,47,Indore,Mass,2023-05-29,709
104518,Vivaan,Verma,Female,22,Mumbai,Mass,2022-03-27,742
104519,Sanjay,Joshi,Female,23,Shivamogga,Premium,2024-11-04,713
104520,Sanjay,Sharma,Male,40,Ahmedabad,Mass Affluent,2023-09-19,621
104521,Kiran,Rao,Male,63,Kolkata,Mass,2025-12-16,797
104522,Priya,Mehta,Male,38,Kolkata,Mass,2024-10-16,612
104523,Vikram,Nair,Male,62,Gurugram,Premium,2024-02-26,684
104524,Priya,Desai,Male,46,Mumbai,Wealth,2025-12-11,643
104525,Isha,Mehta,Female,27,Pune,Mass Affluent,2025-03-14,673
104526,Sanjay,Shetty,Female,47,Mangaluru,Mass,2023-11-01,749
104527,Varun,Kumar,Female,38,Hubballi,Mass,2022-01-28,821
104528,Priya,Sharma,Male,31,Noida,Mass,2022-05-16,626
104529,Arjun,Rao,Male,52,Chennai,Premium,2023-10-10,696
104530,Ananya,Shetty,Female,30,Jaipur,Mass Affluent,2024-03-31,613
104531,Meera,Reddy,Male,63,Coimbatore,Premium,2022-02-14,693
104532,Rohan,Sharma,Female,58,Noida,Mass,2022-07-04,740
104533,Priya,Kulkarni,Female,57,Mangaluru,Premium,2024-10-25,789
104534,Meera,Singh,Male,24,Bengaluru,Mass,2025-01-02,587
104535,Vivaan,Singh,Male,66,Shivamogga,Mass,2022-02-13,774
104536,Sneha,Gupta,Female,44,Pune,Mass Affluent,2024-01-12,667
104537,Kavya,Joshi,Female,55,Mysuru,Mass Affluent,2022-04-29,650
104538,Rahul,Mehta,Female,30,Kochi,Premium,2024-11-22,740
104539,Priya,Verma,Female,57,Hyderabad,Mass,2025-05-02,779
104540,Kavya,Joshi,Female,36,Jaipur,Premium,2025-06-23,728
104541,Aarav,Kumar,Male,54,Shivamogga,Mass,2024-05-23,658
104542,Aditi,Desai,Female,34,Bengaluru,Mass,2024-07-07,728
104543,Rohan,Shetty,Female,64,Mangaluru,Mass,2025-09-14,684
104544,Neha,Mehta,Male,54,Delhi,Mass,2024-06-13,777
104545,Aditi,Joshi,Male,42,Delhi,Premium,2023-10-14,810
104546,Aarav,Sharma,Female,42,Chennai,Mass,2025-01-06,806
104547,Aarav,Mehta,Female,21,Visakhapatnam,Mass,2024-05-12,734
104548,Ananya,Kumar,Male,35,Ahmedabad,Mass,2025-05-14,814
104549,Sanjay,Desai,Female,58,Jaipur,Mass Affluent,2024-02-06,664
104550,Aarav,Verma,Female,60,Mangaluru,Premium,2025-06-22,850
104551,Nisha,Kumar,Female,67,Delhi,Premium,2022-03-07,663
104552,Vivaan,Rao,Male,25,Kolkata,Mass,2022-02-23,593
104553,Isha,Patel,Male,32,Noida,Mass,2022-05-25,831
104554,Ananya,Joshi,Male,57,Indore,Mass,2024-03-23,685
104555,Isha,Joshi,Female,37,Delhi,Premium,2024-11-01,743
104556,Vivaan,Gupta,Female,32,Hyderabad,Mass,2022-11-12,663
104557,Nisha,Shetty,Male,34,Indore,Wealth,2022-08-16,850
104558,Rohan,Gupta,Female,64,Mumbai,Premium,2025-06-10,850
104559,Nisha,Nair,Male,61,Noida,Mass Affluent,2024-12-31,843
104560,Meera,Rao,Female,21,Bengaluru,Premium,2024-08-04,741
104561,Sneha,Reddy,Male,60,Hubballi,Mass,2023-12-15,804
104562,Kiran,Verma,Female,47,Mysuru,Mass,2023-09-06,731
104563,Meera,Sharma,Female,60,Chennai,Mass,2022-01-30,814
104564,Akash,Patel,Female,50,Indore,Mass,2022-10-02,706
104565,Sanjay,Verma,Male,53,Mysuru,Mass Affluent,2025-08-02,846
104566,Sanjay,Reddy,Male,48,Visakhapatnam,Mass Affluent,2023-05-10,703
104567,Rahul,Rao,Male,55,Bhopal,Premium,2024-10-25,711
104568,Sneha,Patel,Other,59,Bengaluru,Premium,2024-10-24,702
104569,Neha,Reddy,Male,44,Bengaluru,Mass,2023-03-28,748
104570,Akash,Mehta,Female,26,Indore,Mass,2022-10-26,708
104571,Akash,Reddy,Female,25,Noida,Mass,2024-10-06,769
104572,Vikram,Mehta,Male,40,Hubballi,Mass,2022-05-17,701
104573,Arjun,Joshi,Male,43,Visakhapatnam,Mass Affluent,2023-12-24,790
104574,Kiran,Rao,Male,61,Noida,Mass Affluent,2025-07-20,841
104575,Kavya,Kulkarni,Female,22,Kolkata,Mass Affluent,2024-11-04,740
104576,Kavya,Patel,Other,62,Ahmedabad,Mass Affluent,2025-01-20,850
104577,Neha,Singh,Male,23,Shivamogga,Premium,2022-05-02,814
104578,Aditya,Shetty,Other,44,Hyderabad,Mass Affluent,2022-10-19,850
104579,Aditya,Desai,Male,40,Mangaluru,Wealth,2023-02-06,731
104580,Meera,Reddy,Male,47,Gurugram,Premium,2023-03-03,619
104581,Isha,Reddy,Female,22,Visakhapatnam,Mass Affluent,2022-10-11,686
104582,Isha,Joshi,Female,56,Kolkata,Mass,2025-11-20,693
104583,Varun,Kumar,Male,27,Ahmedabad,Premium,2022-08-29,668
104584,Aarav,Singh,Female,57,Hubballi,Mass,2024-10-30,581
104585,Nisha,Patel,Female,47,Gurugram,Mass,2024-05-06,807
104586,Rohan,Desai,Female,62,Visakhapatnam,Mass Affluent,2024-06-10,605
104587,Sanjay,Rao,Female,67,Mysuru,Mass,2022-11-10,800
104588,Akash,Reddy,Male,60,Shivamogga,Mass,2023-03-26,850
104589,Priya,Shetty,Male,42,Jaipur,Mass,2024-06-04,681
104590,Kiran,Gupta,Female,40,Bengaluru,Premium,2023-03-13,762
104591,Rahul,Gupta,Female,52,Shivamogga,Mass Affluent,2024-10-10,707
104592,Arjun,Kulkarni,Male,51,Indore,Wealth,2022-02-27,793
104593,Akash,Gupta,Male,58,Bengaluru,Premium,2022-04-17,651
104594,Arjun,Verma,Male,43,Chennai,Mass,2024-11-29,726
104595,Ananya,Sharma,Female,42,Mumbai,Premium,2024-06-19,813
104596,Isha,Patel,Male,26,Hyderabad,Mass Affluent,2022-03-05,732
104597,Meera,Gupta,Male,28,Pune,Mass,2025-08-05,621
104598,Varun,Mehta,Male,59,Pune,Wealth,2022-01-08,822
104599,Sneha,Joshi,Female,67,Kochi,Premium,2025-10-27,644
104600,Nisha,Gupta,Female,49,Bengaluru,Mass,2024-12-01,741
104601,Sneha,Kumar,Male,37,Mangaluru,Premium,2025-12-13,776
104602,Ananya,Iyer,Male,23,Pune,Mass,2025-10-17,743
104603,Arjun,Rao,Male,23,Coimbatore,Premium,2023-04-03,850
104604,Rahul,Gupta,Female,52,Hyderabad,Mass Affluent,2025-01-09,786
104605,Ananya,Patel,Female,51,Bengaluru,Mass,2022-11-04,721
104606,Aarav,Mehta,Female,34,Gurugram,Premium,2023-11-20,777
104607,Kiran,Mehta,Female,29,Kolkata,Mass Affluent,2022-12-17,750
104608,Isha,Nair,Male,24,Delhi,Mass,2023-12-11,738
104609,Isha,Joshi,Male,53,Mysuru,Premium,2025-06-27,752
104610,Varun,Nair,Male,49,Bhopal,Premium,2023-09-29,705
104611,Akash,Desai,Male,36,Bhopal,Mass Affluent,2022-05-15,750
104612,Kavya,Iyer,Male,55,Indore,Mass Affluent,2023-04-19,700
104613,Vivaan,Sharma,Female,60,Visakhapatnam,Mass,2025-02-22,602
104614,Ananya,Patel,Male,45,Mumbai,Mass,2024-02-01,815
104615,Kavya,Desai,Female,33,Chennai,Mass Affluent,2024-03-28,695
104616,Sneha,Rao,Male,21,Visakhapatnam,Mass,2023-09-22,745
104617,Isha,Rao,Male,58,Chennai,Mass,2023-03-04,682
104618,Ananya,Patel,Female,48,Bhopal,Premium,2024-05-23,684
104619,Ananya,Reddy,Male,37,Kolkata,Premium,2024-07-13,662
104620,Sneha,Joshi,Male,21,Indore,Mass Affluent,2025-08-04,801
104621,Arjun,Kumar,Male,59,Bengaluru,Mass Affluent,2024-06-20,818
104622,Priya,Joshi,Female,64,Jaipur,Premium,2025-12-23,737
104623,Rahul,Shetty,Male,43,Coimbatore,Premium,2025-04-21,697
104624,Meera,Singh,Female,33,Hubballi,Mass,2022-04-25,616
104625,Vikram,Patel,Other,50,Jaipur,Mass Affluent,2023-07-27,791
104626,Priya,Iyer,Female,61,Hubballi,Mass,2023-07-16,688
104627,Neha,Verma,Male,48,Indore,Mass,2022-01-05,657
104628,Sanjay,Gupta,Female,21,Indore,Mass,2022-09-21,737
104629,Meera,Singh,Male,30,Bengaluru,Mass Affluent,2025-01-17,712
104630,Ananya,Singh,Female,25,Gurugram,Premium,2023-05-30,629
104631,Aarav,Shetty,Female,40,Hyderabad,Premium,2022-08-04,638
104632,Aarav,Reddy,Male,42,Bhopal,Mass,2023-02-24,759
104633,Rahul,Desai,Male,46,Mumbai,Mass,2023-02-06,689
104634,Rahul,Mehta,Female,56,Jaipur,Mass,2022-09-12,771
104635,Kavya,Sharma,Female,26,Mangaluru,Mass,2022-05-28,745
104636,Priya,Kulkarni,Female,65,Shivamogga,Mass,2025-01-20,808
104637,Akash,Sharma,Female,33,Visakhapatnam,Wealth,2025-04-18,677
104638,Priya,Iyer,Female,45,Hyderabad,Mass,2023-12-26,751
104639,Sanjay,Verma,Female,30,Kochi,Mass Affluent,2024-06-17,780
104640,Sneha,Singh,Female,37,Visakhapatnam,Mass,2025-09-04,691
104641,Neha,Kumar,Male,60,Visakhapatnam,Mass Affluent,2025-05-15,814
104642,Kavya,Sharma,Female,23,Bengaluru,Premium,2022-02-17,618
104643,Ananya,Verma,Female,43,Shivamogga,Premium,2025-10-23,677
104644,Rohan,Sharma,Male,48,Jaipur,Mass,2022-04-08,616
104645,Isha,Nair,Male,47,Indore,Premium,2022-02-08,683
104646,Meera,Joshi,Male,38,Visakhapatnam,Mass,2023-08-12,724
104647,Neha,Kulkarni,Male,38,Jaipur,Premium,2024-12-24,793
104648,Kavya,Mehta,Female,63,Mangaluru,Mass,2022-04-28,724
104649,Akash,Desai,Male,32,Jaipur,Mass Affluent,2023-03-04,693
104650,Ananya,Verma,Female,43,Pune,Mass Affluent,2023-01-19,627
104651,Rohan,Shetty,Male,38,Coimbatore,Premium,2023-08-04,650
104652,Ananya,Joshi,Female,56,Gurugram,Premium,2025-12-10,757
104653,Varun,Reddy,Female,58,Hubballi,Mass,2023-04-29,797
104654,Arjun,Kulkarni,Female,60,Coimbatore,Premium,2022-11-02,706
104655,Akash,Joshi,Female,24,Visakhapatnam,Mass,2022-06-28,820
104656,Ananya,Iyer,Male,25,Gurugram,Mass,2022-10-17,669
104657,Varun,Reddy,Female,38,Coimbatore,Mass,2022-07-14,708
104658,Nisha,Singh,Female,41,Mysuru,Mass,2024-04-17,714
104659,Nisha,Gupta,Male,23,Pune,Mass,2023-09-06,842
104660,Sanjay,Iyer,Other,63,Mangaluru,Mass Affluent,2023-12-29,744
104661,Arjun,Shetty,Male,63,Pune,Mass,2025-04-29,609
104662,Sneha,Kumar,Female,40,Hyderabad,Mass Affluent,2024-04-27,802
104663,Vivaan,Patel,Male,57,Chennai,Mass,2022-08-15,850
104664,Rohan,Mehta,Female,47,Mumbai,Mass Affluent,2023-07-05,718
104665,Aarav,Iyer,Male,51,Gurugram,Mass,2023-04-02,672
104666,Meera,Joshi,Male,62,Shivamogga,Mass,2025-04-22,795
104667,Aditi,Singh,Male,25,Mumbai,Mass Affluent,2023-03-25,850
104668,Kavya,Gupta,Other,31,Coimbatore,Premium,2022-07-22,794
104669,Arjun,Shetty,Male,41,Noida,Wealth,2024-12-10,621
104670,Kiran,Joshi,Female,63,Bengaluru,Mass,2023-09-18,788
104671,Meera,Mehta,Female,48,Mumbai,Wealth,2022-05-20,763
104672,Varun,Mehta,Female,39,Coimbatore,Mass Affluent,2024-10-04,668
104673,Vikram,Reddy,Male,22,Hubballi,Premium,2022-11-04,825
104674,Vivaan,Gupta,Female,48,Indore,Mass,2025-06-21,766
104675,Ananya,Kulkarni,Female,33,Pune,Mass,2025-04-30,827
104676,Aarav,Nair,Male,36,Kolkata,Mass,2023-06-24,661
104677,Varun,Sharma,Male,67,Delhi,Premium,2024-03-22,763
104678,Aditya,Patel,Female,45,Kolkata,Mass,2024-04-08,672
104679,Varun,Verma,Male,27,Kochi,Mass,2024-08-12,752
104680,Arjun,Mehta,Male,23,Mangaluru,Mass Affluent,2022-04-11,838
104681,Aarav,Patel,Male,39,Hyderabad,Wealth,2023-04-20,635
104682,Vikram,Shetty,Female,24,Noida,Mass Affluent,2022-09-06,639
104683,Ananya,Nair,Female,41,Pune,Mass Affluent,2024-10-15,802
104684,Ananya,Singh,Female,40,Hyderabad,Mass,2022-04-11,734
104685,Aditi,Gupta,Female,62,Bhopal,Premium,2024-01-25,817
104686,Rohan,Mehta,Male,36,Shivamogga,Mass,2024-11-28,678
104687,Meera,Kumar,Male,33,Hubballi,Mass,2025-10-16,739
104688,Ananya,Sharma,Male,49,Noida,Mass,2023-02-25,783
104689,Rohan,Joshi,Male,51,Mysuru,Mass,2022-01-12,750
104690,Neha,Singh,Male,22,Bengaluru,Mass Affluent,2024-11-22,610
104691,Aarav,Verma,Female,24,Bhopal,Mass Affluent,2022-01-03,850
104692,Kiran,Shetty,Male,28,Pune,Mass,2022-04-07,750
104693,Sneha,Sharma,Male,57,Mangaluru,Mass,2025-12-17,641
104694,Aditya,Joshi,Male,30,Ahmedabad,Mass,2025-06-13,757
104695,Aditya,Rao,Male,67,Delhi,Mass,2024-10-30,765
104696,Meera,Nair,Male,41,Delhi,Premium,2025-05-04,805
104697,Ananya,Shetty,Male,64,Chennai,Mass Affluent,2022-04-21,800
104698,Aditya,Kumar,Male,32,Mangaluru,Mass,2022-05-10,720
104699,Kavya,Singh,Female,40,Bhopal,Mass,2023-03-16,614
104700,Nisha,Patel,Female,27,Bengaluru,Premium,2022-02-04,767
104701,Aarav,Patel,Female,60,Delhi,Premium,2025-07-20,620
104702,Rahul,Sharma,Female,49,Pune,Premium,2022-03-24,820
104703,Neha,Gupta,Female,24,Kolkata,Mass,2024-03-05,684
104704,Kavya,Reddy,Female,55,Gurugram,Mass Affluent,2025-05-31,779
104705,Vivaan,Shetty,Female,62,Hyderabad,Mass,2024-12-09,689
104706,Varun,Kulkarni,Female,53,Gurugram,Premium,2022-12-09,701
104707,Kiran,Verma,Male,58,Shivamogga,Mass,2023-11-18,679
104708,Aditya,Shetty,Male,33,Mangaluru,Mass Affluent,2024-03-11,785
104709,Vikram,Patel,Male,41,Indore,Mass,2025-01-26,692
104710,Vivaan,Nair,Male,61,Kolkata,Premium,2023-09-15,789
104711,Aditya,Mehta,Female,49,Ahmedabad,Mass,2023-02-21,693
104712,Sanjay,Joshi,Male,49,Visakhapatnam,Premium,2025-03-07,719
104713,Priya,Desai,Female,57,Indore,Mass,2025-07-18,737
104714,Isha,Verma,Female,49,Noida,Premium,2023-12-15,746
104715,Meera,Singh,Female,26,Kochi,Mass,2022-02-10,670
104716,Aditi,Reddy,Male,31,Gurugram,Mass Affluent,2024-01-01,784
104717,Aditi,Sharma,Male,57,Shivamogga,Premium,2025-07-22,716
104718,Aarav,Singh,Male,32,Kolkata,Mass,2025-12-15,773
104719,Sneha,Singh,Other,52,Indore,Mass,2023-08-09,734
104720,Rohan,Gupta,Female,43,Bhopal,Mass,2022-08-08,776
104721,Varun,Shetty,Female,50,Gurugram,Mass,2024-04-15,706
104722,Priya,Nair,Female,32,Indore,Mass Affluent,2025-04-27,680
104723,Aditya,Verma,Female,35,Hubballi,Mass,2025-10-11,765
104724,Vikram,Rao,Female,53,Bengaluru,Mass,2022-03-17,700
104725,Rohan,Verma,Male,29,Chennai,Mass,2023-03-01,837
104726,Rohan,Mehta,Male,35,Shivamogga,Mass,2023-11-29,740
104727,Sanjay,Joshi,Male,67,Visakhapatnam,Mass,2022-05-24,639
104728,Nisha,Desai,Female,28,Mangaluru,Mass Affluent,2025-07-18,694
104729,Vikram,Iyer,Female,48,Gurugram,Mass,2022-06-13,665
104730,Meera,Reddy,Female,28,Kochi,Premium,2024-08-29,810
104731,Sanjay,Reddy,Female,54,Mangaluru,Mass Affluent,2025-09-03,789
104732,Aditya,Patel,Female,26,Bengaluru,Mass,2024-09-27,731
104733,Sneha,Kulkarni,Male,47,Noida,Premium,2025-01-19,755
104734,Rohan,Reddy,Male,41,Indore,Mass Affluent,2023-01-20,729
104735,Neha,Desai,Female,53,Bengaluru,Mass Affluent,2025-04-23,795
104736,Rahul,Rao,Female,21,Bengaluru,Mass,2023-09-04,771
104737,Rahul,Iyer,Female,45,Indore,Mass Affluent,2022-03-31,784
104738,Ananya,Mehta,Male,46,Kolkata,Mass,2023-06-20,722
104739,Sanjay,Mehta,Other,32,Jaipur,Mass Affluent,2023-05-26,691
104740,Aditi,Mehta,Female,35,Pune,Mass,2024-02-01,782
104741,Kiran,Nair,Female,54,Mumbai,Mass,2023-01-22,844
104742,Ananya,Singh,Male,46,Delhi,Mass Affluent,2023-11-06,812
104743,Priya,Sharma,Female,48,Shivamogga,Mass,2023-09-17,846
104744,Rahul,Desai,Female,64,Chennai,Mass,2023-04-23,746
104745,Priya,Mehta,Female,40,Visakhapatnam,Premium,2024-10-13,667
104746,Meera,Shetty,Female,61,Jaipur,Mass,2023-03-23,673
104747,Rahul,Patel,Female,66,Bhopal,Mass,2025-01-23,832
104748,Sneha,Desai,Female,48,Delhi,Mass,2023-01-02,605
104749,Kavya,Singh,Female,30,Kochi,Premium,2025-06-16,840
104750,Priya,Shetty,Male,40,Chennai,Mass Affluent,2023-06-17,680
104751,Rohan,Gupta,Male,23,Kolkata,Mass Affluent,2022-03-01,850
104752,Sneha,Reddy,Male,53,Jaipur,Premium,2022-08-07,730
104753,Nisha,Sharma,Female,33,Coimbatore,Mass Affluent,2025-03-23,786
104754,Rahul,Patel,Male,64,Indore,Premium,2025-06-27,850
104755,Sneha,Kulkarni,Male,51,Mangaluru,Mass Affluent,2022-11-06,712
104756,Meera,Kulkarni,Female,44,Kochi,Premium,2024-05-29,711
104757,Kiran,Iyer,Female,29,Jaipur,Mass Affluent,2024-04-18,686
104758,Neha,Iyer,Male,25,Jaipur,Mass,2022-07-15,665
104759,Vikram,Iyer,Male,52,Bengaluru,Mass,2023-10-22,712
104760,Neha,Joshi,Female,57,Delhi,Mass,2024-10-10,696
104761,Sneha,Shetty,Male,33,Visakhapatnam,Mass Affluent,2025-11-13,647
104762,Aditya,Joshi,Male,21,Indore,Wealth,2025-05-22,720
104763,Sanjay,Gupta,Male,36,Shivamogga,Mass Affluent,2022-05-23,766
104764,Sneha,Joshi,Male,56,Delhi,Premium,2022-12-13,672
104765,Nisha,Gupta,Female,48,Bhopal,Mass Affluent,2023-09-30,724
104766,Aditi,Kulkarni,Male,24,Indore,Premium,2022-08-08,833
104767,Neha,Kumar,Female,26,Mumbai,Mass Affluent,2024-04-13,636
104768,Kiran,Sharma,Male,26,Coimbatore,Mass,2022-01-13,850
104769,Kavya,Nair,Male,56,Coimbatore,Mass Affluent,2022-06-15,688
104770,Vikram,Patel,Male,57,Hubballi,Mass,2022-03-10,749
104771,Aditya,Kumar,Female,40,Bengaluru,Mass,2023-03-08,825
104772,Varun,Rao,Male,53,Bengaluru,Mass,2025-01-17,846
104773,Varun,Iyer,Male,21,Mangaluru,Mass,2022-09-16,768
104774,Aditya,Shetty,Male,47,Jaipur,Mass,2025-12-12,686
104775,Aditya,Rao,Female,33,Hyderabad,Mass,2023-01-29,680
104776,Meera,Patel,Male,59,Ahmedabad,Premium,2022-03-07,695
104777,Varun,Nair,Female,43,Mysuru,Mass,2023-05-05,850
104778,Neha,Sharma,Female,61,Kolkata,Premium,2024-12-28,708
104779,Aditi,Nair,Female,47,Jaipur,Mass,2022-06-05,758
104780,Akash,Kumar,Female,42,Visakhapatnam,Wealth,2022-04-15,662
104781,Kiran,Mehta,Male,65,Mumbai,Premium,2025-05-25,654
104782,Rahul,Kumar,Female,67,Gurugram,Premium,2024-05-14,737
104783,Akash,Kumar,Female,42,Delhi,Mass Affluent,2023-05-17,712
104784,Rohan,Sharma,Male,37,Mumbai,Mass Affluent,2025-01-08,717
104785,Isha,Patel,Female,51,Kolkata,Mass,2025-05-17,631
104786,Ananya,Kumar,Male,29,Noida,Mass,2023-06-09,730
104787,Priya,Kumar,Female,39,Coimbatore,Mass Affluent,2024-03-30,843
104788,Rohan,Rao,Female,60,Bengaluru,Mass,2022-01-16,675
104789,Meera,Mehta,Female,63,Shivamogga,Mass,2023-03-23,798
104790,Meera,Desai,Male,40,Noida,Premium,2024-05-18,492
104791,Rahul,Kulkarni,Female,39,Noida,Mass,2022-10-15,679
104792,Isha,Mehta,Female,62,Indore,Mass Affluent,2025-12-18,601
104793,Vivaan,Iyer,Male,30,Ahmedabad,Mass,2025-11-18,822
104794,Rahul,Joshi,Female,23,Bengaluru,Mass,2023-01-12,797
104795,Akash,Gupta,Female,24,Delhi,Mass,2023-08-02,663
104796,Priya,Singh,Female,26,Coimbatore,Mass Affluent,2022-10-04,755
104797,Aditi,Gupta,Other,62,Bhopal,Premium,2024-01-06,819
104798,Vikram,Kulkarni,Male,22,Coimbatore,Premium,2022-06-30,830
104799,Kavya,Reddy,Male,36,Delhi,Mass,2023-07-25,707
104800,Nisha,Rao,Male,49,Mangaluru,Mass,2024-03-21,580
104801,Kavya,Kulkarni,Male,49,Shivamogga,Premium,2024-06-12,672
104802,Isha,Shetty,Male,60,Coimbatore,Mass,2024-05-20,789
104803,Aditi,Joshi,Female,67,Mumbai,Mass,2022-11-20,850
104804,Rohan,Kumar,Male,39,Kochi,Mass Affluent,2025-03-02,731
104805,Vikram,Reddy,Female,31,Bengaluru,Premium,2024-10-06,693
104806,Arjun,Singh,Male,25,Delhi,Mass,2025-01-04,850
104807,Vikram,Rao,Male,62,Visakhapatnam,Mass,2023-11-15,763
104808,Vikram,Nair,Female,38,Shivamogga,Wealth,2025-07-27,649
104809,Aditya,Kumar,Female,63,Bengaluru,Premium,2023-07-24,727
104810,Kavya,Shetty,Male,37,Pune,Mass Affluent,2025-03-22,805
104811,Akash,Desai,Female,56,Mysuru,Mass Affluent,2022-10-25,730
104812,Sneha,Sharma,Female,51,Kolkata,Premium,2022-12-28,791
104813,Kiran,Sharma,Male,54,Hubballi,Mass Affluent,2024-02-09,623
104814,Vikram,Kulkarni,Female,51,Shivamogga,Premium,2024-03-22,635
104815,Priya,Rao,Female,35,Noida,Mass Affluent,2024-12-25,684
104816,Aditya,Shetty,Male,25,Mumbai,Mass,2023-03-11,715
104817,Rahul,Mehta,Female,21,Ahmedabad,Premium,2025-06-28,758
104818,Meera,Shetty,Female,40,Indore,Mass Affluent,2023-04-27,780
104819,Isha,Nair,Male,62,Indore,Mass,2024-02-19,850
104820,Rahul,Kumar,Female,51,Jaipur,Mass Affluent,2025-09-22,683
104821,Nisha,Desai,Male,52,Visakhapatnam,Premium,2024-02-27,713
104822,Aditya,Rao,Male,33,Jaipur,Mass,2024-09-22,685
104823,Rahul,Singh,Male,43,Mysuru,Premium,2025-08-19,811
104824,Isha,Rao,Male,40,Visakhapatnam,Mass,2025-11-23,814
104825,Aarav,Verma,Male,27,Noida,Mass Affluent,2023-12-31,704
104826,Neha,Patel,Male,49,Bengaluru,Wealth,2023-09-01,850
104827,Sanjay,Reddy,Female,38,Kolkata,Premium,2022-10-15,685
104828,Sanjay,Shetty,Male,39,Shivamogga,Premium,2024-02-24,807
104829,Vikram,Gupta,Male,49,Gurugram,Mass Affluent,2025-09-02,837
104830,Kiran,Gupta,Female,22,Ahmedabad,Mass Affluent,2023-12-13,640
104831,Vivaan,Joshi,Male,65,Bengaluru,Mass Affluent,2023-05-24,775
104832,Varun,Desai,Female,31,Chennai,Mass,2022-06-06,544
104833,Neha,Iyer,Female,52,Mysuru,Mass Affluent,2023-07-24,793
104834,Kavya,Kumar,Male,57,Mangaluru,Mass Affluent,2022-12-12,658
104835,Aditya,Patel,Male,28,Shivamogga,Mass Affluent,2025-11-27,775
104836,Meera,Mehta,Female,32,Kochi,Mass,2024-02-10,788
104837,Sneha,Verma,Male,40,Chennai,Mass,2022-07-20,813
104838,Sanjay,Iyer,Female,59,Bengaluru,Mass,2022-04-09,797
104839,Aditya,Kumar,Female,50,Jaipur,Mass,2025-05-27,739
104840,Ananya,Patel,Female,42,Gurugram,Mass,2025-09-21,708
104841,Akash,Reddy,Male,60,Mangaluru,Mass,2025-01-18,730
104842,Neha,Patel,Female,43,Noida,Premium,2022-06-30,657
104843,Meera,Nair,Male,62,Shivamogga,Mass,2022-05-24,720
104844,Arjun,Reddy,Female,57,Kolkata,Premium,2022-10-17,715
104845,Kavya,Patel,Female,29,Indore,Mass,2025-01-01,680
104846,Rohan,Singh,Male,39,Mumbai,Premium,2025-01-22,613
104847,Sneha,Verma,Male,22,Jaipur,Mass Affluent,2025-05-08,646
104848,Vikram,Nair,Male,32,Bengaluru,Premium,2022-05-22,514
104849,Meera,Reddy,Female,22,Chennai,Premium,2022-08-12,713
104850,Isha,Rao,Male,25,Bhopal,Mass Affluent,2025-08-07,760
104851,Arjun,Nair,Female,21,Mysuru,Mass,2025-09-17,547
104852,Kiran,Reddy,Female,52,Indore,Mass Affluent,2024-11-25,752
104853,Varun,Verma,Male,40,Mysuru,Mass,2022-06-04,726
104854,Rahul,Kulkarni,Female,43,Delhi,Premium,2022-04-11,653
104855,Meera,Shetty,Male,56,Hubballi,Premium,2022-03-23,705
104856,Isha,Reddy,Male,59,Bengaluru,Mass,2024-10-07,809
104857,Kiran,Singh,Female,46,Mumbai,Mass Affluent,2025-05-20,667
104858,Kavya,Shetty,Male,42,Noida,Mass,2024-07-11,741
104859,Neha,Kulkarni,Female,51,Jaipur,Mass Affluent,2023-01-18,759
104860,Rohan,Mehta,Other,40,Mumbai,Mass Affluent,2025-01-10,677
104861,Priya,Mehta,Male,41,Delhi,Mass Affluent,2022-03-28,806
104862,Nisha,Desai,Female,35,Hubballi,Premium,2025-04-24,763
104863,Vikram,Shetty,Male,29,Jaipur,Mass,2025-07-26,717
104864,Aditi,Gupta,Female,30,Hubballi,Premium,2024-11-14,850
104865,Meera,Rao,Other,51,Bhopal,Mass Affluent,2025-07-07,806
104866,Nisha,Verma,Female,60,Hubballi,Mass,2024-05-05,617
104867,Rohan,Gupta,Female,40,Ahmedabad,Mass,2023-11-15,708
104868,Rohan,Reddy,Male,25,Mumbai,Mass,2023-04-16,850
104869,Isha,Mehta,Female,49,Visakhapatnam,Mass Affluent,2025-09-07,666
104870,Aditi,Sharma,Male,63,Pune,Premium,2024-10-15,740
104871,Aditi,Iyer,Female,45,Indore,Mass,2022-10-06,821
104872,Arjun,Iyer,Male,22,Coimbatore,Mass,2025-10-29,781
104873,Nisha,Kulkarni,Male,24,Delhi,Mass Affluent,2022-03-28,791
104874,Neha,Patel,Male,45,Delhi,Mass,2024-05-07,787
104875,Vikram,Nair,Male,61,Hyderabad,Mass,2022-10-06,737
104876,Kavya,Joshi,Male,23,Chennai,Mass Affluent,2024-08-27,680
104877,Akash,Patel,Male,56,Delhi,Mass,2023-08-26,765
104878,Aditi,Kumar,Female,57,Mangaluru,Premium,2023-10-01,707
104879,Priya,Iyer,Female,23,Mumbai,Mass,2024-09-07,701
104880,Arjun,Mehta,Male,30,Bhopal,Mass Affluent,2025-01-08,839
104881,Neha,Joshi,Female,21,Visakhapatnam,Mass,2023-07-09,708
104882,Vikram,Mehta,Male,47,Mysuru,Mass,2025-12-27,850
104883,Neha,Rao,Female,29,Jaipur,Mass Affluent,2023-12-29,753
104884,Vivaan,Desai,Male,64,Shivamogga,Mass Affluent,2022-08-23,724
104885,Rahul,Desai,Female,25,Ahmedabad,Wealth,2022-01-10,608
104886,Sneha,Verma,Male,51,Kolkata,Mass,2022-10-23,850
104887,Aditi,Rao,Male,57,Bhopal,Mass Affluent,2024-10-05,735
104888,Akash,Reddy,Female,29,Jaipur,Mass Affluent,2024-02-27,576
104889,Sanjay,Verma,Female,32,Coimbatore,Mass,2023-05-09,804
104890,Priya,Sharma,Female,58,Coimbatore,Premium,2023-12-04,731
104891,Sneha,Rao,Male,25,Kolkata,Mass,2025-05-08,670
104892,Varun,Gupta,Female,41,Chennai,Premium,2024-04-14,800
104893,Aarav,Rao,Female,32,Mumbai,Mass Affluent,2022-03-26,557
104894,Sneha,Gupta,Male,21,Mumbai,Mass,2022-03-13,685
104895,Isha,Joshi,Male,42,Hyderabad,Mass Affluent,2023-12-05,714
104896,Nisha,Joshi,Male,43,Pune,Mass,2023-08-14,795
104897,Varun,Shetty,Male,37,Mumbai,Mass Affluent,2025-05-26,850
104898,Meera,Nair,Male,59,Noida,Premium,2024-05-01,718
104899,Meera,Joshi,Male,25,Pune,Mass Affluent,2025-01-10,767
104900,Meera,Nair,Female,41,Mumbai,Mass,2024-05-04,850
104901,Sneha,Shetty,Female,29,Jaipur,Mass,2023-05-20,735
104902,Rahul,Kumar,Female,56,Mumbai,Mass Affluent,2024-08-17,768
104903,Rohan,Gupta,Female,47,Mangaluru,Mass Affluent,2024-06-26,648
104904,Kavya,Singh,Male,54,Bengaluru,Mass Affluent,2024-11-17,850
104905,Aditi,Singh,Female,26,Kochi,Mass,2022-10-04,685
104906,Rahul,Iyer,Female,42,Indore,Mass Affluent,2024-07-25,754
104907,Vikram,Patel,Female,23,Ahmedabad,Premium,2023-02-21,752
104908,Akash,Gupta,Male,36,Mysuru,Mass Affluent,2025-02-27,741
104909,Aditi,Rao,Female,65,Noida,Mass,2025-03-11,705
104910,Rahul,Kulkarni,Female,55,Pune,Mass Affluent,2024-07-01,752
104911,Sanjay,Singh,Female,24,Mumbai,Mass,2025-10-14,850
104912,Rahul,Shetty,Female,38,Indore,Premium,2024-02-24,850
104913,Ananya,Nair,Female,61,Coimbatore,Premium,2022-02-06,723
104914,Vikram,Verma,Female,28,Jaipur,Premium,2024-06-04,704
104915,Priya,Gupta,Female,56,Gurugram,Mass,2025-02-09,678
104916,Rahul,Desai,Other,36,Noida,Mass Affluent,2022-05-28,850
104917,Vivaan,Desai,Female,43,Indore,Premium,2022-06-02,744
104918,Neha,Patel,Male,62,Ahmedabad,Mass,2023-02-03,813
104919,Meera,Joshi,Female,52,Noida,Mass,2025-05-17,784
104920,Kavya,Gupta,Male,34,Mysuru,Mass,2024-02-10,850
104921,Rahul,Shetty,Male,21,Visakhapatnam,Mass Affluent,2025-11-26,718
104922,Arjun,Nair,Male,32,Coimbatore,Mass,2025-06-28,658
104923,Kavya,Reddy,Female,40,Hyderabad,Mass,2024-03-21,850
104924,Arjun,Shetty,Male,27,Pune,Mass Affluent,2024-09-18,798
104925,Vivaan,Rao,Male,62,Visakhapatnam,Premium,2023-04-29,767
104926,Isha,Sharma,Male,23,Visakhapatnam,Premium,2022-05-12,842
104927,Sneha,Shetty,Female,46,Chennai,Mass Affluent,2023-08-06,771
104928,Rahul,Mehta,Female,66,Shivamogga,Premium,2024-05-14,845
104929,Rahul,Shetty,Other,36,Kochi,Mass Affluent,2022-09-24,752
104930,Rahul,Kulkarni,Male,46,Kolkata,Premium,2022-11-20,798
104931,Kiran,Joshi,Male,24,Indore,Mass,2022-01-22,772
104932,Aarav,Sharma,Female,55,Gurugram,Premium,2024-12-07,712
104933,Aarav,Verma,Male,66,Noida,Premium,2025-08-06,721
104934,Neha,Kumar,Other,57,Mangaluru,Mass Affluent,2025-04-23,707
104935,Aarav,Sharma,Female,28,Kolkata,Mass,2023-07-09,754
104936,Kiran,Reddy,Female,37,Hyderabad,Mass,2024-05-16,703
104937,Sneha,Kulkarni,Male,55,Shivamogga,Mass,2025-11-03,766
104938,Aarav,Rao,Male,58,Kochi,Mass,2024-05-13,763
104939,Aditi,Singh,Female,39,Mumbai,Mass,2023-03-08,749
104940,Aditi,Shetty,Male,66,Shivamogga,Mass,2023-05-10,751
104941,Sneha,Joshi,Female,30,Visakhapatnam,Mass,2024-11-27,695
104942,Aditi,Reddy,Female,55,Visakhapatnam,Premium,2023-10-14,715
104943,Varun,Kulkarni,Male,44,Delhi,Mass Affluent,2025-05-07,618
104944,Vivaan,Desai,Male,54,Pune,Premium,2025-06-15,727
104945,Arjun,Joshi,Female,49,Hubballi,Mass,2022-02-22,666
104946,Kiran,Joshi,Male,41,Kolkata,Mass,2024-11-22,742
104947,Meera,Desai,Female,59,Kolkata,Mass,2023-06-25,685
104948,Vikram,Iyer,Female,60,Kolkata,Premium,2024-01-29,591
104949,Sanjay,Joshi,Female,59,Kochi,Mass,2023-01-22,850
104950,Sneha,Joshi,Male,25,Delhi,Mass Affluent,2023-06-22,719
104951,Ananya,Iyer,Male,40,Ahmedabad,Mass,2023-04-28,836
104952,Ananya,Nair,Female,56,Ahmedabad,Mass,2022-03-15,698
104953,Vivaan,Sharma,Female,61,Kochi,Mass,2025-02-16,850
104954,Isha,Nair,Female,38,Jaipur,Mass Affluent,2022-07-28,654
104955,Priya,Iyer,Female,55,Bengaluru,Mass,2023-07-03,747
104956,Rahul,Singh,Female,47,Kolkata,Premium,2022-10-09,659
104957,Nisha,Joshi,Male,31,Visakhapatnam,Mass,2022-08-23,850
104958,Varun,Iyer,Male,62,Noida,Mass,2023-06-30,718
104959,Kiran,Joshi,Female,41,Gurugram,Mass,2025-09-03,793
104960,Sanjay,Mehta,Male,49,Kolkata,Wealth,2025-10-10,767
104961,Aditya,Nair,Female,34,Noida,Mass Affluent,2023-07-12,733
104962,Sanjay,Nair,Male,22,Chennai,Mass Affluent,2024-01-08,771
104963,Nisha,Kumar,Male,42,Visakhapatnam,Mass Affluent,2025-12-10,830
104964,Rahul,Mehta,Male,54,Mysuru,Premium,2022-12-09,782
104965,Meera,Sharma,Female,36,Coimbatore,Mass,2025-10-11,746
104966,Kiran,Shetty,Female,64,Hubballi,Premium,2022-06-04,771
104967,Nisha,Reddy,Male,56,Shivamogga,Premium,2022-11-26,850
104968,Arjun,Rao,Male,51,Kolkata,Mass,2023-05-09,706
104969,Rahul,Joshi,Male,58,Kolkata,Mass,2022-02-24,605
104970,Kiran,Singh,Male,61,Indore,Mass Affluent,2025-04-05,658
104971,Arjun,Sharma,Female,54,Pune,Mass,2025-06-02,663
104972,Kiran,Rao,Male,59,Bengaluru,Mass,2023-07-14,673
104973,Aditi,Joshi,Male,54,Pune,Mass,2025-05-06,676
104974,Aditi,Kumar,Male,61,Gurugram,Mass,2025-02-01,733
104975,Sneha,Desai,Female,25,Hyderabad,Mass Affluent,2025-03-16,752
104976,Arjun,Sharma,Female,37,Pune,Mass Affluent,2025-03-17,752
104977,Rahul,Nair,Female,62,Indore,Mass Affluent,2024-04-17,684
104978,Sanjay,Reddy,Female,43,Noida,Mass Affluent,2022-06-11,805
104979,Rohan,Patel,Other,21,Ahmedabad,Mass,2025-09-10,772
104980,Aditya,Sharma,Male,60,Jaipur,Mass Affluent,2024-06-07,846
104981,Isha,Reddy,Female,51,Chennai,Premium,2025-08-08,794
104982,Aarav,Kulkarni,Female,63,Jaipur,Mass,2025-11-01,711
104983,Kiran,Iyer,Male,21,Visakhapatnam,Mass Affluent,2022-10-01,826
104984,Vikram,Kulkarni,Female,27,Jaipur,Premium,2023-08-11,754
104985,Rohan,Singh,Female,44,Pune,Mass Affluent,2022-10-09,791
104986,Kavya,Rao,Female,29,Kochi,Mass,2022-03-16,785
104987,Isha,Patel,Male,45,Shivamogga,Mass,2025-11-11,726
104988,Neha,Patel,Male,37,Mysuru,Mass Affluent,2025-09-10,742
104989,Meera,Sharma,Female,30,Chennai,Mass Affluent,2025-09-22,726
104990,Sneha,Mehta,Male,57,Gurugram,Premium,2025-07-14,675
104991,Kiran,Verma,Male,22,Delhi,Mass Affluent,2024-08-05,585
104992,Rahul,Rao,Male,62,Pune,Mass,2024-02-02,686
104993,Sanjay,Mehta,Female,28,Pune,Premium,2025-12-18,749
104994,Arjun,Singh,Female,48,Indore,Mass Affluent,2024-03-17,811
104995,Akash,Verma,Female,67,Pune,Wealth,2024-07-26,791
104996,Isha,Nair,Female,26,Kochi,Premium,2022-11-06,715
104997,Akash,Shetty,Male,64,Pune,Mass,2024-12-26,687
104998,Neha,Gupta,Male,35,Mangaluru,Mass Affluent,2025-04-11,722
104999,Sneha,Nair,Male,55,Mysuru,Mass Affluent,2024-09-17,667
105000,Aditi,Sharma,Male,61,Shivamogga,Mass,2023-12-29,587
