ticket_id,customer_id,created_date,issue_type,priority,status,resolution_hours
4000001,100870,2025-02-11,General Query,Medium,Open,25.2
4000002,104091,2025-08-10,Account Access,Medium,Resolved,36.7
4000003,104518,2025-09-10,Fraud Concern,Low,In Progress,15.9
4000004,100963,2025-06-01,Transaction Failure,Low,Resolved,12.1
4000005,104845,2025-01-22,ATM Issue,Medium,Resolved,6.8
4000006,100904,2025-06-27,Payment Dispute,Medium,Resolved,17.9
4000007,104719,2025-09-25,Account Access,Medium,Open,5.8
4000008,102825,2025-09-27,Transaction Failure,Critical,Resolved,12.7
4000009,100812,2025-10-25,Payment Dispute,Low,In Progress,2.9
4000010,100799,2025-03-05,Card Issue,Medium,Resolved,13.3
4000011,100398,2025-05-28,ATM Issue,Low,Resolved,13.4
4000012,104349,2025-06-03,Transaction Failure,Low,Resolved,29.1
4000013,100757,2025-04-09,Payment Dispute,Low,Open,40.9
4000014,104416,2025-03-01,Card Issue,Low,In Progress,24.5
4000015,104355,2025-12-19,General Query,Medium,Resolved,28.7
4000016,102588,2025-08-13,Payment Dispute,High,Resolved,2.7
4000017,102135,2025-06-04,ATM Issue,High,In Progress,8.9
4000018,101636,2025-05-31,Fraud Concern,Low,Resolved,9.8
4000019,101250,2025-03-12,General Query,Medium,Resolved,8.1
4000020,102079,2025-11-04,General Query,Medium,Resolved,37.1
4000021,102203,2025-02-28,Account Access,High,In Progress,6.7
4000022,101049,2025-05-02,Payment Dispute,Low,Resolved,6.6
4000023,104417,2025-04-27,Account Access,High,Resolved,25.6
4000024,100984,2025-05-08,ATM Issue,Medium,Resolved,21.8
4000025,102129,2025-11-07,ATM Issue,High,Resolved,18.3
4000026,101194,2025-08-09,Transaction Failure,Low,Resolved,25.5
4000027,101126,2025-07-25,Fraud Concern,Medium,Resolved,4.0
4000028,100123,2025-08-02,Payment Dispute,Low,Resolved,11.1
4000029,102248,2025-02-11,Transaction Failure,Low,Resolved,12.4
4000030,101998,2025-08-05,Account Access,Medium,Resolved,22.7
4000031,103607,2025-11-26,ATM Issue,Medium,Resolved,68.2
4000032,100816,2025-05-08,General Query,High,Resolved,5.0
4000033,103585,2025-08-30,General Query,Low,Resolved,24.4
4000034,103400,2025-12-07,Payment Dispute,Medium,Open,15.4
4000035,104793,2025-05-11,Payment Dispute,Critical,Resolved,8.0
4000036,101514,2025-01-16,Account Access,Medium,Resolved,3.6
4000037,100690,2025-12-07,Account Access,Low,Resolved,20.2
4000038,101751,2025-08-19,Card Issue,Low,Resolved,29.9
4000039,101547,2025-07-24,Account Access,High,Resolved,9.1
4000040,101698,2025-02-28,Fraud Concern,Medium,Resolved,8.8
4000041,100330,2025-11-08,ATM Issue,Medium,In Progress,9.4
4000042,104897,2025-06-26,Transaction Failure,High,Resolved,7.1
4000043,100343,2025-11-09,Payment Dispute,Low,Resolved,5.5
4000044,101801,2025-12-19,Card Issue,Medium,Open,20.4
4000045,104524,2025-10-18,Account Access,Low,Resolved,11.0
4000046,104790,2025-02-02,Transaction Failure,Medium,Resolved,51.9
4000047,103240,2025-11-06,Account Access,Low,Resolved,24.7
4000048,101320,2025-03-30,Fraud Concern,Medium,In Progress,12.2
4000049,104777,2025-07-22,Card Issue,Low,Resolved,28.3
4000050,100994,2025-04-13,Payment Dispute,Low,Resolved,26.3
4000051,102427,2025-04-21,General Query,Low,Resolved,10.9
4000052,102334,2025-09-16,Transaction Failure,High,Resolved,29.2
4000053,100071,2025-03-17,ATM Issue,Medium,Resolved,55.3
4000054,101004,2025-12-05,Transaction Failure,High,Resolved,24.6
4000055,103742,2025-12-21,ATM Issue,Medium,Resolved,48.9
4000056,104611,2025-02-18,Fraud Concern,Medium,Resolved,12.8
4000057,102660,2025-01-15,Card Issue,High,Resolved,15.1
4000058,102984,2025-02-01,Card Issue,Low,Resolved,3.0
4000059,104735,2025-09-21,ATM Issue,Medium,Resolved,21.7
4000060,104154,2025-08-06,Card Issue,Medium,Resolved,7.9
4000061,102190,2025-09-02,Transaction Failure,Critical,Resolved,13.1
4000062,100133,2025-09-01,Payment Dispute,Low,Resolved,7.9
4000063,104525,2025-10-23,Payment Dispute,High,Resolved,12.6
4000064,102707,2025-10-24,Account Access,Low,Resolved,29.6
4000065,103086,2025-04-10,Account Access,Low,In Progress,13.7
4000066,100860,2025-09-06,ATM Issue,Low,Resolved,4.3
4000067,101363,2025-06-03,Fraud Concern,Low,Resolved,8.4
4000068,100598,2025-05-16,ATM Issue,Medium,Resolved,24.9
4000069,103554,2025-10-06,Account Access,High,Resolved,27.1
4000070,103842,2025-10-26,General Query,Medium,Open,16.2
4000071,103412,2025-05-28,General Query,Medium,Open,33.9
4000072,101012,2025-06-21,Account Access,Low,Resolved,38.4
4000073,103885,2025-07-22,ATM Issue,Low,Resolved,6.3
4000074,100251,2025-03-18,General Query,Low,Resolved,17.4
4000075,102659,2025-12-13,Transaction Failure,Medium,Resolved,42.0
4000076,104246,2025-04-15,ATM Issue,Low,Resolved,6.0
4000077,104281,2025-04-27,Account Access,High,Resolved,11.3
4000078,104458,2025-06-20,Account Access,Medium,Resolved,56.7
4000079,104759,2025-05-12,Account Access,Low,Resolved,54.6
4000080,104973,2025-04-28,Payment Dispute,Critical,Resolved,6.2
4000081,101376,2025-04-29,Transaction Failure,Low,Resolved,4.0
4000082,102875,2025-08-12,General Query,Low,Resolved,9.1
4000083,104227,2025-12-21,Transaction Failure,Medium,Resolved,17.4
4000084,104272,2025-03-20,General Query,High,Resolved,34.8
4000085,104813,2025-05-15,Fraud Concern,High,Resolved,26.0
4000086,100724,2025-02-05,ATM Issue,Low,Resolved,12.4
4000087,101381,2025-09-08,ATM Issue,High,Resolved,36.1
4000088,102380,2025-11-01,Account Access,Medium,Resolved,8.2
4000089,103549,2025-11-18,Fraud Concern,Medium,Resolved,0.5
4000090,102809,2025-05-28,ATM Issue,High,Resolved,38.6
4000091,104282,2025-05-12,Fraud Concern,Low,Resolved,13.1
4000092,103524,2025-06-01,Payment Dispute,High,Resolved,11.7
4000093,102575,2025-12-28,General Query,Low,Resolved,25.6
4000094,101419,2025-05-17,Account Access,Medium,Resolved,11.6
4000095,100978,2025-12-16,Transaction Failure,High,Resolved,13.5
4000096,104067,2025-06-26,Card Issue,Medium,Resolved,37.7
4000097,104459,2025-06-03,Fraud Concern,Medium,Resolved,8.0
4000098,104989,2025-10-12,Transaction Failure,Critical,Resolved,13.0
4000099,102794,2025-12-16,Account Access,Medium,Resolved,19.4
4000100,104664,2025-06-19,Card Issue,Medium,In Progress,37.2
4000101,100703,2025-04-27,ATM Issue,Low,Resolved,6.2
4000102,101677,2025-11-01,Payment Dispute,Critical,Resolved,10.9
4000103,103489,2025-06-22,Card Issue,High,Open,6.1
4000104,101582,2025-12-11,Card Issue,Low,Resolved,28.4
4000105,101058,2025-07-29,Fraud Concern,Low,Resolved,12.8
4000106,101368,2025-06-12,Fraud Concern,Medium,Resolved,19.8
4000107,100186,2025-08-09,General Query,Critical,Resolved,5.2
4000108,104332,2025-02-25,Account Access,Low,Open,6.9
4000109,104955,2025-09-25,Fraud Concern,Low,Resolved,14.5
4000110,104115,2025-05-07,Transaction Failure,Low,Resolved,21.6
4000111,100805,2025-11-18,ATM Issue,Medium,Resolved,38.2
4000112,101845,2025-02-26,Payment Dispute,Low,Open,33.5
4000113,101334,2025-04-06,Fraud Concern,Low,Resolved,13.5
4000114,101303,2025-01-06,Card Issue,Low,Resolved,13.9
4000115,104782,2025-11-27,Fraud Concern,High,Open,18.8
4000116,103985,2025-01-16,Card Issue,High,Resolved,19.9
4000117,101906,2025-08-29,General Query,Medium,Resolved,9.5
4000118,103013,2025-07-04,Account Access,Low,Resolved,55.1
4000119,102712,2025-04-03,Payment Dispute,Medium,Resolved,42.1
4000120,101430,2025-09-11,General Query,Medium,Resolved,21.0
4000121,102419,2025-03-19,Card Issue,High,In Progress,28.7
4000122,103356,2025-05-22,Fraud Concern,Medium,Resolved,9.2
4000123,101195,2025-10-19,General Query,Medium,Resolved,10.3
4000124,102159,2025-09-07,General Query,Critical,Resolved,23.5
4000125,102660,2025-06-06,Card Issue,Low,Resolved,9.2
4000126,104440,2025-07-06,Transaction Failure,Medium,Resolved,15.2
4000127,100215,2025-12-07,Account Access,Medium,Resolved,8.1
4000128,104392,2025-03-15,Account Access,Medium,Resolved,14.9
4000129,103433,2025-06-02,General Query,Low,Open,37.2
4000130,100509,2025-02-26,Transaction Failure,Low,Open,26.7
4000131,102538,2025-01-26,ATM Issue,Medium,Resolved,16.3
4000132,102604,2025-06-21,Card Issue,High,Resolved,14.0
4000133,101883,2025-01-05,Account Access,Critical,Resolved,19.6
4000134,100034,2025-03-23,General Query,Medium,Open,16.5
4000135,102584,2025-10-16,Payment Dispute,Low,Resolved,27.6
4000136,104107,2025-12-28,Fraud Concern,Low,Resolved,17.8
4000137,102821,2025-07-28,Payment Dispute,Low,Resolved,6.2
4000138,101763,2025-07-16,ATM Issue,Medium,Resolved,18.5
4000139,100402,2025-04-01,General Query,Critical,Resolved,18.4
4000140,104644,2025-04-16,Payment Dispute,Low,Open,11.1
4000141,102208,2025-12-14,General Query,High,Open,0.7
4000142,102001,2025-01-21,Card Issue,Low,Open,27.0
4000143,102093,2025-11-18,Transaction Failure,Low,Resolved,7.6
4000144,104976,2025-04-05,ATM Issue,Medium,Resolved,14.1
4000145,104474,2025-06-02,General Query,Medium,Open,25.3
4000146,103913,2025-05-05,General Query,Medium,Resolved,21.2
4000147,100653,2025-03-15,General Query,Medium,Resolved,7.2
4000148,100289,2025-10-06,Transaction Failure,High,Open,13.1
4000149,100742,2025-11-15,Transaction Failure,Medium,Resolved,6.3
4000150,102561,2025-12-08,Payment Dispute,High,Resolved,8.3
4000151,104073,2025-01-02,ATM Issue,Low,Resolved,7.4
4000152,100648,2025-10-23,Transaction Failure,High,Resolved,24.3
4000153,104059,2025-12-06,Fraud Concern,Low,Open,8.3
4000154,102914,2025-07-10,Account Access,Low,Resolved,11.9
4000155,103590,2025-02-22,Card Issue,Low,Resolved,20.0
4000156,102749,2025-05-01,Transaction Failure,Low,Resolved,10.3
4000157,103516,2025-10-22,Transaction Failure,Medium,Resolved,26.7
4000158,100816,2025-01-20,General Query,Medium,Open,50.5
4000159,100251,2025-09-05,Transaction Failure,Medium,Resolved,34.8
4000160,104653,2025-02-11,Payment Dispute,Low,Open,5.1
4000161,101454,2025-05-07,Fraud Concern,Low,Open,20.3
4000162,103095,2025-05-28,ATM Issue,Low,Resolved,11.9
4000163,104077,2025-06-09,Card Issue,Medium,Resolved,50.0
4000164,100928,2025-01-12,Card Issue,Medium,Resolved,20.3
4000165,104135,2025-03-09,Card Issue,Medium,Open,51.0
4000166,103249,2025-07-20,Card Issue,High,Resolved,10.5
4000167,102518,2025-05-08,Account Access,Low,Resolved,10.0
4000168,100803,2025-09-19,General Query,Medium,Open,18.8
4000169,101829,2025-09-21,Fraud Concern,Low,In Progress,6.4
4000170,103987,2025-03-22,General Query,Low,Resolved,6.1
4000171,100219,2025-01-28,General Query,Low,Resolved,12.3
4000172,101649,2025-07-17,Account Access,Low,Resolved,13.0
4000173,104350,2025-10-05,Payment Dispute,High,Resolved,40.7
4000174,103657,2025-09-11,Transaction Failure,Medium,Resolved,23.8
4000175,104853,2025-07-22,Transaction Failure,Medium,Resolved,4.5
4000176,100318,2025-06-17,Payment Dispute,High,Resolved,50.2
4000177,102182,2025-12-25,Card Issue,Critical,Resolved,17.6
4000178,102054,2025-08-16,Card Issue,Medium,Resolved,5.0
4000179,101854,2025-10-06,Fraud Concern,Medium,Resolved,10.4
4000180,102078,2025-07-03,Card Issue,Medium,Resolved,17.7
4000181,100834,2025-02-17,General Query,Low,Resolved,20.9
4000182,101064,2025-02-20,Transaction Failure,Low,Resolved,31.3
4000183,104692,2025-03-31,Payment Dispute,Medium,Resolved,22.9
4000184,100181,2025-09-21,General Query,Medium,Resolved,17.8
4000185,101111,2025-03-17,Payment Dispute,Medium,Resolved,8.3
4000186,100559,2025-03-29,ATM Issue,Medium,Resolved,13.8
4000187,101609,2025-06-19,General Query,Medium,Resolved,5.3
4000188,103184,2025-05-17,ATM Issue,Low,Resolved,14.0
4000189,102416,2025-02-09,General Query,Low,Open,10.1
4000190,102420,2025-10-10,Transaction Failure,Medium,Resolved,39.2
4000191,100115,2025-11-02,Card Issue,Low,In Progress,15.3
4000192,103938,2025-08-10,General Query,High,Resolved,42.6
4000193,104439,2025-10-13,Card Issue,Medium,Resolved,9.1
4000194,101696,2025-11-15,Card Issue,Low,Resolved,5.6
4000195,100706,2025-12-26,ATM Issue,Low,In Progress,23.6
4000196,104378,2025-02-09,Card Issue,Low,Open,1.9
4000197,103772,2025-08-06,ATM Issue,Low,Resolved,11.2
4000198,103114,2025-04-23,Card Issue,Critical,Resolved,11.0
4000199,102659,2025-03-13,Transaction Failure,High,Resolved,15.2
4000200,100920,2025-07-19,Payment Dispute,Medium,In Progress,21.5
4000201,100889,2025-05-26,Payment Dispute,Low,Resolved,11.6
4000202,104275,2025-03-14,General Query,High,Resolved,38.0
4000203,104124,2025-04-05,Transaction Failure,High,Resolved,19.6
4000204,100574,2025-03-05,Transaction Failure,Medium,Resolved,14.2
4000205,104016,2025-07-21,Payment Dispute,Medium,Resolved,56.9
4000206,101842,2025-02-02,Transaction Failure,High,Resolved,18.4
4000207,103719,2025-11-02,Card Issue,Low,Resolved,14.1
4000208,101067,2025-02-17,ATM Issue,Medium,Open,32.1
4000209,102524,2025-12-09,ATM Issue,Medium,Resolved,17.3
4000210,102505,2025-07-13,Payment Dispute,Medium,Resolved,31.2
4000211,102488,2025-07-08,Fraud Concern,Medium,Resolved,20.9
4000212,104338,2025-01-29,Account Access,Low,Resolved,6.9
4000213,100156,2025-06-30,ATM Issue,Low,Resolved,4.6
4000214,104611,2025-03-22,Transaction Failure,Medium,Resolved,25.6
4000215,103204,2025-01-26,Account Access,Low,Resolved,29.4
4000216,104076,2025-12-12,Account Access,Low,Resolved,4.8
4000217,102258,2025-05-19,Fraud Concern,High,Resolved,14.2
4000218,102039,2025-07-06,Transaction Failure,High,Open,25.4
4000219,100652,2025-08-05,General Query,Medium,Resolved,22.4
4000220,104567,2025-10-28,Fraud Concern,Medium,Resolved,5.6
4000221,101822,2025-06-27,General Query,Medium,Resolved,11.3
4000222,103212,2025-09-18,Account Access,High,Resolved,9.1
4000223,102344,2025-07-12,Transaction Failure,Low,Resolved,44.3
4000224,103615,2025-11-04,Transaction Failure,Medium,Resolved,11.0
4000225,101757,2025-02-06,Transaction Failure,Medium,In Progress,18.5
4000226,102901,2025-06-06,Fraud Concern,Low,In Progress,15.2
4000227,100563,2025-04-05,Card Issue,Low,Resolved,4.5
4000228,103163,2025-09-25,Transaction Failure,Critical,Resolved,23.2
4000229,101237,2025-01-17,ATM Issue,Medium,Open,18.4
4000230,101448,2025-12-01,ATM Issue,Medium,Resolved,23.2
4000231,102843,2025-10-16,Card Issue,Medium,Resolved,15.3
4000232,100939,2025-11-29,ATM Issue,Medium,Resolved,27.0
4000233,101775,2025-01-09,Payment Dispute,Low,Resolved,16.1
4000234,103340,2025-01-02,Account Access,Low,Resolved,9.4
4000235,103444,2025-07-30,Payment Dispute,Medium,Resolved,5.3
4000236,103492,2025-10-09,Fraud Concern,Low,Resolved,67.9
4000237,101163,2025-07-10,General Query,High,Resolved,31.9
4000238,100309,2025-03-22,Card Issue,High,Open,8.9
4000239,104350,2025-05-24,General Query,Critical,Resolved,24.5
4000240,102533,2025-08-16,Account Access,Medium,Resolved,12.4
4000241,102957,2025-07-03,Card Issue,Medium,Resolved,14.9
4000242,101341,2025-08-29,Transaction Failure,High,Resolved,2.1
4000243,102146,2025-03-31,Fraud Concern,Medium,Open,16.2
4000244,101028,2025-01-17,ATM Issue,High,Resolved,16.8
4000245,101074,2025-11-28,Fraud Concern,Critical,Resolved,11.7
4000246,102003,2025-11-03,Card Issue,Low,Resolved,4.6
4000247,102026,2025-08-25,ATM Issue,High,Resolved,14.7
4000248,101515,2025-07-05,Account Access,Medium,Open,14.7
4000249,102879,2025-02-23,Card Issue,Medium,Open,61.8
4000250,101115,2025-07-23,Payment Dispute,High,In Progress,7.6
4000251,101435,2025-07-29,General Query,Low,Resolved,9.2
4000252,101392,2025-07-29,General Query,Medium,Resolved,10.2
4000253,100946,2025-06-15,Payment Dispute,High,Resolved,5.4
4000254,101085,2025-07-14,General Query,High,Resolved,40.7
4000255,104838,2025-02-15,Account Access,Low,Resolved,15.7
4000256,103371,2025-03-16,Card Issue,Medium,Resolved,5.4
4000257,101521,2025-05-08,ATM Issue,High,Resolved,10.3
4000258,100537,2025-07-02,General Query,Medium,Resolved,8.3
4000259,101034,2025-06-18,Account Access,Low,Resolved,8.8
4000260,102673,2025-12-31,Account Access,Low,Resolved,15.5
4000261,102480,2025-04-29,General Query,Low,Resolved,20.1
4000262,102587,2025-12-21,Transaction Failure,Medium,Resolved,9.5
4000263,101405,2025-04-20,Payment Dispute,Medium,Resolved,15.8
4000264,103652,2025-10-22,General Query,Low,Open,10.8
4000265,103578,2025-04-24,Account Access,High,Resolved,25.4
4000266,104145,2025-12-14,Fraud Concern,Low,Resolved,28.2
4000267,103535,2025-08-24,Card Issue,Critical,Resolved,20.0
4000268,101407,2025-08-23,General Query,Medium,Resolved,14.7
4000269,103821,2025-08-14,Account Access,Low,Resolved,2.9
4000270,100939,2025-10-24,Payment Dispute,Low,Resolved,6.2
4000271,102639,2025-11-25,ATM Issue,Low,Resolved,8.0
4000272,101547,2025-05-13,Payment Dispute,Low,Resolved,5.9
4000273,103572,2025-07-21,Fraud Concern,Low,Resolved,6.2
4000274,103364,2025-03-26,Transaction Failure,Medium,Resolved,17.3
4000275,100457,2025-04-14,Card Issue,Low,Resolved,18.5
4000276,103376,2025-12-29,General Query,Low,Resolved,7.8
4000277,102657,2025-09-24,Card Issue,Medium,In Progress,34.3
4000278,101365,2025-10-26,Account Access,Low,Resolved,14.9
4000279,104163,2025-10-15,Fraud Concern,Low,Open,41.1
4000280,102356,2025-12-15,Fraud Concern,Low,Resolved,13.9
4000281,102315,2025-11-14,General Query,Critical,Resolved,26.5
4000282,104086,2025-11-05,Fraud Concern,Low,Open,20.4
4000283,101758,2025-10-18,General Query,Low,Resolved,2.9
4000284,104160,2025-12-24,Transaction Failure,High,Resolved,48.0
4000285,103422,2025-07-23,Fraud Concern,Low,Resolved,0.7
4000286,101162,2025-04-17,General Query,Medium,Resolved,37.9
4000287,101874,2025-10-13,Transaction Failure,Medium,Open,17.3
4000288,103318,2025-04-25,ATM Issue,Medium,Resolved,17.2
4000289,100291,2025-03-13,Account Access,Medium,Open,5.1
4000290,100696,2025-01-31,Fraud Concern,Low,Resolved,23.5
4000291,100038,2025-11-12,Fraud Concern,Low,Resolved,7.6
4000292,102731,2025-05-22,Account Access,Low,Resolved,22.8
4000293,103201,2025-04-20,Payment Dispute,Medium,Resolved,15.1
4000294,100103,2025-08-29,Account Access,Medium,Resolved,5.8
4000295,101123,2025-11-02,Account Access,Medium,In Progress,2.3
4000296,101977,2025-11-25,ATM Issue,Medium,In Progress,4.4
4000297,104409,2025-12-17,Account Access,Low,Open,9.4
4000298,102541,2025-03-17,ATM Issue,Medium,Resolved,7.9
4000299,102568,2025-06-03,Transaction Failure,Medium,Resolved,3.6
4000300,102943,2025-12-13,General Query,Medium,In Progress,18.1
4000301,103508,2025-03-21,Account Access,Low,Resolved,25.2
4000302,104487,2025-03-05,Card Issue,Low,In Progress,26.6
4000303,101577,2025-10-14,Payment Dispute,Low,In Progress,2.3
4000304,104954,2025-04-11,General Query,High,Resolved,15.5
4000305,103932,2025-02-27,General Query,Medium,Resolved,12.9
4000306,100799,2025-02-27,Payment Dispute,Medium,Resolved,18.3
4000307,101819,2025-10-20,ATM Issue,High,Resolved,26.5
4000308,103320,2025-11-30,General Query,Medium,Resolved,57.6
4000309,101032,2025-09-21,Transaction Failure,Medium,Resolved,5.1
4000310,103028,2025-11-09,ATM Issue,Medium,Resolved,27.1
4000311,104295,2025-10-22,Fraud Concern,High,Resolved,4.8
4000312,101659,2025-01-18,Card Issue,Low,Resolved,15.8
4000313,102667,2025-11-01,General Query,Low,Resolved,15.1
4000314,103352,2025-07-21,ATM Issue,Low,Resolved,8.4
4000315,101271,2025-02-21,General Query,Medium,In Progress,2.1
4000316,101158,2025-05-04,General Query,High,Resolved,27.8
4000317,102199,2025-02-18,Payment Dispute,Low,Resolved,27.2
4000318,102730,2025-11-20,Transaction Failure,Medium,Resolved,14.7
4000319,104259,2025-11-17,ATM Issue,Medium,Resolved,18.6
4000320,104889,2025-04-27,Transaction Failure,Critical,Resolved,5.4
4000321,100937,2025-12-02,ATM Issue,Medium,Resolved,7.2
4000322,100659,2025-05-22,Card Issue,High,Resolved,1.8
4000323,103458,2025-10-26,ATM Issue,Critical,Open,10.0
4000324,104817,2025-12-19,Account Access,Medium,Resolved,9.9
4000325,100679,2025-08-11,Fraud Concern,Low,In Progress,18.3
4000326,102369,2025-06-15,Card Issue,Medium,Resolved,19.8
4000327,102042,2025-03-12,Card Issue,High,Resolved,50.5
4000328,104387,2025-09-02,ATM Issue,Medium,Open,2.5
4000329,101728,2025-09-22,Payment Dispute,Low,Resolved,15.6
4000330,100112,2025-06-25,Fraud Concern,Medium,Resolved,17.1
4000331,102035,2025-12-01,Transaction Failure,Low,In Progress,4.3
4000332,102621,2025-09-14,Transaction Failure,High,Open,46.7
4000333,100450,2025-01-24,ATM Issue,Medium,Resolved,20.9
4000334,102764,2025-09-29,Account Access,Low,Resolved,10.9
4000335,102624,2025-10-28,ATM Issue,High,Resolved,7.1
4000336,101772,2025-06-21,Card Issue,Medium,Resolved,42.5
4000337,103782,2025-02-12,Transaction Failure,Low,Resolved,20.9
4000338,102811,2025-05-10,Card Issue,Low,Resolved,23.2
4000339,100508,2025-03-11,ATM Issue,Low,In Progress,13.2
4000340,102668,2025-03-28,Card Issue,High,Resolved,3.2
4000341,101410,2025-01-15,Payment Dispute,Low,Resolved,28.8
4000342,101968,2025-02-14,Account Access,High,Resolved,9.0
4000343,104959,2025-09-16,Transaction Failure,Low,Resolved,48.6
4000344,104695,2025-08-04,Fraud Concern,Medium,Resolved,14.6
4000345,104486,2025-10-13,Card Issue,Medium,Resolved,21.0
4000346,104942,2025-09-17,General Query,Medium,Open,21.2
4000347,101729,2025-08-28,Card Issue,Low,In Progress,20.6
4000348,102353,2025-03-23,Account Access,Medium,Resolved,9.7
4000349,101315,2025-01-22,Payment Dispute,Low,Resolved,52.4
4000350,102768,2025-08-05,General Query,Medium,Resolved,6.6
4000351,100679,2025-05-03,General Query,High,Resolved,21.1
4000352,102518,2025-06-07,Fraud Concern,Medium,Resolved,5.6
4000353,101276,2025-12-13,Transaction Failure,Low,Resolved,3.5
4000354,101301,2025-01-31,Payment Dispute,Medium,Resolved,15.9
4000355,101684,2025-08-16,Transaction Failure,High,Resolved,25.3
4000356,102333,2025-07-31,Payment Dispute,Medium,Resolved,14.5
4000357,101411,2025-07-24,Account Access,Low,Resolved,13.3
4000358,101929,2025-11-09,Payment Dispute,Low,Resolved,9.6
4000359,100851,2025-01-03,Transaction Failure,Low,Resolved,7.4
4000360,103252,2025-07-01,Payment Dispute,Medium,Resolved,11.8
4000361,103247,2025-05-09,Card Issue,Medium,Resolved,31.1
4000362,104812,2025-11-19,Card Issue,Low,Resolved,8.9
4000363,100191,2025-03-22,Card Issue,Low,Resolved,59.1
4000364,101448,2025-08-13,ATM Issue,High,Resolved,29.8
4000365,101882,2025-03-11,Payment Dispute,High,Resolved,11.7
4000366,100802,2025-09-15,Transaction Failure,Low,Resolved,13.1
4000367,103072,2025-07-13,Fraud Concern,High,Resolved,4.6
4000368,103825,2025-11-04,Account Access,High,Resolved,20.8
4000369,100678,2025-01-28,ATM Issue,Low,Resolved,23.7
4000370,102534,2025-01-09,Account Access,Medium,Resolved,17.2
4000371,102525,2025-05-29,Card Issue,Low,In Progress,30.0
4000372,100941,2025-09-07,Transaction Failure,Medium,Resolved,11.7
4000373,104514,2025-08-05,Transaction Failure,Low,Resolved,19.2
4000374,104036,2025-02-20,Card Issue,Low,In Progress,12.3
4000375,102256,2025-11-20,Payment Dispute,Low,Resolved,39.6
4000376,102637,2025-12-26,Transaction Failure,Low,Resolved,11.2
4000377,101564,2025-09-28,General Query,Medium,In Progress,8.4
4000378,103829,2025-01-24,Account Access,Medium,Resolved,26.7
4000379,102514,2025-04-26,ATM Issue,Low,Resolved,22.6
4000380,104979,2025-04-08,ATM Issue,Low,Resolved,13.4
4000381,103394,2025-04-26,Transaction Failure,Medium,Resolved,43.6
4000382,104795,2025-01-01,Transaction Failure,High,Resolved,11.2
4000383,100911,2025-04-06,General Query,Low,Resolved,19.7
4000384,101411,2025-11-18,Fraud Concern,High,Resolved,16.0
4000385,100167,2025-08-29,Transaction Failure,Critical,Resolved,21.6
4000386,104589,2025-07-11,ATM Issue,High,Resolved,22.3
4000387,100776,2025-02-06,ATM Issue,Medium,Resolved,14.1
4000388,102913,2025-06-27,Account Access,Medium,Resolved,52.6
4000389,104518,2025-11-26,Transaction Failure,High,Resolved,6.3
4000390,100663,2025-04-23,Payment Dispute,High,Resolved,13.9
4000391,104139,2025-06-26,Card Issue,Medium,Resolved,14.8
4000392,101499,2025-03-27,Card Issue,High,Resolved,17.8
4000393,100548,2025-08-28,Account Access,Medium,In Progress,19.3
4000394,104484,2025-01-31,ATM Issue,Low,Resolved,11.0
4000395,102401,2025-08-01,General Query,Low,Resolved,14.8
4000396,101644,2025-04-12,Account Access,Low,Resolved,18.4
4000397,100270,2025-08-28,Fraud Concern,Medium,Resolved,5.6
4000398,102467,2025-09-02,Payment Dispute,Medium,Resolved,12.9
4000399,104338,2025-09-13,Transaction Failure,Low,Resolved,4.9
4000400,100293,2025-09-27,Card Issue,Medium,In Progress,25.7
4000401,101883,2025-06-06,Account Access,Medium,Resolved,11.3
4000402,103211,2025-07-17,Account Access,Low,Resolved,4.2
4000403,103177,2025-06-27,General Query,Low,Resolved,1.7
4000404,100043,2025-09-09,Account Access,Low,Resolved,20.9
4000405,101892,2025-09-23,General Query,Critical,Resolved,10.7
4000406,100214,2025-05-29,ATM Issue,Medium,Resolved,10.0
4000407,102641,2025-04-19,Account Access,Low,Resolved,6.5
4000408,100897,2025-04-27,Transaction Failure,Low,Resolved,5.4
4000409,104682,2025-01-14,Account Access,Medium,Resolved,2.1
4000410,103824,2025-05-16,Account Access,High,Resolved,8.0
4000411,101121,2025-09-22,Card Issue,Medium,Resolved,7.4
4000412,102184,2025-04-26,Payment Dispute,High,Resolved,24.9
4000413,103150,2025-04-07,Transaction Failure,Medium,Open,5.2
4000414,101242,2025-01-16,Payment Dispute,High,Resolved,5.3
4000415,103673,2025-01-28,Payment Dispute,Low,Resolved,6.3
4000416,101948,2025-11-25,Card Issue,Medium,Resolved,21.1
4000417,100958,2025-11-22,Transaction Failure,Low,Open,28.3
4000418,100597,2025-05-29,Account Access,Low,Resolved,20.0
4000419,102911,2025-05-22,General Query,Low,Resolved,44.6
4000420,101585,2025-03-18,General Query,Critical,Resolved,26.8
4000421,101421,2025-07-18,General Query,Low,Resolved,3.0
4000422,104154,2025-05-02,Payment Dispute,Low,Resolved,18.3
4000423,101161,2025-02-18,Transaction Failure,High,Resolved,35.2
4000424,102734,2025-06-02,Payment Dispute,Medium,Resolved,15.2
4000425,102901,2025-11-26,General Query,Low,Resolved,7.0
4000426,102688,2025-07-09,Fraud Concern,Medium,Resolved,5.7
4000427,103079,2025-10-24,Card Issue,High,In Progress,33.4
4000428,103417,2025-08-22,Card Issue,Medium,Resolved,26.6
4000429,101032,2025-12-04,Card Issue,Medium,Resolved,5.4
4000430,103683,2025-01-19,Account Access,High,Resolved,9.5
4000431,102961,2025-02-24,Fraud Concern,Low,Resolved,6.3
4000432,104328,2025-03-30,Card Issue,Medium,Resolved,4.8
4000433,100111,2025-12-26,Transaction Failure,Medium,Open,22.2
4000434,103481,2025-05-02,General Query,Low,Resolved,13.3
4000435,104980,2025-04-03,General Query,Medium,Resolved,19.8
4000436,101160,2025-11-23,Payment Dispute,Low,Resolved,12.1
4000437,102488,2025-04-19,Card Issue,Medium,Resolved,66.3
4000438,102942,2025-01-05,Card Issue,Low,Resolved,17.2
4000439,104795,2025-12-18,Transaction Failure,Medium,Resolved,22.3
4000440,101751,2025-10-11,Fraud Concern,Critical,Open,20.0
4000441,102466,2025-08-24,ATM Issue,High,In Progress,14.4
4000442,102088,2025-10-01,General Query,Medium,In Progress,6.3
4000443,103532,2025-07-31,Transaction Failure,Critical,In Progress,13.5
4000444,104589,2025-11-13,Fraud Concern,Medium,In Progress,7.9
4000445,104276,2025-05-23,ATM Issue,Low,Resolved,10.2
4000446,102190,2025-09-17,Card Issue,Medium,Resolved,33.5
4000447,101390,2025-12-10,Fraud Concern,Medium,Resolved,11.5
4000448,100068,2025-12-09,Account Access,Low,Resolved,12.2
4000449,100550,2025-07-30,Card Issue,Medium,Resolved,18.5
4000450,104743,2025-08-04,Payment Dispute,Medium,Resolved,5.2
4000451,101734,2025-03-19,General Query,Low,Resolved,6.1
4000452,102524,2025-10-23,Account Access,Low,Resolved,13.5
4000453,103424,2025-12-13,Account Access,Medium,Resolved,7.5
4000454,102113,2025-03-31,Transaction Failure,Low,Resolved,41.0
4000455,104633,2025-04-09,Transaction Failure,Medium,Resolved,2.8
4000456,103258,2025-09-12,Account Access,Medium,Resolved,19.3
4000457,102965,2025-04-21,ATM Issue,Low,Resolved,7.4
4000458,101315,2025-04-21,Fraud Concern,High,Resolved,7.1
4000459,102314,2025-09-01,Payment Dispute,Low,In Progress,21.0
4000460,100456,2025-12-07,Account Access,Medium,Resolved,5.4
4000461,103998,2025-08-11,Card Issue,Low,Open,10.0
4000462,103929,2025-08-12,Account Access,Medium,Resolved,18.9
4000463,102097,2025-01-09,ATM Issue,Low,Resolved,21.4
4000464,104843,2025-10-03,Account Access,Low,Open,60.9
4000465,102739,2025-04-16,Payment Dispute,Low,Resolved,38.2
4000466,101318,2025-09-03,ATM Issue,High,Resolved,31.1
4000467,103909,2025-05-16,ATM Issue,High,Resolved,6.9
4000468,103961,2025-09-02,ATM Issue,Low,Resolved,13.7
4000469,101035,2025-10-31,Card Issue,Low,Resolved,13.3
4000470,102033,2025-05-04,ATM Issue,Medium,Resolved,22.7
4000471,100871,2025-01-05,Account Access,Low,Resolved,9.1
4000472,100108,2025-08-18,ATM Issue,Medium,In Progress,21.0
4000473,102402,2025-08-24,Account Access,High,Resolved,16.7
4000474,100249,2025-04-30,Transaction Failure,Medium,Resolved,26.9
4000475,103039,2025-06-27,Transaction Failure,Low,Resolved,34.5
4000476,102847,2025-08-25,Fraud Concern,Low,Resolved,3.8
4000477,103695,2025-01-10,ATM Issue,Medium,Resolved,25.4
4000478,101266,2025-03-18,Account Access,Medium,Resolved,6.4
4000479,104482,2025-06-20,ATM Issue,Medium,Resolved,12.3
4000480,104872,2025-11-06,Transaction Failure,Medium,Open,10.1
4000481,100478,2025-11-24,Account Access,Low,Resolved,17.8
4000482,102045,2025-12-16,Account Access,Medium,Resolved,40.5
4000483,103489,2025-04-11,Payment Dispute,Medium,Resolved,7.3
4000484,102351,2025-06-16,Transaction Failure,Low,In Progress,13.6
4000485,102932,2025-04-08,Card Issue,Low,Resolved,19.1
4000486,103755,2025-04-02,Payment Dispute,High,Resolved,3.9
4000487,100372,2025-12-14,Transaction Failure,Medium,Resolved,11.9
4000488,103633,2025-09-11,Fraud Concern,Medium,In Progress,33.5
4000489,104736,2025-12-07,General Query,Low,Open,10.8
4000490,101339,2025-01-03,Transaction Failure,Low,Resolved,15.4
4000491,100308,2025-12-19,Payment Dispute,High,Open,9.7
4000492,104408,2025-03-09,Account Access,Medium,Resolved,79.2
4000493,103832,2025-02-21,Transaction Failure,Low,Resolved,23.4
4000494,104265,2025-11-08,General Query,Medium,Resolved,14.9
4000495,103414,2025-01-27,Account Access,Medium,Resolved,7.7
4000496,101339,2025-09-23,General Query,Medium,Resolved,20.5
4000497,102919,2025-09-03,Payment Dispute,Low,Resolved,26.0
4000498,101921,2025-05-08,Card Issue,Critical,Resolved,8.8
4000499,102625,2025-02-17,Card Issue,Medium,Resolved,31.4
4000500,101619,2025-04-27,Fraud Concern,Medium,Resolved,25.2
4000501,101899,2025-09-12,General Query,Low,Resolved,10.8
4000502,102076,2025-12-11,Fraud Concern,High,Resolved,12.6
4000503,102068,2025-02-26,Card Issue,Medium,Resolved,36.6
4000504,103026,2025-05-12,Card Issue,Low,Resolved,12.4
4000505,101537,2025-08-15,Card Issue,Low,Resolved,11.5
4000506,103998,2025-07-08,Payment Dispute,High,Resolved,39.3
4000507,103848,2025-10-02,Fraud Concern,Low,Resolved,7.9
4000508,103841,2025-01-06,General Query,Low,Resolved,6.6
4000509,104019,2025-05-09,Account Access,Low,Resolved,3.2
4000510,102554,2025-01-31,Account Access,Low,Resolved,23.3
4000511,104585,2025-12-20,General Query,Medium,Resolved,17.5
4000512,100303,2025-02-14,Transaction Failure,Medium,In Progress,17.2
4000513,100505,2025-04-14,General Query,Medium,Resolved,14.6
4000514,100829,2025-01-02,Transaction Failure,High,Resolved,7.4
4000515,101083,2025-05-16,General Query,High,Resolved,9.0
4000516,101167,2025-03-02,Account Access,Low,Resolved,32.7
4000517,103501,2025-03-22,Payment Dispute,Medium,Resolved,20.3
4000518,102415,2025-01-03,Transaction Failure,Medium,In Progress,21.6
4000519,101823,2025-05-07,ATM Issue,Critical,Resolved,17.5
4000520,104423,2025-08-06,ATM Issue,Medium,Resolved,5.6
4000521,101767,2025-07-30,Transaction Failure,Medium,Resolved,15.8
4000522,100888,2025-08-06,Fraud Concern,High,Resolved,9.7
4000523,102911,2025-12-23,Fraud Concern,Medium,Open,41.6
4000524,104566,2025-10-21,Account Access,Medium,Resolved,20.1
4000525,102813,2025-02-07,Transaction Failure,Low,In Progress,9.1
4000526,100468,2025-11-30,Card Issue,Medium,Resolved,17.4
4000527,101336,2025-01-11,Account Access,High,In Progress,17.3
4000528,100450,2025-11-15,General Query,Medium,Resolved,15.4
4000529,100462,2025-07-14,Payment Dispute,Medium,Resolved,7.3
4000530,103351,2025-04-22,Payment Dispute,Low,Resolved,6.6
4000531,104491,2025-02-18,Payment Dispute,High,Resolved,9.9
4000532,101236,2025-07-29,Card Issue,High,Resolved,13.4
4000533,104026,2025-11-06,General Query,High,Resolved,14.8
4000534,101507,2025-04-25,ATM Issue,High,Resolved,15.0
4000535,101848,2025-11-22,General Query,Low,Resolved,0.5
4000536,100705,2025-08-28,General Query,Medium,Resolved,8.4
4000537,100089,2025-05-02,ATM Issue,Low,Resolved,20.4
4000538,100230,2025-04-17,Account Access,Critical,Resolved,3.7
4000539,101641,2025-02-04,Card Issue,High,Resolved,14.7
4000540,104360,2025-11-18,General Query,Low,Resolved,9.0
4000541,102931,2025-11-22,General Query,Medium,Resolved,62.3
4000542,103909,2025-04-12,Card Issue,Medium,Resolved,27.6
4000543,102472,2025-01-24,Account Access,Critical,Resolved,3.8
4000544,103999,2025-11-29,Account Access,Low,Resolved,10.6
4000545,100116,2025-01-30,Payment Dispute,Low,Resolved,9.3
4000546,101260,2025-12-25,General Query,High,Resolved,16.7
4000547,102021,2025-04-24,Payment Dispute,Low,Resolved,4.3
4000548,101908,2025-06-02,Account Access,Medium,Resolved,16.9
4000549,103603,2025-03-22,Account Access,Low,Resolved,12.6
4000550,102598,2025-06-06,General Query,Low,Resolved,12.1
4000551,103179,2025-05-20,ATM Issue,High,Resolved,37.4
4000552,103971,2025-05-10,Transaction Failure,Medium,Resolved,10.8
4000553,101528,2025-09-04,Payment Dispute,Medium,Resolved,15.9
4000554,100522,2025-04-30,General Query,Medium,Resolved,24.3
4000555,100324,2025-04-28,Payment Dispute,Medium,Resolved,19.3
4000556,103658,2025-01-01,General Query,Medium,Resolved,32.1
4000557,101611,2025-03-29,Payment Dispute,Low,Resolved,35.9
4000558,101537,2025-05-12,Transaction Failure,Medium,Resolved,3.5
4000559,101557,2025-11-20,Transaction Failure,Low,Resolved,9.3
4000560,104318,2025-08-26,Card Issue,Medium,Resolved,9.1
4000561,103764,2025-05-03,Account Access,Low,Resolved,14.4
4000562,104439,2025-03-02,General Query,Critical,Resolved,17.9
4000563,103066,2025-06-21,ATM Issue,Low,Resolved,19.2
4000564,101016,2025-10-11,Card Issue,Medium,Resolved,4.6
4000565,102488,2025-04-02,Account Access,Medium,Resolved,5.4
4000566,100203,2025-02-28,Transaction Failure,Low,Resolved,16.6
4000567,103752,2025-03-21,General Query,Low,Open,14.0
4000568,103884,2025-11-05,General Query,High,Resolved,37.6
4000569,101329,2025-03-10,Card Issue,Low,Resolved,20.1
4000570,100238,2025-09-29,Transaction Failure,Medium,Open,8.3
4000571,100834,2025-07-31,Account Access,Low,Resolved,1.5
4000572,102649,2025-02-14,General Query,Medium,Resolved,15.5
4000573,101948,2025-12-05,General Query,Low,Resolved,43.8
4000574,104645,2025-10-26,Payment Dispute,Low,Resolved,14.3
4000575,100461,2025-11-05,Transaction Failure,High,Resolved,8.9
4000576,100640,2025-06-03,ATM Issue,Medium,Resolved,20.9
4000577,104871,2025-04-24,ATM Issue,Low,Resolved,19.3
4000578,100896,2025-03-04,General Query,Medium,Resolved,13.5
4000579,102146,2025-09-30,General Query,Low,Open,13.8
4000580,102718,2025-04-12,ATM Issue,Medium,In Progress,12.3
4000581,103363,2025-11-09,Payment Dispute,Medium,Resolved,24.3
4000582,102810,2025-01-05,Fraud Concern,Medium,Resolved,16.1
4000583,102449,2025-09-22,Transaction Failure,Low,Resolved,9.6
4000584,104816,2025-09-12,Payment Dispute,Low,Resolved,13.0
4000585,104682,2025-03-21,Account Access,Low,Resolved,14.2
4000586,101303,2025-02-19,Fraud Concern,High,Resolved,27.9
4000587,100924,2025-04-04,General Query,Low,Resolved,25.1
4000588,100481,2025-02-19,Payment Dispute,Low,Resolved,14.3
4000589,100760,2025-12-13,Transaction Failure,High,Resolved,7.0
4000590,104448,2025-08-18,Account Access,Medium,Resolved,22.4
4000591,101596,2025-02-09,Account Access,Low,In Progress,15.7
4000592,101501,2025-09-10,Card Issue,Low,Resolved,6.9
4000593,100081,2025-11-07,Card Issue,High,Resolved,6.4
4000594,102139,2025-02-05,Account Access,Low,Resolved,6.7
4000595,103831,2025-04-22,Transaction Failure,Medium,Resolved,23.9
4000596,101496,2025-04-15,General Query,High,Resolved,28.2
4000597,102105,2025-03-19,Card Issue,High,Resolved,10.4
4000598,100638,2025-08-23,Account Access,Medium,Resolved,11.1
4000599,101475,2025-03-07,Fraud Concern,Low,Resolved,17.6
4000600,104777,2025-06-17,Account Access,Low,Resolved,10.7
4000601,102089,2025-10-16,ATM Issue,Medium,Resolved,24.3
4000602,102843,2025-02-08,Card Issue,Medium,Resolved,5.0
4000603,104967,2025-06-29,Transaction Failure,Medium,Resolved,14.2
4000604,104357,2025-04-19,General Query,Medium,Resolved,37.1
4000605,104379,2025-08-08,General Query,Low,Open,26.8
4000606,101405,2025-12-19,ATM Issue,Low,Resolved,12.0
4000607,100560,2025-08-01,Fraud Concern,Low,Resolved,20.9
4000608,101498,2025-03-19,ATM Issue,Medium,Open,38.2
4000609,100942,2025-12-29,Card Issue,Low,Resolved,5.8
4000610,101119,2025-12-01,Account Access,Medium,Resolved,5.4
4000611,102584,2025-05-11,Payment Dispute,Low,Resolved,11.9
4000612,101724,2025-05-20,General Query,Low,Resolved,25.6
4000613,101962,2025-02-25,Card Issue,Low,Resolved,12.9
4000614,100504,2025-07-18,General Query,Low,Resolved,10.8
4000615,101124,2025-05-11,Transaction Failure,Medium,Resolved,12.5
4000616,103899,2025-06-01,ATM Issue,Medium,Resolved,9.6
4000617,101835,2025-02-15,Card Issue,Low,Open,18.4
4000618,103984,2025-06-05,General Query,Low,Resolved,23.5
4000619,104878,2025-10-12,Transaction Failure,Low,Resolved,48.8
4000620,102171,2025-08-15,Account Access,Medium,Resolved,32.6
4000621,101561,2025-06-14,Card Issue,High,Resolved,9.0
4000622,102171,2025-01-19,Payment Dispute,Low,Resolved,28.3
4000623,104570,2025-08-28,Transaction Failure,Medium,Resolved,27.5
4000624,102845,2025-10-29,Account Access,Low,Open,12.9
4000625,101423,2025-11-13,Account Access,Medium,Resolved,8.1
4000626,103108,2025-05-20,ATM Issue,Medium,Resolved,39.7
4000627,102965,2025-05-12,Transaction Failure,Medium,Open,28.4
4000628,103898,2025-05-14,General Query,Low,Resolved,18.6
4000629,104086,2025-03-29,Card Issue,Medium,Resolved,3.2
4000630,101085,2025-01-20,Transaction Failure,High,In Progress,30.3
4000631,101314,2025-12-19,General Query,High,Resolved,5.4
4000632,103561,2025-03-10,Card Issue,Low,Resolved,3.4
4000633,100916,2025-10-21,Transaction Failure,Low,Resolved,16.9
4000634,102798,2025-10-14,General Query,Medium,Open,12.2
4000635,104063,2025-07-29,Card Issue,High,Resolved,4.5
4000636,100146,2025-08-21,General Query,Low,Resolved,7.5
4000637,104505,2025-12-28,Fraud Concern,Low,Resolved,7.3
4000638,101032,2025-06-01,Account Access,Low,Resolved,31.2
4000639,101463,2025-12-21,General Query,Medium,Resolved,4.1
4000640,104563,2025-10-21,General Query,Low,In Progress,19.5
4000641,102281,2025-06-04,Account Access,Low,In Progress,10.6
4000642,100440,2025-07-10,Payment Dispute,Low,In Progress,2.0
4000643,101981,2025-07-27,General Query,Medium,Resolved,16.9
4000644,104778,2025-10-22,Card Issue,Low,Resolved,33.5
4000645,101419,2025-09-12,Fraud Concern,Medium,Resolved,46.1
4000646,102002,2025-05-02,Fraud Concern,High,Resolved,3.1
4000647,102100,2025-02-09,Card Issue,Medium,Resolved,24.4
4000648,104730,2025-09-27,Payment Dispute,High,Resolved,11.9
4000649,102250,2025-06-12,Account Access,Medium,Open,20.5
4000650,103121,2025-08-22,Transaction Failure,High,Resolved,18.8
4000651,104672,2025-07-25,ATM Issue,Medium,Open,3.2
4000652,103019,2025-12-14,Account Access,High,In Progress,23.4
4000653,103490,2025-03-16,Transaction Failure,Critical,Resolved,18.2
4000654,100401,2025-08-23,Payment Dispute,Medium,Resolved,18.5
4000655,104698,2025-07-29,Transaction Failure,High,Open,11.6
4000656,104461,2025-06-13,Account Access,High,In Progress,4.1
4000657,101655,2025-10-22,Fraud Concern,Low,Resolved,30.5
4000658,104023,2025-11-15,Card Issue,Medium,Resolved,23.1
4000659,102274,2025-12-15,Payment Dispute,Medium,Resolved,33.5
4000660,100712,2025-07-30,ATM Issue,Low,Resolved,26.0
4000661,104851,2025-08-15,ATM Issue,Medium,Resolved,8.7
4000662,102701,2025-08-25,ATM Issue,Medium,Resolved,18.0
4000663,100303,2025-12-28,General Query,Medium,Resolved,29.6
4000664,100190,2025-02-25,Payment Dispute,Critical,Resolved,25.4
4000665,104201,2025-10-28,Payment Dispute,Low,Resolved,32.3
4000666,103209,2025-12-22,Card Issue,Low,Open,4.5
4000667,104075,2025-08-15,Account Access,Medium,Resolved,21.6
4000668,104833,2025-09-04,General Query,Medium,Resolved,29.8
4000669,104876,2025-09-11,Card Issue,Medium,Resolved,12.1
4000670,101422,2025-12-31,General Query,Medium,Resolved,9.1
4000671,100418,2025-09-27,General Query,Medium,In Progress,31.8
4000672,103918,2025-10-06,Account Access,Medium,Resolved,57.7
4000673,104318,2025-10-26,Fraud Concern,Medium,Resolved,3.7
4000674,102966,2025-10-07,General Query,High,Resolved,21.6
4000675,104984,2025-08-28,Transaction Failure,Low,Resolved,3.7
4000676,104809,2025-07-11,Card Issue,High,Resolved,19.9
4000677,101955,2025-01-06,General Query,High,Open,5.1
4000678,104202,2025-03-17,Fraud Concern,Medium,Resolved,15.0
4000679,101830,2025-02-11,ATM Issue,High,Resolved,6.4
4000680,102052,2025-01-11,General Query,Low,Resolved,4.1
4000681,102437,2025-04-28,Card Issue,Medium,Resolved,39.3
4000682,102237,2025-04-23,Transaction Failure,Medium,Resolved,15.2
4000683,102020,2025-03-04,ATM Issue,Medium,Open,3.1
4000684,104620,2025-03-06,Payment Dispute,High,Resolved,9.7
4000685,102846,2025-01-20,Transaction Failure,Medium,Resolved,17.8
4000686,103879,2025-07-14,Account Access,Low,Resolved,23.6
4000687,103061,2025-02-02,General Query,Medium,Resolved,15.0
4000688,104351,2025-06-02,Transaction Failure,Medium,Resolved,33.1
4000689,103231,2025-10-19,General Query,Medium,Resolved,43.7
4000690,104031,2025-07-15,Fraud Concern,High,Open,5.0
4000691,101096,2025-05-10,Card Issue,Medium,Resolved,26.5
4000692,103291,2025-12-11,Transaction Failure,Low,Resolved,26.9
4000693,101042,2025-04-27,Account Access,High,Resolved,23.1
4000694,102331,2025-09-16,Fraud Concern,Medium,Resolved,32.7
4000695,100412,2025-05-19,Card Issue,Medium,Open,11.3
4000696,101580,2025-08-04,Fraud Concern,Low,Open,12.5
4000697,104123,2025-02-22,Payment Dispute,Medium,Open,25.0
4000698,103526,2025-12-10,General Query,Medium,Resolved,15.4
4000699,104100,2025-09-21,Account Access,Medium,Resolved,16.7
4000700,102506,2025-02-28,ATM Issue,Low,Resolved,22.1
4000701,103223,2025-02-24,Card Issue,High,Resolved,14.7
4000702,102919,2025-04-05,Fraud Concern,High,Resolved,4.0
4000703,103016,2025-11-26,Account Access,Low,Open,14.1
4000704,104703,2025-04-27,General Query,Medium,In Progress,7.8
4000705,103842,2025-01-14,Account Access,Low,Resolved,5.2
4000706,100159,2025-04-04,Card Issue,Medium,Open,3.6
4000707,103045,2025-08-09,Card Issue,Medium,Open,10.4
4000708,103513,2025-06-25,Transaction Failure,Medium,Resolved,13.0
4000709,103292,2025-04-17,General Query,Medium,Resolved,3.5
4000710,104246,2025-03-24,General Query,Medium,In Progress,6.6
4000711,102215,2025-08-10,Account Access,High,Open,4.0
4000712,103205,2025-09-27,Payment Dispute,Medium,Resolved,15.3
4000713,104439,2025-07-03,ATM Issue,Low,In Progress,59.8
4000714,101159,2025-07-02,Card Issue,High,Resolved,26.8
4000715,103055,2025-05-23,Card Issue,Critical,Resolved,12.8
4000716,102374,2025-05-29,Account Access,Low,Resolved,19.0
4000717,102523,2025-09-28,Account Access,Low,Resolved,13.7
4000718,104236,2025-04-20,Transaction Failure,Low,Resolved,21.4
4000719,104550,2025-01-12,Card Issue,Low,Resolved,16.2
4000720,104517,2025-10-31,Payment Dispute,Medium,Resolved,20.7
4000721,101404,2025-08-26,Transaction Failure,Low,Open,12.8
4000722,104126,2025-08-10,Account Access,High,Resolved,24.0
4000723,102401,2025-07-04,Fraud Concern,Low,Resolved,8.1
4000724,104821,2025-03-22,General Query,Low,Resolved,6.5
4000725,101778,2025-02-08,ATM Issue,Low,Resolved,19.2
4000726,104855,2025-01-09,Transaction Failure,Medium,Resolved,13.1
4000727,104844,2025-12-18,Account Access,Critical,Resolved,0.8
4000728,100574,2025-11-25,Account Access,Medium,Resolved,44.9
4000729,102067,2025-11-28,Transaction Failure,Low,Resolved,6.1
4000730,104621,2025-09-26,Transaction Failure,High,Resolved,3.3
4000731,103598,2025-09-16,General Query,Medium,Resolved,17.7
4000732,102201,2025-03-10,Card Issue,Medium,In Progress,16.6
4000733,102990,2025-11-22,Transaction Failure,Critical,Resolved,26.7
4000734,102332,2025-05-08,Account Access,Medium,Resolved,37.7
4000735,101149,2025-01-17,Account Access,Medium,Resolved,18.1
4000736,102074,2025-12-16,Payment Dispute,Medium,Resolved,12.1
4000737,101796,2025-05-19,Card Issue,Low,Resolved,11.2
4000738,103284,2025-12-01,Fraud Concern,High,Resolved,7.1
4000739,104254,2025-02-24,General Query,Critical,Open,40.7
4000740,104902,2025-06-18,ATM Issue,Medium,Resolved,12.0
4000741,100723,2025-10-02,General Query,Medium,Resolved,11.6
4000742,102967,2025-08-28,Account Access,Medium,Resolved,20.3
4000743,103171,2025-07-27,Card Issue,Critical,Resolved,18.2
4000744,103962,2025-02-11,ATM Issue,Medium,Resolved,18.8
4000745,101359,2025-08-21,Fraud Concern,Low,Resolved,20.0
4000746,103716,2025-06-26,Transaction Failure,Low,In Progress,18.0
4000747,102618,2025-06-09,Transaction Failure,Medium,In Progress,26.0
4000748,103870,2025-07-02,Transaction Failure,Critical,Resolved,7.9
4000749,100901,2025-09-17,General Query,Low,Resolved,12.3
4000750,103535,2025-07-03,Transaction Failure,Low,Resolved,3.5
4000751,103711,2025-11-13,Transaction Failure,Medium,Resolved,9.0
4000752,104453,2025-12-04,Transaction Failure,Medium,Resolved,22.5
4000753,102199,2025-02-23,Card Issue,Low,Open,19.1
4000754,101188,2025-07-11,Transaction Failure,Medium,Resolved,15.9
4000755,102490,2025-06-22,ATM Issue,Low,Resolved,15.6
4000756,100112,2025-06-21,Account Access,Medium,Resolved,52.9
4000757,101261,2025-05-27,Fraud Concern,Medium,Open,15.2
4000758,101526,2025-12-07,General Query,Low,In Progress,23.3
4000759,104821,2025-07-22,Payment Dispute,Low,Resolved,31.8
4000760,100010,2025-12-14,Transaction Failure,Low,Resolved,20.3
4000761,104618,2025-12-06,Account Access,Medium,Resolved,7.4
4000762,103774,2025-03-01,General Query,High,Resolved,21.3
4000763,104733,2025-01-11,Account Access,Low,Resolved,19.1
4000764,104345,2025-09-25,Transaction Failure,Low,Resolved,5.9
4000765,101279,2025-05-02,Account Access,Critical,Resolved,7.1
4000766,103187,2025-04-28,Account Access,Critical,Resolved,13.5
4000767,103965,2025-01-23,Card Issue,Low,Resolved,15.5
4000768,100239,2025-05-30,Transaction Failure,Low,Resolved,24.1
4000769,100681,2025-09-12,General Query,Low,Resolved,10.9
4000770,100423,2025-03-21,ATM Issue,Low,Resolved,15.0
4000771,101282,2025-06-03,Transaction Failure,Medium,Resolved,25.0
4000772,103064,2025-02-18,General Query,Low,Resolved,20.8
4000773,102873,2025-05-01,Transaction Failure,Low,Resolved,2.3
4000774,100807,2025-07-15,Transaction Failure,Low,Open,35.2
4000775,104063,2025-07-31,ATM Issue,Critical,Resolved,2.9
4000776,100627,2025-09-06,Payment Dispute,Medium,Resolved,3.9
4000777,102978,2025-07-22,Card Issue,Medium,Resolved,21.2
4000778,104953,2025-12-19,Account Access,Low,Resolved,36.0
4000779,104708,2025-10-14,Fraud Concern,Low,Resolved,25.5
4000780,103929,2025-08-07,Account Access,Low,Resolved,35.1
4000781,102045,2025-05-14,Account Access,High,Resolved,46.8
4000782,104066,2025-09-17,ATM Issue,Low,Resolved,33.5
4000783,100285,2025-08-21,Fraud Concern,High,Resolved,9.8
4000784,100788,2025-08-06,Card Issue,High,Resolved,18.3
4000785,103078,2025-01-08,General Query,High,In Progress,29.8
4000786,104030,2025-11-16,Card Issue,Medium,Open,7.7
4000787,102092,2025-08-05,ATM Issue,Low,Resolved,32.9
4000788,103753,2025-05-23,ATM Issue,Medium,Resolved,2.8
4000789,104892,2025-04-12,Account Access,Low,Open,22.5
4000790,100597,2025-08-23,General Query,Medium,Resolved,13.3
4000791,103514,2025-01-14,ATM Issue,Medium,Open,3.0
4000792,103829,2025-09-29,General Query,Low,Resolved,16.5
4000793,102445,2025-01-03,Card Issue,Low,Resolved,16.5
4000794,104451,2025-07-26,Fraud Concern,Critical,Resolved,19.5
4000795,104514,2025-06-19,Transaction Failure,Low,Resolved,17.3
4000796,103222,2025-09-13,General Query,Medium,Resolved,7.4
4000797,102855,2025-06-16,General Query,Low,Resolved,5.2
4000798,104723,2025-12-08,Payment Dispute,Low,Resolved,11.4
4000799,103204,2025-09-07,Transaction Failure,High,Resolved,12.5
4000800,101334,2025-11-09,Account Access,Low,Resolved,6.8
4000801,103346,2025-01-05,Fraud Concern,Medium,Resolved,16.0
4000802,104411,2025-08-13,Card Issue,Low,Resolved,16.6
4000803,102336,2025-01-12,Account Access,High,Resolved,26.6
4000804,100520,2025-02-11,Payment Dispute,Low,Resolved,5.2
4000805,104069,2025-12-11,Payment Dispute,Low,Resolved,4.2
4000806,100124,2025-07-06,Transaction Failure,Low,Resolved,36.1
4000807,103527,2025-05-19,Account Access,Low,Resolved,0.8
4000808,102457,2025-03-18,Fraud Concern,Low,Resolved,19.6
4000809,103557,2025-11-05,Account Access,High,Resolved,3.3
4000810,100090,2025-02-23,ATM Issue,Low,Resolved,6.5
4000811,102219,2025-09-15,Transaction Failure,High,Resolved,13.0
4000812,104779,2025-12-24,Account Access,Low,Resolved,18.3
4000813,104469,2025-10-27,Fraud Concern,Medium,Resolved,8.6
4000814,103238,2025-11-07,Transaction Failure,Medium,Resolved,24.0
4000815,103659,2025-09-03,Account Access,Low,Resolved,29.0
4000816,102078,2025-01-23,Card Issue,Medium,Resolved,26.5
4000817,102545,2025-07-29,Account Access,Medium,Resolved,15.7
4000818,102161,2025-12-20,General Query,Low,Resolved,26.0
4000819,101914,2025-04-24,General Query,Low,Open,8.6
4000820,104704,2025-04-18,General Query,Low,Resolved,40.3
4000821,100519,2025-11-17,General Query,Low,Resolved,4.4
4000822,101706,2025-11-21,Card Issue,Medium,Resolved,3.8
4000823,104863,2025-06-16,Transaction Failure,Low,Resolved,18.6
4000824,103975,2025-03-06,Account Access,Low,Open,7.4
4000825,104387,2025-02-03,General Query,High,Resolved,11.2
4000826,102731,2025-02-12,ATM Issue,Medium,Resolved,36.3
4000827,102304,2025-11-11,Card Issue,Medium,Resolved,23.2
4000828,101427,2025-08-29,Payment Dispute,Low,Resolved,10.1
4000829,101989,2025-03-18,Transaction Failure,Low,Resolved,52.6
4000830,100425,2025-06-08,ATM Issue,Low,Resolved,16.7
4000831,100609,2025-10-15,Transaction Failure,Medium,Resolved,7.8
4000832,103407,2025-01-23,Transaction Failure,Low,Resolved,18.7
4000833,103593,2025-03-26,Transaction Failure,Medium,Resolved,28.8
4000834,100930,2025-11-04,General Query,Medium,Resolved,42.2
4000835,103542,2025-02-22,Transaction Failure,Low,Resolved,7.5
4000836,104630,2025-02-27,Account Access,Low,Open,8.2
4000837,100256,2025-06-30,ATM Issue,High,Resolved,14.3
4000838,102540,2025-05-29,General Query,Low,Resolved,18.3
4000839,103955,2025-07-06,ATM Issue,Low,Resolved,8.7
4000840,101996,2025-01-04,Account Access,Critical,Resolved,15.2
4000841,101743,2025-08-27,Transaction Failure,Low,Resolved,16.1
4000842,102591,2025-03-09,Transaction Failure,Medium,Resolved,9.9
4000843,100028,2025-09-09,Card Issue,Low,Resolved,13.5
4000844,104999,2025-01-28,Transaction Failure,Medium,Resolved,8.1
4000845,104737,2025-09-20,General Query,Medium,Open,10.8
4000846,102606,2025-06-16,General Query,Medium,Resolved,49.1
4000847,101535,2025-01-04,Fraud Concern,Low,Resolved,38.1
4000848,104253,2025-05-16,General Query,Medium,Resolved,10.5
4000849,100838,2025-06-26,Transaction Failure,Medium,Resolved,13.6
4000850,104739,2025-11-30,Fraud Concern,High,Resolved,12.4
4000851,101488,2025-08-11,General Query,Low,Resolved,3.1
4000852,103324,2025-09-20,Transaction Failure,Medium,Resolved,24.2
4000853,104958,2025-12-20,Fraud Concern,Medium,Resolved,27.4
4000854,103820,2025-02-03,Transaction Failure,Low,Open,2.4
4000855,100919,2025-02-23,Transaction Failure,Medium,Resolved,4.8
4000856,101167,2025-03-28,Account Access,Low,Resolved,10.8
4000857,103361,2025-08-24,Account Access,Medium,Resolved,10.7
4000858,103954,2025-09-10,Account Access,Low,Open,18.8
4000859,103493,2025-10-09,Fraud Concern,Medium,Open,28.9
4000860,101504,2025-10-04,Fraud Concern,Medium,Resolved,14.4
4000861,104754,2025-03-23,Card Issue,High,Resolved,17.8
4000862,102598,2025-11-19,Payment Dispute,Medium,Resolved,30.6
4000863,101564,2025-02-26,Account Access,Low,In Progress,12.4
4000864,103165,2025-10-01,Card Issue,Medium,Open,2.3
4000865,104637,2025-12-31,Card Issue,Medium,Resolved,18.9
4000866,100167,2025-08-15,Transaction Failure,Low,Resolved,12.2
4000867,101389,2025-06-25,Card Issue,Low,Resolved,36.7
4000868,101117,2025-02-22,Transaction Failure,Medium,Resolved,5.8
4000869,104891,2025-01-17,Card Issue,Medium,Resolved,17.3
4000870,102874,2025-08-30,Account Access,Low,Resolved,24.1
4000871,103540,2025-11-15,Transaction Failure,Medium,Resolved,17.4
4000872,104480,2025-12-06,Card Issue,Low,Open,24.2
4000873,102073,2025-01-22,Payment Dispute,High,Resolved,37.1
4000874,104038,2025-05-27,Transaction Failure,Low,Resolved,9.9
4000875,101186,2025-11-30,General Query,Low,Open,20.1
4000876,104497,2025-02-07,General Query,Medium,Open,16.4
4000877,104360,2025-05-12,Fraud Concern,Medium,Resolved,34.7
4000878,103728,2025-08-23,Payment Dispute,High,Resolved,26.9
4000879,100633,2025-06-20,ATM Issue,Low,Resolved,10.9
4000880,103556,2025-05-08,General Query,Medium,Resolved,18.3
4000881,100596,2025-08-26,General Query,Critical,Resolved,18.2
4000882,102413,2025-12-13,Transaction Failure,Medium,Resolved,11.4
4000883,104116,2025-03-24,Card Issue,High,In Progress,12.3
4000884,100836,2025-02-15,ATM Issue,Medium,Resolved,30.3
4000885,104465,2025-12-18,ATM Issue,Medium,Resolved,15.1
4000886,100500,2025-04-13,Card Issue,Low,Open,45.9
4000887,101692,2025-03-13,Card Issue,High,Resolved,7.7
4000888,103033,2025-02-09,ATM Issue,Low,Resolved,11.0
4000889,103735,2025-06-02,General Query,Medium,In Progress,31.1
4000890,100931,2025-01-19,Payment Dispute,Low,Resolved,11.9
4000891,100794,2025-02-01,Payment Dispute,Medium,Resolved,20.6
4000892,103249,2025-10-05,Account Access,Medium,Resolved,16.5
4000893,102878,2025-05-29,Payment Dispute,Low,Resolved,15.0
4000894,104778,2025-01-04,Transaction Failure,Low,Open,35.6
4000895,100608,2025-03-09,Fraud Concern,Medium,Resolved,2.8
4000896,101220,2025-11-17,Transaction Failure,High,Resolved,3.8
4000897,103238,2025-06-27,Payment Dispute,Medium,Resolved,20.2
4000898,100396,2025-07-21,Payment Dispute,Medium,Resolved,39.7
4000899,104508,2025-07-12,Transaction Failure,Low,Resolved,17.5
4000900,101236,2025-06-18,Account Access,Low,Resolved,15.3
4000901,101205,2025-04-18,Fraud Concern,Low,Resolved,16.0
4000902,103477,2025-10-28,General Query,Low,Resolved,8.2
4000903,103573,2025-07-29,Fraud Concern,Low,Resolved,23.4
4000904,102500,2025-10-08,ATM Issue,Low,In Progress,12.6
4000905,101221,2025-12-23,Payment Dispute,Low,Resolved,10.9
4000906,104191,2025-07-14,Account Access,Low,In Progress,25.5
4000907,103644,2025-08-19,ATM Issue,Low,Resolved,21.3
4000908,103296,2025-10-14,ATM Issue,Medium,Resolved,13.0
4000909,101824,2025-11-04,ATM Issue,High,Resolved,21.3
4000910,100353,2025-11-18,Transaction Failure,Medium,Resolved,4.8
4000911,100340,2025-05-02,ATM Issue,Low,Resolved,26.9
4000912,103211,2025-03-07,Transaction Failure,High,Resolved,16.8
4000913,102193,2025-07-03,Payment Dispute,Low,Resolved,15.4
4000914,102688,2025-01-30,ATM Issue,Low,Resolved,25.2
4000915,100519,2025-08-12,Payment Dispute,Medium,Resolved,14.4
4000916,102167,2025-04-21,General Query,Low,Resolved,19.3
4000917,101434,2025-09-19,Fraud Concern,Medium,Resolved,12.3
4000918,104015,2025-08-23,Transaction Failure,Medium,Open,26.7
4000919,100161,2025-05-18,ATM Issue,Low,In Progress,4.0
4000920,103525,2025-08-06,Transaction Failure,Critical,Resolved,29.6
4000921,104030,2025-08-17,ATM Issue,Low,Resolved,4.7
4000922,102301,2025-12-21,General Query,Low,In Progress,7.2
4000923,103557,2025-09-09,Transaction Failure,Medium,Resolved,8.4
4000924,102073,2025-03-10,ATM Issue,High,Resolved,21.2
4000925,103786,2025-08-01,Payment Dispute,High,Resolved,10.3
4000926,101731,2025-05-03,General Query,Low,Resolved,4.1
4000927,103499,2025-10-12,Account Access,High,In Progress,5.6
4000928,104910,2025-11-27,Fraud Concern,Medium,Resolved,11.2
4000929,104490,2025-02-21,Transaction Failure,High,Resolved,57.9
4000930,103421,2025-05-25,General Query,Low,Resolved,9.5
4000931,104240,2025-10-08,Fraud Concern,Medium,Resolved,3.4
4000932,101352,2025-11-13,Fraud Concern,Critical,Resolved,9.2
4000933,101280,2025-06-14,Transaction Failure,Critical,Resolved,20.5
4000934,100421,2025-08-19,General Query,Low,Resolved,15.7
4000935,103152,2025-04-07,Account Access,Critical,Resolved,22.7
4000936,101597,2025-09-07,General Query,Medium,Open,64.4
4000937,100111,2025-03-29,General Query,Low,Open,4.4
4000938,104380,2025-08-30,Transaction Failure,Low,Resolved,10.8
4000939,101783,2025-10-10,Transaction Failure,Low,Open,17.8
4000940,100051,2025-08-27,Transaction Failure,Low,Resolved,11.4
4000941,100211,2025-10-19,General Query,Medium,Resolved,36.6
4000942,100909,2025-03-31,Fraud Concern,Medium,Resolved,8.1
4000943,100774,2025-05-29,Fraud Concern,High,Resolved,34.4
4000944,103650,2025-12-10,Card Issue,Low,Resolved,14.3
4000945,100056,2025-04-03,Transaction Failure,Low,Resolved,14.6
4000946,100591,2025-06-08,ATM Issue,Medium,Resolved,3.3
4000947,100095,2025-06-23,Fraud Concern,Medium,Resolved,7.1
4000948,102767,2025-05-16,Account Access,High,Resolved,16.0
4000949,104133,2025-05-17,Transaction Failure,Low,Resolved,1.7
4000950,104109,2025-05-06,Fraud Concern,High,Resolved,8.7
4000951,102765,2025-02-12,Card Issue,High,Resolved,4.1
4000952,104059,2025-10-02,Fraud Concern,Low,Resolved,17.3
4000953,102656,2025-03-29,Card Issue,Medium,Resolved,11.0
4000954,103409,2025-09-14,General Query,Medium,Resolved,10.4
4000955,104711,2025-03-28,Fraud Concern,High,Open,29.1
4000956,104010,2025-01-16,Fraud Concern,Medium,Resolved,24.2
4000957,100515,2025-06-18,ATM Issue,Low,Resolved,16.4
4000958,100544,2025-08-19,ATM Issue,High,Resolved,4.1
4000959,104964,2025-10-22,Transaction Failure,Critical,Resolved,18.2
4000960,103727,2025-03-25,ATM Issue,Low,Resolved,15.7
4000961,103801,2025-11-02,Transaction Failure,Medium,Resolved,24.9
4000962,102042,2025-03-04,Fraud Concern,Low,Resolved,28.5
4000963,104603,2025-11-24,Account Access,Low,In Progress,12.3
4000964,103493,2025-05-17,Transaction Failure,Medium,Open,63.9
4000965,100143,2025-08-04,Fraud Concern,Medium,Resolved,30.0
4000966,101880,2025-03-14,ATM Issue,High,Resolved,12.3
4000967,101303,2025-12-16,Card Issue,Low,Resolved,5.8
4000968,100618,2025-03-18,ATM Issue,Low,Open,24.4
4000969,104421,2025-11-29,Account Access,Medium,Resolved,23.6
4000970,102998,2025-03-04,Account Access,Medium,Resolved,29.3
4000971,100637,2025-08-19,Fraud Concern,Medium,Resolved,2.6
4000972,103888,2025-05-02,General Query,Low,Resolved,13.1
4000973,104627,2025-11-18,General Query,Medium,Resolved,7.9
4000974,103393,2025-04-28,Account Access,Low,Resolved,10.2
4000975,101961,2025-03-16,Account Access,Critical,Resolved,19.6
4000976,102487,2025-02-15,Card Issue,Medium,Open,6.6
4000977,104389,2025-05-13,ATM Issue,Medium,Resolved,19.6
4000978,100549,2025-04-18,ATM Issue,High,Resolved,27.6
4000979,100800,2025-04-23,Transaction Failure,Low,Open,11.2
4000980,102175,2025-05-21,Card Issue,Low,Open,12.5
4000981,101526,2025-04-21,General Query,Low,Resolved,19.5
4000982,104473,2025-04-24,Transaction Failure,Low,Resolved,27.3
4000983,104180,2025-09-09,Transaction Failure,Critical,In Progress,3.3
4000984,103790,2025-02-24,General Query,Medium,Resolved,17.2
4000985,102817,2025-04-11,Card Issue,Low,Resolved,33.8
4000986,102579,2025-07-20,Transaction Failure,Medium,Resolved,19.2
4000987,100980,2025-07-25,Transaction Failure,Medium,Resolved,23.3
4000988,103977,2025-09-12,Payment Dispute,Low,Resolved,28.6
4000989,104679,2025-12-12,Payment Dispute,Low,Open,12.8
4000990,102433,2025-11-20,Transaction Failure,Critical,Open,6.6
4000991,104159,2025-10-11,Payment Dispute,High,Resolved,19.2
4000992,104102,2025-04-16,Fraud Concern,Medium,Resolved,19.8
4000993,102114,2025-02-14,Transaction Failure,Medium,Resolved,21.4
4000994,104568,2025-04-02,Fraud Concern,Low,Resolved,4.2
4000995,104404,2025-10-03,Payment Dispute,Medium,Open,3.4
4000996,104741,2025-07-05,ATM Issue,Low,Resolved,7.2
4000997,100029,2025-12-13,Transaction Failure,Medium,Open,27.1
4000998,101035,2025-03-31,Fraud Concern,Low,Resolved,40.0
4000999,102100,2025-11-07,Fraud Concern,High,Open,12.3
4001000,103206,2025-10-16,Transaction Failure,Low,Resolved,1.2
4001001,100713,2025-07-13,Card Issue,High,Resolved,51.4
4001002,100985,2025-08-26,Payment Dispute,Low,In Progress,21.1
4001003,101956,2025-09-10,General Query,Low,Resolved,14.5
4001004,101065,2025-08-01,Payment Dispute,Medium,Resolved,32.1
4001005,104018,2025-07-09,Account Access,Medium,Resolved,15.1
4001006,101036,2025-06-22,Fraud Concern,Low,Resolved,12.6
4001007,104802,2025-02-13,Payment Dispute,Medium,Resolved,5.5
4001008,102205,2025-04-30,Transaction Failure,Medium,Resolved,17.8
4001009,100667,2025-07-18,Transaction Failure,Low,Resolved,5.8
4001010,103030,2025-11-20,General Query,Low,Open,2.5
4001011,102766,2025-05-23,General Query,Medium,Resolved,8.3
4001012,104774,2025-05-15,Fraud Concern,High,Resolved,6.9
4001013,100976,2025-02-05,General Query,Low,Resolved,13.5
4001014,102524,2025-01-31,Card Issue,Low,Resolved,22.0
4001015,101479,2025-07-23,Transaction Failure,Low,Resolved,1.7
4001016,103120,2025-03-05,Card Issue,Low,Open,1.9
4001017,104025,2025-04-12,Transaction Failure,High,Resolved,28.1
4001018,104285,2025-10-08,Account Access,Medium,Resolved,13.0
4001019,104925,2025-06-18,General Query,Low,Resolved,14.3
4001020,102975,2025-04-25,Card Issue,Medium,Resolved,9.1
4001021,102826,2025-11-14,Payment Dispute,Medium,Open,12.8
4001022,102330,2025-02-22,Account Access,Medium,In Progress,44.5
4001023,104288,2025-10-14,Card Issue,Medium,Resolved,17.1
4001024,103692,2025-03-28,Account Access,Low,Resolved,9.8
4001025,103534,2025-02-27,Transaction Failure,Low,Resolved,3.9
4001026,103439,2025-07-22,Fraud Concern,Low,Resolved,18.2
4001027,101788,2025-02-08,Transaction Failure,Low,Resolved,0.5
4001028,101897,2025-04-20,Fraud Concern,Low,In Progress,15.8
4001029,101729,2025-07-22,Fraud Concern,High,Resolved,12.3
4001030,102292,2025-05-07,General Query,Low,Resolved,14.1
4001031,100332,2025-02-11,Transaction Failure,Low,Resolved,6.4
4001032,103730,2025-08-20,Card Issue,High,Resolved,48.4
4001033,102887,2025-11-07,General Query,Low,Resolved,17.1
4001034,100728,2025-11-16,Transaction Failure,Medium,In Progress,8.0
4001035,100032,2025-02-10,Transaction Failure,Medium,Resolved,10.5
4001036,104830,2025-12-01,General Query,Low,Resolved,17.2
4001037,104596,2025-10-31,Fraud Concern,High,Resolved,6.5
4001038,101240,2025-08-17,Card Issue,Low,Resolved,3.8
4001039,103522,2025-04-13,Transaction Failure,Low,Resolved,29.1
4001040,101852,2025-01-29,Payment Dispute,High,Resolved,11.5
4001041,102736,2025-10-29,Fraud Concern,Low,Open,3.8
4001042,102306,2025-04-25,General Query,Low,Resolved,14.0
4001043,103078,2025-05-27,Transaction Failure,Low,Resolved,3.0
4001044,103701,2025-01-10,Fraud Concern,Medium,Open,12.9
4001045,101356,2025-08-22,Account Access,Low,Resolved,21.2
4001046,102605,2025-12-19,Card Issue,Medium,Open,35.2
4001047,100834,2025-12-07,Payment Dispute,Medium,Resolved,17.4
4001048,103170,2025-07-22,Payment Dispute,High,Resolved,8.4
4001049,103378,2025-11-23,Card Issue,Low,Resolved,16.0
4001050,103841,2025-12-04,Transaction Failure,Low,Resolved,26.4
4001051,101738,2025-06-08,Transaction Failure,High,Resolved,36.4
4001052,104981,2025-08-06,Card Issue,Medium,Resolved,14.4
4001053,104994,2025-12-02,Transaction Failure,Medium,Resolved,27.1
4001054,103226,2025-04-01,Transaction Failure,Low,Resolved,14.0
4001055,101611,2025-12-10,General Query,Low,Resolved,41.0
4001056,101955,2025-09-26,Card Issue,Medium,Resolved,10.0
4001057,103177,2025-11-14,Card Issue,Medium,Resolved,11.3
4001058,102370,2025-07-06,Payment Dispute,Medium,Resolved,19.1
4001059,100861,2025-07-09,ATM Issue,Low,In Progress,17.2
4001060,104454,2025-04-29,ATM Issue,Low,Resolved,32.5
4001061,103613,2025-02-03,General Query,High,Resolved,19.6
4001062,104902,2025-09-26,Card Issue,Medium,Resolved,31.0
4001063,103305,2025-11-17,ATM Issue,High,Resolved,58.0
4001064,101925,2025-11-24,Fraud Concern,Medium,In Progress,5.3
4001065,101174,2025-02-27,General Query,Low,Resolved,5.4
4001066,101239,2025-08-30,General Query,Medium,Open,16.6
4001067,100035,2025-07-12,ATM Issue,High,Resolved,10.1
4001068,104831,2025-01-31,ATM Issue,High,Resolved,9.6
4001069,104180,2025-06-16,Fraud Concern,Low,Open,2.4
4001070,102694,2025-05-16,Payment Dispute,Low,Resolved,7.6
4001071,103322,2025-06-05,General Query,Low,Resolved,20.6
4001072,102762,2025-03-16,Account Access,Medium,Resolved,10.1
4001073,100849,2025-08-24,Payment Dispute,Low,Resolved,16.6
4001074,102851,2025-02-11,Fraud Concern,Medium,Resolved,9.2
4001075,104952,2025-11-02,Account Access,Medium,Resolved,7.2
4001076,101285,2025-12-07,ATM Issue,Medium,Resolved,28.2
4001077,104452,2025-07-10,Card Issue,High,Resolved,2.3
4001078,104145,2025-10-19,Payment Dispute,High,Resolved,11.9
4001079,104047,2025-12-23,General Query,Medium,Resolved,16.1
4001080,102462,2025-05-11,Transaction Failure,Medium,Resolved,5.3
4001081,100438,2025-12-27,Account Access,Low,Resolved,6.2
4001082,100480,2025-03-19,Account Access,Low,Resolved,22.0
4001083,100579,2025-02-26,Card Issue,Medium,Resolved,3.1
4001084,103789,2025-08-27,Account Access,Medium,Resolved,15.1
4001085,101957,2025-04-03,Account Access,High,Resolved,16.5
4001086,103417,2025-03-19,Payment Dispute,Medium,Resolved,34.2
4001087,104841,2025-04-25,Card Issue,High,Resolved,6.7
4001088,102003,2025-10-26,General Query,Medium,Resolved,14.9
4001089,104689,2025-04-29,Account Access,Low,Resolved,18.7
4001090,104149,2025-02-27,Account Access,Low,Resolved,33.3
4001091,100679,2025-04-26,Payment Dispute,Low,Resolved,2.9
4001092,100285,2025-12-19,Fraud Concern,High,Resolved,13.5
4001093,102310,2025-04-20,Fraud Concern,Medium,Resolved,4.8
4001094,100849,2025-02-10,Payment Dispute,Low,Open,20.5
4001095,100034,2025-01-25,Payment Dispute,Critical,Resolved,6.6
4001096,102992,2025-01-02,Payment Dispute,Low,Resolved,18.3
4001097,100415,2025-10-04,Payment Dispute,Critical,Resolved,15.6
4001098,104915,2025-08-08,Transaction Failure,Low,Resolved,12.2
4001099,103539,2025-11-06,ATM Issue,Low,In Progress,23.2
4001100,103778,2025-09-28,Payment Dispute,Medium,Resolved,22.9
4001101,101367,2025-10-01,General Query,Medium,Resolved,17.7
4001102,102461,2025-02-13,Transaction Failure,Medium,Resolved,9.3
4001103,103484,2025-10-11,Transaction Failure,Medium,Open,2.6
4001104,103931,2025-08-19,Payment Dispute,Medium,Resolved,8.8
4001105,100884,2025-04-01,Transaction Failure,Medium,Resolved,23.2
4001106,104232,2025-06-07,Payment Dispute,Medium,Resolved,4.7
4001107,100541,2025-06-17,Payment Dispute,Medium,Resolved,4.7
4001108,103266,2025-01-15,ATM Issue,High,Resolved,12.5
4001109,102756,2025-09-07,ATM Issue,Low,Resolved,7.8
4001110,104839,2025-10-21,Card Issue,Low,Resolved,3.6
4001111,103938,2025-12-17,Transaction Failure,Medium,Resolved,15.1
4001112,102614,2025-02-04,Account Access,Medium,Resolved,20.7
4001113,101694,2025-05-19,General Query,Medium,Resolved,12.3
4001114,103866,2025-07-16,General Query,Medium,Resolved,4.2
4001115,102466,2025-12-21,Payment Dispute,Low,Resolved,19.7
4001116,102319,2025-07-27,Payment Dispute,Medium,Resolved,38.7
4001117,100991,2025-12-08,Payment Dispute,Low,Resolved,11.7
4001118,104823,2025-06-23,ATM Issue,Medium,Resolved,17.5
4001119,101618,2025-08-23,Transaction Failure,Medium,In Progress,17.1
4001120,103674,2025-08-08,Payment Dispute,Low,Resolved,5.9
4001121,103464,2025-09-03,Account Access,Medium,Resolved,17.7
4001122,102129,2025-06-26,Account Access,High,Resolved,23.1
4001123,104471,2025-12-29,ATM Issue,Low,Resolved,28.1
4001124,104492,2025-10-03,Payment Dispute,Low,Resolved,6.7
4001125,104824,2025-05-05,Account Access,Low,In Progress,7.2
4001126,102359,2025-12-27,ATM Issue,Medium,Resolved,28.8
4001127,101428,2025-11-29,General Query,Low,Resolved,25.9
4001128,101934,2025-09-04,Transaction Failure,Medium,Open,7.3
4001129,100161,2025-09-25,Fraud Concern,Low,Resolved,10.5
4001130,101163,2025-12-31,General Query,High,Resolved,18.2
4001131,103690,2025-02-02,Account Access,Low,Open,30.3
4001132,102085,2025-11-06,General Query,High,Resolved,19.6
4001133,103817,2025-02-15,Fraud Concern,High,Resolved,7.2
4001134,104904,2025-03-15,Payment Dispute,Medium,Resolved,22.6
4001135,103418,2025-09-29,ATM Issue,Low,Resolved,40.1
4001136,102407,2025-05-26,General Query,Critical,Resolved,38.1
4001137,103952,2025-06-05,Fraud Concern,Medium,Resolved,8.1
4001138,104918,2025-10-22,Account Access,High,Resolved,21.5
4001139,102404,2025-08-22,ATM Issue,Low,In Progress,6.0
4001140,101453,2025-11-08,General Query,High,Resolved,46.1
4001141,103443,2025-05-24,Card Issue,Medium,Open,1.0
4001142,104953,2025-02-20,Transaction Failure,Critical,Resolved,21.1
4001143,104096,2025-11-03,Card Issue,Medium,Resolved,16.8
4001144,101304,2025-11-18,Transaction Failure,Medium,Resolved,15.5
4001145,102917,2025-05-10,Payment Dispute,Medium,Open,38.2
4001146,102590,2025-11-05,Card Issue,Low,Resolved,24.0
4001147,102567,2025-05-25,Account Access,Low,Resolved,14.5
4001148,102807,2025-01-09,General Query,Low,Open,19.4
4001149,102224,2025-10-23,Payment Dispute,Low,Resolved,9.2
4001150,100162,2025-01-28,ATM Issue,Medium,Open,11.7
4001151,100346,2025-12-01,Fraud Concern,Low,Open,16.7
4001152,101459,2025-11-01,Payment Dispute,Medium,Resolved,12.7
4001153,100675,2025-08-21,Account Access,Low,Open,45.5
4001154,100348,2025-09-14,Card Issue,Low,Open,16.2
4001155,104237,2025-05-20,Transaction Failure,Low,Resolved,10.7
4001156,100823,2025-07-23,General Query,Medium,Resolved,13.3
4001157,100804,2025-04-23,Account Access,Low,Resolved,19.9
4001158,103220,2025-01-22,Card Issue,Low,Resolved,30.8
4001159,102969,2025-01-16,Payment Dispute,High,In Progress,13.1
4001160,100356,2025-04-27,Account Access,Low,Open,20.3
4001161,100565,2025-10-04,Transaction Failure,Low,Resolved,19.6
4001162,103260,2025-03-19,Card Issue,Medium,Resolved,8.2
4001163,100427,2025-04-07,Account Access,High,Resolved,28.5
4001164,102526,2025-12-28,Card Issue,Medium,Resolved,20.8
4001165,104343,2025-10-07,Account Access,Low,Resolved,10.5
4001166,104985,2025-04-26,Fraud Concern,Medium,Resolved,3.2
4001167,101719,2025-03-12,Account Access,Medium,Resolved,17.3
4001168,104137,2025-06-15,Payment Dispute,Low,Resolved,2.7
4001169,100044,2025-08-07,Fraud Concern,Medium,Open,9.1
4001170,100940,2025-03-18,Account Access,Critical,Resolved,8.9
4001171,102447,2025-06-08,Card Issue,Medium,Resolved,16.8
4001172,102396,2025-03-02,General Query,Medium,Resolved,42.3
4001173,102572,2025-01-11,Fraud Concern,Low,Open,8.4
4001174,103886,2025-03-16,Payment Dispute,Low,Resolved,11.8
4001175,102867,2025-04-05,Transaction Failure,High,Resolved,27.5
4001176,101151,2025-10-05,Transaction Failure,Low,Resolved,24.9
4001177,101495,2025-04-20,Account Access,Medium,Resolved,3.4
4001178,103220,2025-11-04,General Query,Medium,Resolved,24.1
4001179,101992,2025-05-22,General Query,Medium,Resolved,8.6
4001180,102073,2025-04-08,Fraud Concern,High,Resolved,2.1
4001181,104795,2025-01-20,Card Issue,Medium,Resolved,5.6
4001182,104101,2025-08-29,Transaction Failure,Medium,In Progress,6.8
4001183,103765,2025-04-19,Transaction Failure,Low,Resolved,13.4
4001184,103607,2025-03-15,Transaction Failure,Low,Resolved,25.1
4001185,102224,2025-01-24,Card Issue,Medium,Open,10.7
4001186,102460,2025-09-04,Payment Dispute,Low,Resolved,15.2
4001187,102068,2025-12-27,Fraud Concern,High,Resolved,9.7
4001188,101259,2025-12-09,Card Issue,Low,Resolved,17.2
4001189,101779,2025-02-28,Fraud Concern,Medium,Open,13.2
4001190,101497,2025-12-17,Transaction Failure,Medium,Open,12.1
4001191,102762,2025-09-19,Account Access,High,Resolved,11.4
4001192,102653,2025-12-13,Fraud Concern,Medium,Resolved,10.0
4001193,101491,2025-06-19,Transaction Failure,Low,Resolved,9.3
4001194,104515,2025-02-16,General Query,High,Resolved,11.8
4001195,100285,2025-10-28,Payment Dispute,Low,Open,30.5
4001196,102762,2025-09-30,Payment Dispute,High,Resolved,16.4
4001197,104033,2025-01-26,Account Access,Medium,In Progress,19.4
4001198,102480,2025-10-15,General Query,Medium,Resolved,4.2
4001199,100913,2025-07-27,Transaction Failure,High,Resolved,5.1
4001200,100250,2025-01-22,General Query,Medium,Resolved,9.5
4001201,100597,2025-01-25,Account Access,High,Resolved,9.9
4001202,103965,2025-03-27,Card Issue,Low,Resolved,1.9
4001203,102258,2025-06-13,Transaction Failure,Low,Resolved,9.6
4001204,100689,2025-04-06,Transaction Failure,Medium,Resolved,23.8
4001205,100548,2025-03-06,Transaction Failure,Low,Resolved,15.1
4001206,100207,2025-02-27,Card Issue,Medium,Resolved,15.6
4001207,102738,2025-01-02,Account Access,High,In Progress,21.1
4001208,103164,2025-08-12,General Query,Low,Resolved,16.9
4001209,104336,2025-03-20,Transaction Failure,Critical,Resolved,9.8
4001210,102109,2025-05-23,General Query,Medium,Resolved,23.2
4001211,101433,2025-10-08,Account Access,Low,In Progress,11.3
4001212,102935,2025-07-04,Transaction Failure,Medium,Resolved,32.4
4001213,101436,2025-02-18,Fraud Concern,Medium,In Progress,4.3
4001214,103193,2025-01-04,Card Issue,Medium,Resolved,3.4
4001215,104739,2025-05-05,Account Access,Medium,Resolved,25.9
4001216,100419,2025-08-29,Payment Dispute,Medium,Resolved,23.7
4001217,103137,2025-05-05,Account Access,Critical,Resolved,12.9
4001218,103707,2025-06-27,Fraud Concern,Medium,Open,8.2
4001219,102712,2025-12-08,Transaction Failure,Low,Resolved,24.3
4001220,104013,2025-04-01,ATM Issue,Low,Open,12.3
4001221,102610,2025-06-07,Card Issue,Medium,Resolved,14.3
4001222,102752,2025-10-29,Fraud Concern,Medium,Resolved,26.1
4001223,103597,2025-08-22,Account Access,Low,Resolved,7.3
4001224,104200,2025-07-03,Account Access,Low,Resolved,15.6
4001225,104052,2025-11-23,Fraud Concern,Low,Resolved,19.3
4001226,100441,2025-09-04,Account Access,Low,Resolved,12.2
4001227,103595,2025-11-02,Fraud Concern,High,Resolved,8.9
4001228,100127,2025-09-18,Payment Dispute,High,Resolved,7.1
4001229,103760,2025-03-23,Payment Dispute,High,Resolved,18.0
4001230,104480,2025-01-24,General Query,Low,Resolved,38.8
4001231,102270,2025-10-07,Payment Dispute,Critical,Resolved,0.8
4001232,103291,2025-11-01,Account Access,Low,Resolved,12.9
4001233,103414,2025-09-19,Fraud Concern,Medium,Resolved,24.2
4001234,101855,2025-09-10,General Query,Medium,Resolved,14.8
4001235,100498,2025-08-21,ATM Issue,Low,Resolved,12.1
4001236,100149,2025-12-20,Card Issue,Medium,In Progress,13.2
4001237,102524,2025-04-18,General Query,Medium,Resolved,1.4
4001238,104005,2025-05-24,Transaction Failure,Medium,Resolved,8.1
4001239,101549,2025-03-23,Account Access,Low,Resolved,30.3
4001240,102694,2025-11-02,Account Access,Medium,Resolved,21.0
4001241,100614,2025-05-11,Card Issue,Low,Resolved,3.5
4001242,103057,2025-03-27,General Query,Medium,In Progress,21.5
4001243,100013,2025-10-31,Card Issue,High,In Progress,27.9
4001244,104368,2025-10-25,Payment Dispute,Medium,Resolved,15.2
4001245,104437,2025-04-14,General Query,Medium,Resolved,19.0
4001246,103265,2025-11-25,Card Issue,Low,Resolved,3.7
4001247,104095,2025-11-05,Account Access,High,Resolved,16.7
4001248,100265,2025-05-23,General Query,Low,Open,21.1
4001249,102073,2025-06-09,General Query,High,Resolved,17.4
4001250,103859,2025-07-29,General Query,Medium,Resolved,21.6
4001251,103496,2025-04-09,Account Access,Low,Resolved,9.1
4001252,104608,2025-01-25,Account Access,Low,Resolved,10.0
4001253,103311,2025-08-30,Payment Dispute,Low,In Progress,8.2
4001254,103751,2025-10-09,Account Access,Low,Resolved,3.6
4001255,103004,2025-11-22,Transaction Failure,Medium,Resolved,10.0
4001256,103348,2025-03-01,ATM Issue,High,Resolved,6.9
4001257,103820,2025-08-29,Payment Dispute,Medium,Resolved,19.5
4001258,104508,2025-02-14,Fraud Concern,High,Open,7.3
4001259,102490,2025-07-06,Account Access,High,Resolved,10.2
4001260,103082,2025-03-31,Fraud Concern,Critical,Resolved,53.8
4001261,101956,2025-12-19,General Query,Medium,Resolved,10.7
4001262,102162,2025-02-24,General Query,Medium,Resolved,13.4
4001263,104181,2025-11-07,General Query,High,In Progress,6.3
4001264,101315,2025-09-17,General Query,Medium,Open,33.8
4001265,103801,2025-05-28,General Query,Low,Resolved,9.3
4001266,103549,2025-06-21,ATM Issue,Medium,In Progress,25.7
4001267,100800,2025-02-09,Card Issue,Low,Resolved,30.0
4001268,102316,2025-07-31,Card Issue,Low,Resolved,26.5
4001269,103061,2025-09-13,Transaction Failure,Low,Resolved,8.8
4001270,102686,2025-07-27,Payment Dispute,High,Resolved,12.9
4001271,100158,2025-08-20,Transaction Failure,High,Resolved,10.2
4001272,100338,2025-08-04,General Query,Medium,Resolved,11.0
4001273,103278,2025-11-07,General Query,Low,Resolved,18.8
4001274,100043,2025-09-25,Transaction Failure,Low,Resolved,19.7
4001275,104497,2025-12-22,Card Issue,Low,Resolved,59.2
4001276,102556,2025-08-02,General Query,High,Resolved,9.0
4001277,103712,2025-08-21,Card Issue,Low,Resolved,12.0
4001278,103967,2025-08-27,Payment Dispute,Medium,Resolved,20.0
4001279,102996,2025-03-29,Transaction Failure,Critical,Resolved,17.1
4001280,100730,2025-08-19,ATM Issue,High,Open,8.0
4001281,104898,2025-11-24,Transaction Failure,Medium,Resolved,7.0
4001282,100515,2025-05-12,Payment Dispute,High,In Progress,33.4
4001283,100979,2025-12-30,Account Access,Low,Open,10.8
4001284,100897,2025-11-20,Card Issue,High,Resolved,42.6
4001285,104365,2025-03-01,Card Issue,Medium,Resolved,19.7
4001286,100991,2025-07-26,General Query,Medium,Resolved,14.3
4001287,101168,2025-11-06,Payment Dispute,Medium,Resolved,14.9
4001288,104722,2025-09-08,Transaction Failure,Medium,Resolved,25.7
4001289,104671,2025-12-23,Fraud Concern,Low,Resolved,14.7
4001290,102581,2025-01-25,Account Access,Critical,Open,17.4
4001291,101725,2025-12-19,Payment Dispute,Low,In Progress,21.9
4001292,101459,2025-01-03,General Query,High,Resolved,6.9
4001293,101424,2025-03-08,ATM Issue,Medium,Resolved,28.9
4001294,102642,2025-02-07,Payment Dispute,High,In Progress,14.9
4001295,101609,2025-06-20,Payment Dispute,Medium,Resolved,33.2
4001296,102391,2025-02-14,Card Issue,Medium,Resolved,13.3
4001297,104442,2025-03-14,Transaction Failure,Low,Resolved,21.5
4001298,104079,2025-11-25,ATM Issue,Medium,Resolved,31.1
4001299,101321,2025-06-13,Transaction Failure,Low,Resolved,8.8
4001300,101559,2025-10-12,Account Access,Low,Resolved,14.9
4001301,104958,2025-12-23,Transaction Failure,Medium,In Progress,2.1
4001302,104315,2025-07-04,ATM Issue,Medium,In Progress,14.6
4001303,104379,2025-12-25,Account Access,Low,Resolved,30.6
4001304,102945,2025-02-25,ATM Issue,High,Resolved,30.3
4001305,102180,2025-03-20,Payment Dispute,Low,Resolved,20.7
4001306,100497,2025-09-01,Payment Dispute,Medium,Resolved,6.9
4001307,102105,2025-11-27,Card Issue,High,Resolved,13.2
4001308,101591,2025-02-15,Fraud Concern,Low,Resolved,6.8
4001309,100969,2025-10-30,General Query,Medium,Open,11.3
4001310,104159,2025-06-22,Transaction Failure,Medium,Resolved,7.6
4001311,104399,2025-12-21,Transaction Failure,Low,Resolved,15.9
4001312,103307,2025-01-06,Transaction Failure,Medium,Resolved,11.9
4001313,101475,2025-08-01,Account Access,Medium,Resolved,22.1
4001314,101503,2025-02-17,Transaction Failure,Low,In Progress,0.9
4001315,103819,2025-11-13,Account Access,High,Resolved,9.8
4001316,101151,2025-04-09,Payment Dispute,Low,Resolved,14.8
4001317,100047,2025-11-03,Fraud Concern,High,Resolved,13.8
4001318,102301,2025-07-05,Account Access,Medium,Resolved,30.1
4001319,100882,2025-06-19,Payment Dispute,Low,Resolved,10.4
4001320,102699,2025-10-23,General Query,Low,Resolved,25.7
4001321,101381,2025-11-27,Transaction Failure,Medium,Open,40.4
4001322,101931,2025-02-23,ATM Issue,Low,Resolved,4.3
4001323,103613,2025-04-05,Transaction Failure,Low,Open,3.2
4001324,103798,2025-09-22,Fraud Concern,Medium,Resolved,5.7
4001325,104839,2025-04-09,General Query,Critical,Resolved,25.3
4001326,102741,2025-08-31,ATM Issue,Low,Resolved,23.7
4001327,104095,2025-01-23,Card Issue,Low,Resolved,2.8
4001328,104328,2025-05-28,General Query,Medium,Resolved,14.0
4001329,100894,2025-12-08,Fraud Concern,Medium,Resolved,39.2
4001330,102389,2025-04-12,General Query,Low,Open,21.3
4001331,100854,2025-06-05,Fraud Concern,High,Open,18.6
4001332,104613,2025-02-09,Card Issue,Medium,Resolved,35.4
4001333,101639,2025-05-31,Card Issue,Medium,Resolved,20.1
4001334,102104,2025-08-03,Transaction Failure,Medium,Open,6.3
4001335,104041,2025-02-19,General Query,Low,Resolved,22.8
4001336,101256,2025-01-03,Payment Dispute,High,Resolved,17.0
4001337,104872,2025-11-14,General Query,High,Resolved,12.3
4001338,104655,2025-04-16,Payment Dispute,Medium,In Progress,1.5
4001339,104071,2025-12-04,Transaction Failure,Low,Resolved,19.5
4001340,104766,2025-05-19,Transaction Failure,Medium,Resolved,7.0
4001341,102146,2025-12-11,Fraud Concern,High,Resolved,47.3
4001342,101124,2025-08-02,Card Issue,Medium,Resolved,25.3
4001343,102707,2025-12-21,General Query,Medium,In Progress,21.7
4001344,101285,2025-04-11,Account Access,Medium,Resolved,3.8
4001345,103373,2025-07-04,Transaction Failure,Medium,Resolved,14.4
4001346,104255,2025-07-09,Transaction Failure,Low,Resolved,16.2
4001347,104471,2025-05-13,ATM Issue,Medium,Resolved,5.3
4001348,102753,2025-01-02,Payment Dispute,Low,Open,5.9
4001349,103764,2025-09-26,Account Access,Medium,Resolved,12.9
4001350,101406,2025-01-15,General Query,Low,Resolved,23.7
4001351,101391,2025-04-30,Card Issue,High,Resolved,9.3
4001352,101386,2025-11-11,Account Access,Medium,Resolved,17.3
4001353,103074,2025-09-24,Fraud Concern,High,Resolved,12.4
4001354,102787,2025-10-19,ATM Issue,Medium,Resolved,12.9
4001355,100272,2025-10-19,Transaction Failure,Low,Resolved,17.7
4001356,102657,2025-11-23,General Query,Medium,Resolved,19.8
4001357,104052,2025-01-12,General Query,Low,Resolved,2.1
4001358,101378,2025-02-25,Card Issue,Low,Resolved,21.6
4001359,103650,2025-10-18,Account Access,High,Resolved,12.2
4001360,103050,2025-02-28,Fraud Concern,High,Open,30.4
4001361,101123,2025-12-05,General Query,High,Resolved,18.0
4001362,101361,2025-10-05,ATM Issue,Medium,Resolved,4.6
4001363,103273,2025-08-10,General Query,Low,Resolved,42.3
4001364,101746,2025-09-18,Transaction Failure,Low,In Progress,16.8
4001365,102089,2025-12-28,Transaction Failure,Medium,In Progress,5.5
4001366,103977,2025-02-06,General Query,High,Open,26.4
4001367,100940,2025-08-01,Fraud Concern,Medium,Resolved,19.6
4001368,102977,2025-08-25,Card Issue,Medium,Resolved,11.9
4001369,101900,2025-01-01,Card Issue,Low,Resolved,13.6
4001370,100433,2025-07-06,Card Issue,Medium,Open,27.7
4001371,104582,2025-09-01,Account Access,Medium,In Progress,8.9
4001372,103757,2025-07-15,Transaction Failure,Medium,Resolved,7.3
4001373,101185,2025-12-07,Card Issue,Medium,Resolved,25.5
4001374,102312,2025-08-16,Card Issue,Medium,Resolved,10.6
4001375,102503,2025-03-05,Account Access,Low,Resolved,8.7
4001376,102760,2025-04-13,Transaction Failure,Medium,Open,7.4
4001377,102730,2025-03-27,Transaction Failure,Medium,Resolved,6.0
4001378,104290,2025-09-13,General Query,Low,In Progress,47.9
4001379,100543,2025-05-24,Account Access,Low,Resolved,2.6
4001380,103703,2025-06-28,Account Access,High,Resolved,18.3
4001381,100030,2025-06-07,Account Access,High,Resolved,15.5
4001382,102006,2025-07-17,Fraud Concern,Low,Resolved,15.9
4001383,104665,2025-10-29,Payment Dispute,Medium,Resolved,11.7
4001384,104843,2025-07-19,ATM Issue,Low,Resolved,12.7
4001385,102404,2025-04-14,Transaction Failure,Low,In Progress,26.0
4001386,103459,2025-06-09,Account Access,Medium,Resolved,22.9
4001387,102744,2025-04-23,General Query,Medium,Resolved,32.2
4001388,104238,2025-12-14,General Query,Medium,Resolved,43.8
4001389,104005,2025-06-30,ATM Issue,High,Resolved,14.3
4001390,102633,2025-09-22,General Query,Low,In Progress,5.7
4001391,103060,2025-10-17,Account Access,Low,Resolved,25.0
4001392,103283,2025-04-13,Account Access,Medium,Resolved,4.7
4001393,100972,2025-11-21,General Query,Critical,Resolved,3.7
4001394,104130,2025-04-21,Transaction Failure,Low,Resolved,6.5
4001395,104375,2025-04-03,ATM Issue,Medium,Resolved,41.0
4001396,102789,2025-01-24,Transaction Failure,Low,Open,0.7
4001397,101494,2025-08-08,Payment Dispute,Low,Resolved,23.4
4001398,104512,2025-01-13,Card Issue,Medium,Resolved,36.7
4001399,101466,2025-07-28,Account Access,Low,Resolved,32.7
4001400,102448,2025-07-10,Transaction Failure,Medium,Resolved,13.4
4001401,102968,2025-06-25,Payment Dispute,Low,Resolved,12.0
4001402,101069,2025-09-24,ATM Issue,Medium,Open,16.6
4001403,102959,2025-06-24,ATM Issue,Medium,Resolved,14.6
4001404,100684,2025-06-13,Fraud Concern,Low,In Progress,5.7
4001405,103156,2025-10-14,Account Access,Low,In Progress,28.8
4001406,104188,2025-08-03,ATM Issue,Low,Resolved,4.1
4001407,101266,2025-12-10,General Query,High,Resolved,23.2
4001408,101388,2025-07-02,Account Access,Low,Resolved,7.0
4001409,104978,2025-04-24,Fraud Concern,Medium,Resolved,12.9
4001410,100504,2025-09-27,ATM Issue,Medium,Resolved,27.1
4001411,102191,2025-06-05,Transaction Failure,Medium,Resolved,1.9
4001412,104138,2025-06-12,Payment Dispute,Low,Resolved,17.3
4001413,103626,2025-06-05,Account Access,Low,Open,15.3
4001414,103929,2025-09-20,Card Issue,Medium,Resolved,22.4
4001415,101793,2025-10-10,Transaction Failure,Low,Resolved,6.3
4001416,100153,2025-06-01,Account Access,Low,Resolved,21.2
4001417,100807,2025-07-08,General Query,Medium,Resolved,26.6
4001418,103970,2025-07-31,General Query,Medium,Resolved,5.4
4001419,100476,2025-10-09,Transaction Failure,Medium,Resolved,22.8
4001420,103113,2025-06-14,Card Issue,Medium,Resolved,11.7
4001421,104900,2025-01-17,Transaction Failure,High,Resolved,4.8
4001422,100425,2025-01-03,General Query,Medium,Resolved,13.1
4001423,102576,2025-06-10,Fraud Concern,Medium,Resolved,18.6
4001424,101615,2025-08-24,Payment Dispute,Medium,Resolved,17.3
4001425,103981,2025-06-21,General Query,Low,Resolved,12.1
4001426,103211,2025-01-24,General Query,Low,Resolved,18.7
4001427,100060,2025-05-08,General Query,Medium,Resolved,2.7
4001428,102548,2025-01-18,Card Issue,Low,Resolved,2.4
4001429,103157,2025-09-04,Transaction Failure,High,Resolved,7.9
4001430,101817,2025-04-16,Payment Dispute,Low,Resolved,3.3
4001431,103816,2025-02-10,ATM Issue,Medium,Resolved,32.5
4001432,101789,2025-11-24,Card Issue,Low,In Progress,12.1
4001433,100729,2025-10-06,Payment Dispute,Low,Resolved,11.0
4001434,102198,2025-06-26,General Query,Low,Resolved,32.4
4001435,102943,2025-09-28,Account Access,High,Resolved,13.4
4001436,101969,2025-03-05,General Query,High,Resolved,12.8
4001437,100981,2025-07-11,Account Access,Low,Open,23.1
4001438,100017,2025-01-16,Transaction Failure,Medium,Resolved,11.8
4001439,102618,2025-02-22,Account Access,Low,Resolved,28.2
4001440,101648,2025-04-02,Account Access,Low,In Progress,30.3
4001441,102024,2025-04-01,General Query,Low,Resolved,12.9
4001442,101477,2025-04-29,Account Access,High,Resolved,11.3
4001443,103975,2025-05-20,Card Issue,Medium,In Progress,8.9
4001444,102412,2025-10-30,Fraud Concern,Medium,Open,14.0
4001445,100700,2025-10-10,Fraud Concern,Low,Resolved,15.2
4001446,102571,2025-04-07,General Query,Low,Resolved,9.6
4001447,102064,2025-07-12,Card Issue,Medium,Resolved,59.0
4001448,101212,2025-10-09,Payment Dispute,Medium,Resolved,36.0
4001449,101732,2025-02-15,Card Issue,Medium,Resolved,7.7
4001450,101297,2025-05-06,Transaction Failure,Low,Open,33.9
4001451,100500,2025-01-18,Payment Dispute,Critical,Resolved,18.4
4001452,102272,2025-09-09,Account Access,Medium,Resolved,16.6
4001453,103913,2025-11-23,Card Issue,Low,Resolved,26.6
4001454,103101,2025-09-16,Card Issue,Low,Resolved,15.1
4001455,104982,2025-01-07,General Query,Low,Resolved,9.7
4001456,102577,2025-08-17,Payment Dispute,Low,Resolved,13.5
4001457,102302,2025-01-26,Transaction Failure,Medium,Resolved,20.2
4001458,100613,2025-02-04,Transaction Failure,Low,Resolved,33.0
4001459,100049,2025-10-22,General Query,Medium,Open,3.0
4001460,102902,2025-07-12,Transaction Failure,Medium,Resolved,9.0
4001461,100652,2025-10-14,Card Issue,Critical,In Progress,8.1
4001462,103962,2025-07-21,Transaction Failure,Medium,Open,21.2
4001463,102295,2025-11-16,Card Issue,Medium,Resolved,10.9
4001464,100063,2025-03-09,General Query,Low,In Progress,4.8
4001465,100266,2025-08-17,Transaction Failure,High,Resolved,12.7
4001466,104796,2025-01-11,Payment Dispute,Medium,Resolved,15.5
4001467,104427,2025-09-05,Card Issue,Low,In Progress,12.7
4001468,100095,2025-10-15,Payment Dispute,High,In Progress,9.7
4001469,102167,2025-02-16,Account Access,High,Resolved,37.7
4001470,103755,2025-06-26,Card Issue,Low,In Progress,63.9
4001471,101861,2025-01-15,ATM Issue,Low,Resolved,14.6
4001472,101735,2025-02-10,Transaction Failure,Medium,Resolved,5.3
4001473,103573,2025-04-09,Account Access,Low,Resolved,3.2
4001474,100956,2025-01-25,Fraud Concern,Critical,Open,26.2
4001475,104455,2025-08-27,General Query,Medium,Resolved,20.2
4001476,104770,2025-09-16,Card Issue,Low,Resolved,26.2
4001477,102792,2025-12-13,Account Access,Medium,Resolved,12.1
4001478,100662,2025-04-22,Transaction Failure,Medium,Resolved,15.3
4001479,102482,2025-04-16,Payment Dispute,Medium,Resolved,8.7
4001480,101340,2025-09-18,Payment Dispute,Low,Resolved,15.8
4001481,104182,2025-12-14,General Query,Low,Resolved,13.2
4001482,104824,2025-03-02,Fraud Concern,Medium,Open,13.1
4001483,103445,2025-04-21,General Query,High,In Progress,64.7
4001484,100752,2025-09-03,Fraud Concern,Medium,Resolved,13.1
4001485,103520,2025-08-31,Transaction Failure,High,In Progress,17.7
4001486,102393,2025-03-07,Card Issue,Medium,Open,23.0
4001487,102254,2025-03-24,Account Access,Medium,Resolved,37.7
4001488,101260,2025-09-06,Fraud Concern,Critical,Resolved,8.9
4001489,104181,2025-06-10,Fraud Concern,Low,In Progress,31.0
4001490,101725,2025-09-10,Transaction Failure,Low,Resolved,17.6
4001491,102559,2025-09-26,Fraud Concern,Low,Resolved,6.8
4001492,102002,2025-04-15,Card Issue,Medium,Resolved,6.2
4001493,102063,2025-01-24,Transaction Failure,High,Resolved,13.9
4001494,100216,2025-12-17,General Query,Low,Resolved,14.4
4001495,101737,2025-10-13,Transaction Failure,High,Open,8.3
4001496,104765,2025-04-30,Payment Dispute,Medium,Resolved,14.1
4001497,104675,2025-12-08,General Query,High,Resolved,38.6
4001498,102605,2025-01-17,Account Access,Low,Resolved,6.8
4001499,104922,2025-10-23,Fraud Concern,Low,Resolved,3.0
4001500,104493,2025-04-16,General Query,Medium,Resolved,5.3
4001501,103634,2025-09-12,General Query,Low,Resolved,15.0
4001502,102880,2025-07-27,Card Issue,Medium,Resolved,9.5
4001503,103897,2025-01-01,Transaction Failure,Medium,Resolved,20.0
4001504,104424,2025-02-25,Account Access,High,Open,3.4
4001505,104636,2025-12-09,Payment Dispute,Medium,Resolved,6.0
4001506,102431,2025-08-03,General Query,Medium,In Progress,6.5
4001507,100066,2025-06-05,Transaction Failure,Medium,Open,9.6
4001508,104863,2025-01-15,ATM Issue,Medium,Resolved,15.0
4001509,103166,2025-12-13,Transaction Failure,Medium,Resolved,11.2
4001510,102710,2025-09-15,Payment Dispute,Low,Resolved,12.0
4001511,103836,2025-01-24,Transaction Failure,Medium,Resolved,10.9
4001512,101028,2025-12-06,Fraud Concern,Low,Resolved,55.0
4001513,100994,2025-07-26,Card Issue,Low,Resolved,31.2
4001514,104554,2025-09-15,Account Access,Critical,Open,7.3
4001515,103850,2025-11-20,ATM Issue,High,In Progress,9.6
4001516,103106,2025-01-01,Account Access,Medium,Resolved,10.8
4001517,103278,2025-11-06,Account Access,Low,Resolved,3.3
4001518,102154,2025-01-24,Transaction Failure,Medium,Resolved,12.3
4001519,102182,2025-08-24,Transaction Failure,Medium,In Progress,6.6
4001520,102961,2025-02-04,ATM Issue,Low,Resolved,4.4
4001521,100878,2025-12-17,Card Issue,Low,Open,18.7
4001522,103374,2025-01-07,General Query,Medium,Resolved,7.3
4001523,100621,2025-07-03,General Query,High,Resolved,16.7
4001524,102426,2025-08-24,Card Issue,Low,Resolved,5.6
4001525,101476,2025-01-07,Fraud Concern,Medium,Resolved,11.6
4001526,104514,2025-01-03,Account Access,Medium,Resolved,11.3
4001527,104406,2025-02-08,Payment Dispute,Critical,Resolved,25.7
4001528,101023,2025-04-24,General Query,Low,Resolved,11.2
4001529,103414,2025-06-19,Account Access,Critical,Resolved,30.9
4001530,104700,2025-01-20,Payment Dispute,High,Resolved,23.8
4001531,101062,2025-03-20,Fraud Concern,Medium,Resolved,16.7
4001532,100837,2025-06-02,Account Access,High,In Progress,12.5
4001533,103252,2025-03-01,Fraud Concern,Medium,Resolved,11.6
4001534,101186,2025-03-18,Payment Dispute,Medium,Resolved,25.9
4001535,102441,2025-05-12,Card Issue,Medium,In Progress,14.1
4001536,103120,2025-09-13,ATM Issue,Low,Resolved,6.5
4001537,104584,2025-10-05,Card Issue,Low,Resolved,18.7
4001538,104865,2025-10-31,Fraud Concern,Low,Resolved,15.0
4001539,100421,2025-12-25,Payment Dispute,Low,Resolved,13.6
4001540,102530,2025-02-18,General Query,Low,Resolved,15.8
4001541,102202,2025-02-19,Transaction Failure,Low,Resolved,15.1
4001542,100112,2025-12-19,Transaction Failure,High,Resolved,11.7
4001543,104155,2025-10-02,Card Issue,Medium,Resolved,4.9
4001544,104484,2025-02-07,Card Issue,Medium,Resolved,62.8
4001545,104997,2025-02-10,Transaction Failure,High,Resolved,5.2
4001546,100295,2025-02-18,ATM Issue,Low,Resolved,11.5
4001547,103234,2025-02-09,Card Issue,Medium,Resolved,23.3
4001548,101639,2025-01-12,Transaction Failure,Low,Resolved,22.7
4001549,101428,2025-01-25,Card Issue,Medium,In Progress,0.7
4001550,103171,2025-04-06,ATM Issue,Low,Resolved,31.6
4001551,103413,2025-06-06,ATM Issue,Critical,Resolved,24.6
4001552,104378,2025-01-10,ATM Issue,High,Resolved,5.7
4001553,103178,2025-11-27,Transaction Failure,Low,Resolved,15.9
4001554,100707,2025-11-25,Fraud Concern,Low,Resolved,13.1
4001555,100641,2025-01-15,Account Access,Medium,Resolved,15.2
4001556,103854,2025-10-09,Fraud Concern,Low,Resolved,11.6
4001557,101109,2025-06-01,Card Issue,Medium,Resolved,28.1
4001558,104744,2025-12-25,Account Access,High,Resolved,35.9
4001559,103061,2025-05-10,ATM Issue,High,In Progress,19.9
4001560,104413,2025-04-09,Account Access,Low,Resolved,30.7
4001561,101451,2025-08-13,Transaction Failure,Low,Resolved,14.9
4001562,100900,2025-03-15,General Query,Low,Resolved,23.1
4001563,104109,2025-03-20,Fraud Concern,Medium,Resolved,7.7
4001564,104143,2025-09-26,Account Access,Low,Resolved,35.7
4001565,102017,2025-05-15,General Query,Low,Resolved,5.9
4001566,100314,2025-12-15,Payment Dispute,High,Resolved,6.1
4001567,100914,2025-03-14,Fraud Concern,Medium,Resolved,1.4
4001568,102678,2025-05-13,ATM Issue,Low,Resolved,31.5
4001569,103088,2025-04-24,Payment Dispute,Low,Resolved,21.1
4001570,103487,2025-10-24,Payment Dispute,Medium,Resolved,10.7
4001571,104889,2025-11-12,Account Access,Low,In Progress,11.5
4001572,102360,2025-07-13,Card Issue,Critical,Resolved,10.0
4001573,102324,2025-05-05,Account Access,Low,Resolved,2.0
4001574,102515,2025-08-25,Payment Dispute,Critical,Resolved,13.7
4001575,100848,2025-08-15,Transaction Failure,Medium,Resolved,2.2
4001576,100759,2025-08-08,Payment Dispute,Low,Open,16.5
4001577,103850,2025-06-14,Card Issue,High,In Progress,4.5
4001578,101877,2025-03-06,Transaction Failure,Low,Resolved,26.5
4001579,101623,2025-06-20,Account Access,High,Resolved,13.8
4001580,104282,2025-07-06,Fraud Concern,Medium,Resolved,2.3
4001581,101888,2025-09-13,Transaction Failure,Low,Resolved,10.1
4001582,103081,2025-11-11,ATM Issue,High,Open,13.4
4001583,101735,2025-06-02,Transaction Failure,High,Resolved,9.1
4001584,100252,2025-02-12,Payment Dispute,Medium,Resolved,10.9
4001585,101947,2025-03-09,ATM Issue,Critical,Resolved,10.8
4001586,104691,2025-01-02,Payment Dispute,High,Resolved,4.4
4001587,102692,2025-07-23,Account Access,Low,Resolved,25.1
4001588,102735,2025-11-03,Payment Dispute,Low,Open,12.6
4001589,100650,2025-03-20,Fraud Concern,Medium,Resolved,39.0
4001590,102123,2025-05-10,Transaction Failure,Low,Resolved,40.8
4001591,102789,2025-07-12,Transaction Failure,Medium,Resolved,52.6
4001592,102009,2025-04-03,Card Issue,Low,Open,7.0
4001593,101097,2025-05-30,Fraud Concern,Medium,Resolved,8.2
4001594,104638,2025-05-14,Card Issue,Medium,Open,12.8
4001595,102177,2025-02-18,Payment Dispute,Low,Resolved,8.4
4001596,104839,2025-09-17,ATM Issue,Medium,Resolved,22.6
4001597,103703,2025-06-03,Account Access,Medium,Resolved,52.5
4001598,100886,2025-11-18,Payment Dispute,Medium,Open,5.7
4001599,100180,2025-02-26,Transaction Failure,Low,Resolved,10.6
4001600,104480,2025-01-08,General Query,Medium,Resolved,37.9
4001601,100605,2025-12-12,General Query,Medium,Open,14.4
4001602,103927,2025-09-18,General Query,Low,Resolved,42.3
4001603,102335,2025-11-16,Account Access,Low,Resolved,6.9
4001604,104075,2025-12-20,Transaction Failure,Low,Resolved,18.1
4001605,102329,2025-12-27,Transaction Failure,Low,Resolved,4.1
4001606,101995,2025-09-27,ATM Issue,High,Resolved,35.1
4001607,101083,2025-05-14,Payment Dispute,Low,Resolved,5.6
4001608,104176,2025-01-07,Transaction Failure,Low,Resolved,29.9
4001609,102975,2025-04-25,General Query,Medium,Resolved,8.4
4001610,103288,2025-04-27,Transaction Failure,Medium,Resolved,3.5
4001611,100647,2025-03-24,Card Issue,Low,Resolved,8.4
4001612,103688,2025-08-26,General Query,Low,Resolved,5.2
4001613,100221,2025-06-23,Account Access,Low,In Progress,18.8
4001614,102167,2025-11-03,Card Issue,Medium,Resolved,14.0
4001615,104613,2025-12-19,Account Access,Medium,Resolved,27.0
4001616,103379,2025-03-19,ATM Issue,Low,Resolved,21.2
4001617,100988,2025-04-26,Payment Dispute,Low,Resolved,11.9
4001618,104953,2025-02-14,Payment Dispute,Medium,Resolved,21.5
4001619,102304,2025-07-16,Fraud Concern,Low,Resolved,30.8
4001620,100937,2025-12-13,Account Access,Low,Open,36.0
4001621,103688,2025-11-24,Card Issue,Low,Resolved,28.9
4001622,101254,2025-01-14,Card Issue,Medium,Open,9.2
4001623,101734,2025-04-14,Fraud Concern,Low,Open,15.2
4001624,103178,2025-12-07,Fraud Concern,Critical,Open,22.0
4001625,101425,2025-10-22,Account Access,Medium,Resolved,9.2
4001626,100495,2025-01-12,Account Access,Medium,Resolved,27.5
4001627,102736,2025-03-14,Account Access,Medium,Resolved,9.3
4001628,101058,2025-05-26,Transaction Failure,High,Resolved,10.5
4001629,101530,2025-04-19,Fraud Concern,High,Open,14.8
4001630,103180,2025-02-19,Account Access,High,Resolved,11.2
4001631,102488,2025-02-11,Fraud Concern,Low,Resolved,16.9
4001632,103673,2025-03-31,Account Access,Low,Resolved,18.6
4001633,100350,2025-10-31,Transaction Failure,Low,Resolved,14.2
4001634,104641,2025-04-13,Payment Dispute,Low,Resolved,9.8
4001635,101967,2025-04-28,Transaction Failure,Medium,Open,16.1
4001636,100040,2025-11-17,Account Access,Medium,In Progress,10.3
4001637,104995,2025-06-17,Transaction Failure,Medium,Resolved,10.8
4001638,104167,2025-12-26,Card Issue,Medium,Resolved,18.3
4001639,101846,2025-11-24,Transaction Failure,High,Resolved,22.1
4001640,103707,2025-09-05,General Query,High,Resolved,3.8
4001641,102053,2025-08-08,Transaction Failure,High,Resolved,14.8
4001642,101251,2025-10-01,General Query,Low,Resolved,31.2
4001643,102316,2025-04-25,Payment Dispute,Medium,Resolved,15.9
4001644,101287,2025-06-23,ATM Issue,Low,Resolved,10.3
4001645,100110,2025-02-28,Account Access,Critical,Resolved,18.3
4001646,101893,2025-02-13,Transaction Failure,High,Resolved,34.8
4001647,101797,2025-09-02,Transaction Failure,Low,Resolved,13.4
4001648,100853,2025-05-11,Card Issue,Critical,Resolved,23.4
4001649,104703,2025-03-21,ATM Issue,Low,Resolved,26.8
4001650,100854,2025-12-10,General Query,Medium,Resolved,15.2
4001651,101762,2025-04-05,Card Issue,Low,Resolved,11.3
4001652,102049,2025-06-07,General Query,Critical,Resolved,15.1
4001653,100805,2025-08-27,General Query,Medium,Resolved,8.1
4001654,101273,2025-11-11,ATM Issue,Low,Resolved,10.4
4001655,103485,2025-06-25,Account Access,High,Resolved,5.7
4001656,100384,2025-05-04,Payment Dispute,Medium,Resolved,34.6
4001657,101649,2025-07-23,Card Issue,High,Open,7.1
4001658,103198,2025-01-01,Transaction Failure,Low,Resolved,5.6
4001659,103674,2025-06-16,Fraud Concern,Medium,Resolved,27.4
4001660,104875,2025-06-16,Payment Dispute,Low,Resolved,22.2
4001661,102357,2025-11-28,Card Issue,Low,Resolved,23.2
4001662,104103,2025-03-24,Card Issue,Low,Resolved,29.3
4001663,104941,2025-01-16,Card Issue,Medium,Resolved,25.1
4001664,103693,2025-02-26,General Query,Medium,Resolved,4.2
4001665,101939,2025-07-02,General Query,Medium,Open,28.3
4001666,104553,2025-03-24,General Query,Low,Resolved,13.8
4001667,104626,2025-03-10,ATM Issue,Low,Resolved,23.2
4001668,100938,2025-12-15,ATM Issue,Low,Open,2.9
4001669,100681,2025-05-19,Card Issue,High,Resolved,7.1
4001670,101274,2025-02-24,Transaction Failure,Medium,Open,24.9
4001671,101461,2025-06-09,Transaction Failure,Medium,Resolved,9.9
4001672,101293,2025-03-27,Fraud Concern,Medium,Open,19.3
4001673,103866,2025-11-12,Account Access,Low,Resolved,9.4
4001674,101772,2025-01-03,Payment Dispute,Low,Resolved,29.4
4001675,101360,2025-08-24,General Query,Medium,Resolved,16.8
4001676,103450,2025-11-26,Fraud Concern,Low,Resolved,29.8
4001677,104495,2025-08-05,Card Issue,High,Resolved,4.5
4001678,102355,2025-03-14,Account Access,Low,Resolved,46.8
4001679,102237,2025-08-10,General Query,Medium,Resolved,29.2
4001680,103119,2025-08-22,General Query,High,Resolved,13.0
4001681,101048,2025-10-03,ATM Issue,Low,Resolved,6.2
4001682,100934,2025-06-22,Card Issue,Medium,Resolved,18.4
4001683,103758,2025-02-13,Payment Dispute,High,Resolved,4.9
4001684,100258,2025-04-25,Account Access,Low,Resolved,5.6
4001685,104515,2025-05-17,ATM Issue,Low,Resolved,17.1
4001686,102570,2025-02-22,Payment Dispute,Medium,Resolved,27.3
4001687,103658,2025-10-14,General Query,Low,In Progress,16.5
4001688,103914,2025-10-08,ATM Issue,Low,Resolved,33.9
4001689,104193,2025-06-13,General Query,Low,Resolved,15.6
4001690,102941,2025-12-02,Transaction Failure,Low,Resolved,30.9
4001691,103298,2025-05-02,General Query,Medium,Resolved,16.0
4001692,103406,2025-07-31,Fraud Concern,Low,Resolved,2.9
4001693,102739,2025-11-10,General Query,Medium,Resolved,17.8
4001694,104001,2025-01-11,Account Access,Low,Resolved,4.5
4001695,104959,2025-03-03,Payment Dispute,Medium,Resolved,13.7
4001696,100547,2025-07-20,Account Access,Low,Open,7.2
4001697,103923,2025-08-19,General Query,Critical,Resolved,3.1
4001698,103353,2025-04-14,General Query,Medium,In Progress,7.4
4001699,102684,2025-12-15,Payment Dispute,Medium,Open,5.5
4001700,104090,2025-09-23,Transaction Failure,High,Resolved,15.5
4001701,101755,2025-10-20,Transaction Failure,Medium,Resolved,13.3
4001702,102297,2025-01-29,General Query,Medium,Open,8.3
4001703,100975,2025-05-13,Fraud Concern,Critical,Resolved,11.0
4001704,102805,2025-10-28,Account Access,Critical,Resolved,18.7
4001705,100731,2025-08-16,ATM Issue,Critical,Resolved,5.7
4001706,100283,2025-07-16,General Query,Medium,Resolved,30.4
4001707,101607,2025-01-19,General Query,Medium,Resolved,12.4
4001708,104491,2025-03-29,Fraud Concern,High,Resolved,75.6
4001709,100264,2025-11-26,General Query,High,Resolved,30.7
4001710,100941,2025-03-02,General Query,Medium,Resolved,35.0
4001711,102858,2025-01-31,General Query,Medium,Resolved,21.5
4001712,100115,2025-12-07,Card Issue,High,Resolved,8.2
4001713,102908,2025-01-10,Card Issue,High,Resolved,28.2
4001714,104572,2025-07-07,Payment Dispute,Medium,Resolved,33.6
4001715,103040,2025-09-25,Account Access,High,Resolved,25.3
4001716,101103,2025-09-18,Fraud Concern,Low,Resolved,5.4
4001717,103659,2025-12-11,Transaction Failure,High,Resolved,13.2
4001718,102886,2025-03-19,Account Access,Low,Open,7.2
4001719,101717,2025-10-08,Transaction Failure,Low,Open,5.8
4001720,101215,2025-09-19,Card Issue,Critical,Resolved,22.6
4001721,101305,2025-10-14,General Query,Low,In Progress,18.4
4001722,101210,2025-03-28,Fraud Concern,Medium,In Progress,9.4
4001723,103684,2025-06-08,Payment Dispute,Low,Resolved,13.9
4001724,100196,2025-06-01,Card Issue,Medium,Resolved,42.7
4001725,100875,2025-03-10,Transaction Failure,Critical,Resolved,9.0
4001726,100208,2025-08-28,Account Access,High,Resolved,6.6
4001727,101404,2025-04-30,Card Issue,High,Resolved,13.8
4001728,102609,2025-06-18,Transaction Failure,Critical,Resolved,15.6
4001729,104429,2025-11-04,Payment Dispute,Medium,Resolved,5.3
4001730,104427,2025-10-01,Fraud Concern,Medium,Resolved,10.8
4001731,100278,2025-02-01,Transaction Failure,Medium,Resolved,9.2
4001732,101339,2025-10-14,Transaction Failure,Low,In Progress,16.1
4001733,100385,2025-03-02,Transaction Failure,Medium,Resolved,13.3
4001734,104581,2025-02-03,ATM Issue,Low,Resolved,50.4
4001735,100170,2025-02-14,General Query,Low,Open,22.0
4001736,104241,2025-02-16,Fraud Concern,Low,Resolved,17.2
4001737,102527,2025-08-13,Fraud Concern,High,Resolved,9.1
4001738,100499,2025-10-25,ATM Issue,Low,Resolved,8.8
4001739,104173,2025-03-10,Transaction Failure,Medium,Resolved,8.4
4001740,101683,2025-10-31,Payment Dispute,Critical,Resolved,11.1
4001741,101781,2025-08-19,Account Access,Low,Resolved,17.3
4001742,104276,2025-09-18,Account Access,High,Resolved,14.0
4001743,103821,2025-04-20,General Query,Medium,Resolved,2.9
4001744,104694,2025-08-13,Card Issue,Medium,Resolved,15.0
4001745,103905,2025-04-02,Transaction Failure,High,Resolved,15.8
4001746,104982,2025-08-12,General Query,Low,In Progress,31.8
4001747,100729,2025-01-23,Fraud Concern,Medium,Resolved,12.3
4001748,103657,2025-07-15,Card Issue,Medium,Resolved,10.7
4001749,101950,2025-10-06,Transaction Failure,Low,Resolved,10.9
4001750,100638,2025-04-09,Payment Dispute,Medium,Resolved,15.9
4001751,102563,2025-07-16,ATM Issue,High,In Progress,10.2
4001752,102873,2025-05-02,General Query,Low,Resolved,9.1
4001753,100147,2025-01-06,Transaction Failure,Low,Resolved,14.6
4001754,100096,2025-01-07,Payment Dispute,Critical,Resolved,20.8
4001755,103748,2025-02-20,Account Access,Medium,Resolved,29.3
4001756,101137,2025-03-15,Account Access,Medium,Resolved,11.0
4001757,102419,2025-07-27,Transaction Failure,Medium,Resolved,13.1
4001758,101593,2025-10-08,Card Issue,Low,Resolved,19.6
4001759,104345,2025-10-26,ATM Issue,Medium,Resolved,5.0
4001760,102986,2025-08-31,Fraud Concern,Low,Resolved,16.4
4001761,103621,2025-08-08,Card Issue,Medium,Resolved,5.0
4001762,102410,2025-04-13,ATM Issue,Low,Resolved,50.3
4001763,102848,2025-05-13,General Query,Low,Resolved,7.9
4001764,103202,2025-11-21,Account Access,High,Resolved,8.9
4001765,104867,2025-01-11,Card Issue,Low,Resolved,17.2
4001766,101834,2025-01-17,Card Issue,Low,Resolved,9.7
4001767,101353,2025-08-21,Card Issue,Low,Resolved,11.6
4001768,104681,2025-12-16,Transaction Failure,High,Resolved,23.1
4001769,100850,2025-06-17,ATM Issue,Low,In Progress,12.5
4001770,103644,2025-11-19,Payment Dispute,High,Resolved,17.4
4001771,102018,2025-07-22,Transaction Failure,Medium,Resolved,25.1
4001772,101510,2025-01-11,ATM Issue,Medium,In Progress,31.5
4001773,103982,2025-05-01,Account Access,High,Resolved,5.7
4001774,100354,2025-03-10,Card Issue,Low,Resolved,10.6
4001775,103684,2025-12-24,Account Access,Medium,In Progress,18.6
4001776,100635,2025-05-14,Payment Dispute,Medium,Resolved,32.7
4001777,101427,2025-10-21,General Query,High,Resolved,17.1
4001778,101087,2025-01-28,Card Issue,Critical,Open,45.4
4001779,101253,2025-08-30,Card Issue,High,Resolved,24.5
4001780,102780,2025-02-11,Transaction Failure,Low,Resolved,6.5
4001781,100814,2025-01-01,General Query,Low,Resolved,18.2
4001782,101823,2025-09-09,Account Access,Medium,Resolved,22.0
4001783,100372,2025-04-01,General Query,Low,Resolved,6.4
4001784,101272,2025-01-11,Fraud Concern,Low,Resolved,7.9
4001785,103742,2025-03-31,ATM Issue,Low,Open,26.8
4001786,100734,2025-02-08,Account Access,Low,Open,28.2
4001787,100522,2025-12-29,Fraud Concern,High,Open,3.0
4001788,104753,2025-09-13,Card Issue,Medium,Resolved,1.8
4001789,100268,2025-07-27,Fraud Concern,High,In Progress,26.9
4001790,100841,2025-07-19,Payment Dispute,High,Resolved,10.2
4001791,100679,2025-05-04,ATM Issue,High,Resolved,21.5
4001792,100683,2025-03-07,Account Access,Medium,Resolved,6.1
4001793,100618,2025-07-07,Account Access,High,Resolved,20.3
4001794,101472,2025-02-07,Fraud Concern,Low,Resolved,16.2
4001795,103728,2025-12-17,Account Access,Medium,Resolved,2.6
4001796,102935,2025-09-09,General Query,Critical,Resolved,39.2
4001797,103016,2025-07-19,Fraud Concern,Low,Resolved,10.7
4001798,101944,2025-07-04,Fraud Concern,Low,Resolved,11.3
4001799,101615,2025-08-11,Card Issue,Low,Resolved,51.1
4001800,101578,2025-10-04,Card Issue,Medium,Open,8.5
4001801,103641,2025-05-19,Fraud Concern,Low,Resolved,5.9
4001802,101759,2025-06-13,Payment Dispute,Medium,In Progress,14.7
4001803,104464,2025-07-04,ATM Issue,Low,Open,23.4
4001804,100423,2025-10-20,Payment Dispute,Low,Resolved,7.7
4001805,103245,2025-10-21,Account Access,Critical,Resolved,8.9
4001806,100707,2025-01-05,Account Access,Medium,Open,21.3
4001807,100102,2025-10-27,General Query,Medium,Resolved,18.8
4001808,103675,2025-12-21,Account Access,Medium,Resolved,15.6
4001809,103411,2025-10-20,General Query,Low,Open,25.7
4001810,102054,2025-08-20,Payment Dispute,Low,Open,5.8
4001811,104464,2025-03-10,Account Access,Low,Resolved,7.1
4001812,100176,2025-02-15,Transaction Failure,Low,Resolved,5.3
4001813,104531,2025-07-31,Transaction Failure,Medium,Resolved,20.6
4001814,102737,2025-03-24,Transaction Failure,High,Open,19.4
4001815,103804,2025-04-23,General Query,Low,Resolved,14.2
4001816,102126,2025-05-24,General Query,Medium,Resolved,4.4
4001817,102400,2025-02-04,General Query,Low,Resolved,38.3
4001818,100032,2025-11-27,General Query,Medium,Resolved,10.8
4001819,102681,2025-02-26,Payment Dispute,High,Resolved,30.1
4001820,102151,2025-05-19,General Query,Medium,Resolved,17.6
4001821,103153,2025-10-19,Transaction Failure,Medium,Resolved,6.9
4001822,103925,2025-07-15,Card Issue,Medium,Resolved,7.8
4001823,101122,2025-09-11,Account Access,Low,Resolved,10.9
4001824,102649,2025-06-02,Transaction Failure,Medium,Resolved,22.7
4001825,100874,2025-09-04,Fraud Concern,Medium,Resolved,8.2
4001826,104323,2025-09-11,Payment Dispute,Medium,Resolved,3.9
4001827,102547,2025-07-11,Account Access,High,Resolved,20.0
4001828,102547,2025-04-04,General Query,Low,Resolved,17.9
4001829,102343,2025-02-21,General Query,Medium,Open,14.5
4001830,103044,2025-10-11,Transaction Failure,Medium,In Progress,6.9
4001831,101401,2025-12-20,Transaction Failure,Critical,Resolved,23.1
4001832,100647,2025-01-05,Card Issue,High,Open,15.3
4001833,101505,2025-11-25,Transaction Failure,Low,Resolved,14.6
4001834,102215,2025-06-28,Card Issue,Medium,Resolved,17.9
4001835,104003,2025-01-18,Transaction Failure,Low,Resolved,2.8
4001836,101379,2025-04-07,ATM Issue,High,Open,1.5
4001837,100799,2025-01-23,ATM Issue,Low,Resolved,17.1
4001838,103985,2025-05-16,General Query,High,Resolved,14.4
4001839,102143,2025-06-09,ATM Issue,Medium,Resolved,16.6
4001840,103562,2025-10-09,Transaction Failure,High,Open,7.8
4001841,102117,2025-08-02,Transaction Failure,High,Resolved,15.6
4001842,101849,2025-01-17,General Query,Medium,Resolved,6.3
4001843,103043,2025-11-07,Account Access,Critical,Resolved,37.4
4001844,103517,2025-07-29,Card Issue,Low,Resolved,6.6
4001845,102470,2025-05-31,General Query,High,Resolved,16.3
4001846,101186,2025-09-24,Account Access,Low,Resolved,20.4
4001847,101920,2025-03-25,Payment Dispute,Low,Resolved,17.1
4001848,104970,2025-12-06,Payment Dispute,High,Resolved,10.1
4001849,100229,2025-04-24,Transaction Failure,Low,Resolved,22.2
4001850,104013,2025-01-09,General Query,High,Resolved,4.0
4001851,102213,2025-08-16,Account Access,Medium,Open,24.2
4001852,102495,2025-02-09,Account Access,Low,Resolved,30.2
4001853,103314,2025-08-03,Fraud Concern,High,Resolved,28.5
4001854,103209,2025-10-07,Fraud Concern,Medium,Resolved,20.3
4001855,103744,2025-02-01,Payment Dispute,High,Open,8.7
4001856,104233,2025-03-31,Payment Dispute,Medium,In Progress,25.4
4001857,104506,2025-06-02,General Query,Medium,Resolved,24.2
4001858,100055,2025-10-17,Card Issue,Low,Resolved,17.1
4001859,103293,2025-09-17,Payment Dispute,Medium,In Progress,4.7
4001860,102955,2025-06-23,Payment Dispute,Critical,Resolved,42.6
4001861,102722,2025-01-02,Account Access,Medium,Resolved,15.4
4001862,101471,2025-11-13,Transaction Failure,Medium,Resolved,11.9
4001863,103023,2025-01-16,Account Access,Medium,Resolved,21.5
4001864,101409,2025-07-30,Payment Dispute,Low,Resolved,20.7
4001865,102478,2025-05-06,Payment Dispute,Medium,Open,26.1
4001866,101966,2025-10-22,General Query,Medium,Resolved,16.2
4001867,100025,2025-09-24,Card Issue,Medium,Resolved,30.7
4001868,100987,2025-04-10,Transaction Failure,Medium,Resolved,16.3
4001869,101937,2025-07-04,ATM Issue,Medium,Resolved,11.1
4001870,101143,2025-07-16,General Query,Low,Resolved,6.1
4001871,104956,2025-11-03,Fraud Concern,Medium,Resolved,27.0
4001872,102688,2025-12-31,Account Access,Medium,Resolved,19.1
4001873,102825,2025-04-22,Payment Dispute,Low,Resolved,29.3
4001874,102913,2025-12-17,Fraud Concern,Medium,Resolved,25.9
4001875,100158,2025-10-23,Transaction Failure,Low,Resolved,12.9
4001876,103574,2025-06-06,General Query,Medium,Resolved,11.1
4001877,104168,2025-01-26,Fraud Concern,Critical,Resolved,12.5
4001878,104838,2025-07-02,Card Issue,Medium,Resolved,26.1
4001879,102868,2025-05-18,Account Access,Low,Resolved,12.4
4001880,100763,2025-02-25,Transaction Failure,Medium,Resolved,27.9
4001881,100537,2025-11-01,Transaction Failure,Low,Resolved,17.0
4001882,103700,2025-11-02,Payment Dispute,Low,Open,14.8
4001883,102988,2025-07-20,Card Issue,High,Open,11.3
4001884,102556,2025-02-27,Payment Dispute,Medium,Resolved,4.1
4001885,104943,2025-02-03,Card Issue,Medium,Resolved,21.1
4001886,102735,2025-07-23,Card Issue,Low,Resolved,3.8
4001887,102927,2025-01-12,Fraud Concern,Critical,Resolved,7.2
4001888,101061,2025-01-11,ATM Issue,Low,Resolved,12.2
4001889,103270,2025-10-14,Fraud Concern,Critical,Resolved,2.6
4001890,100210,2025-07-27,Account Access,Low,Resolved,22.9
4001891,100169,2025-08-22,ATM Issue,Critical,Resolved,12.5
4001892,100381,2025-07-29,Account Access,Medium,Resolved,13.0
4001893,103362,2025-01-09,Payment Dispute,Medium,Resolved,29.3
4001894,103408,2025-02-09,Payment Dispute,Medium,In Progress,20.8
4001895,103091,2025-07-17,Transaction Failure,Low,Resolved,21.7
4001896,101253,2025-04-30,Fraud Concern,Low,Resolved,15.2
4001897,100471,2025-03-10,Transaction Failure,Medium,Resolved,11.6
4001898,104931,2025-11-02,Account Access,Low,Resolved,1.5
4001899,101774,2025-09-02,Card Issue,Medium,Open,9.6
4001900,102637,2025-11-19,ATM Issue,Low,Resolved,13.0
4001901,101075,2025-04-19,Transaction Failure,High,Resolved,13.6
4001902,100383,2025-11-26,Fraud Concern,Low,Resolved,5.0
4001903,104189,2025-04-29,General Query,Low,In Progress,16.9
4001904,103774,2025-11-28,General Query,Medium,Resolved,16.5
4001905,103373,2025-06-11,Transaction Failure,Medium,Resolved,12.2
4001906,102728,2025-11-12,Account Access,High,Resolved,27.4
4001907,103292,2025-03-03,Card Issue,Medium,Resolved,14.9
4001908,100642,2025-11-23,Card Issue,Low,Resolved,15.3
4001909,103002,2025-10-07,Transaction Failure,Medium,Resolved,11.9
4001910,104878,2025-02-07,Payment Dispute,Medium,Resolved,13.2
4001911,103452,2025-07-14,General Query,Medium,Resolved,38.6
4001912,104453,2025-10-08,Transaction Failure,Medium,Resolved,20.3
4001913,101123,2025-09-21,Card Issue,Medium,Resolved,8.1
4001914,104181,2025-03-28,Payment Dispute,Medium,Resolved,25.7
4001915,101464,2025-03-31,Payment Dispute,High,Resolved,5.4
4001916,103412,2025-05-04,Fraud Concern,Low,Resolved,2.4
4001917,101514,2025-03-28,General Query,High,Resolved,17.7
4001918,102867,2025-08-24,Payment Dispute,Low,Open,51.0
4001919,101597,2025-12-31,Account Access,Medium,Resolved,5.9
4001920,101250,2025-03-12,Transaction Failure,Low,Resolved,29.5
4001921,103444,2025-12-14,Account Access,Medium,Resolved,14.8
4001922,100502,2025-12-08,Account Access,High,Open,27.7
4001923,101889,2025-08-01,General Query,Medium,Resolved,21.5
4001924,101524,2025-04-05,General Query,Medium,Resolved,4.9
4001925,102440,2025-11-10,Card Issue,Medium,Resolved,18.7
4001926,101429,2025-03-29,Fraud Concern,Low,Open,37.2
4001927,102988,2025-10-21,Account Access,Critical,Resolved,16.1
4001928,100731,2025-12-25,ATM Issue,Medium,Resolved,17.1
4001929,102488,2025-10-03,General Query,High,Resolved,22.3
4001930,101735,2025-11-07,Account Access,Low,Resolved,57.8
4001931,103195,2025-12-26,Fraud Concern,Medium,Resolved,23.1
4001932,100019,2025-01-09,Fraud Concern,Medium,Resolved,26.4
4001933,100631,2025-01-10,Transaction Failure,Low,Resolved,23.3
4001934,101907,2025-08-23,Fraud Concern,Medium,Resolved,14.1
4001935,101088,2025-04-07,Payment Dispute,Medium,Resolved,23.8
4001936,100671,2025-05-11,ATM Issue,Low,Resolved,15.4
4001937,101586,2025-03-14,Payment Dispute,Medium,Resolved,6.0
4001938,101285,2025-11-14,Fraud Concern,High,Resolved,4.7
4001939,100392,2025-09-03,Account Access,High,Resolved,26.3
4001940,100032,2025-01-15,General Query,Medium,Open,16.7
4001941,102897,2025-08-03,General Query,Low,Resolved,26.4
4001942,101971,2025-07-13,Card Issue,Low,Resolved,6.4
4001943,101668,2025-06-20,Account Access,High,Resolved,8.7
4001944,101600,2025-01-02,Transaction Failure,Critical,Resolved,8.5
4001945,103454,2025-07-26,ATM Issue,Low,Resolved,15.7
4001946,100654,2025-09-19,General Query,Low,Resolved,12.6
4001947,103382,2025-03-03,Fraud Concern,High,Resolved,10.6
4001948,101132,2025-10-19,ATM Issue,Low,Resolved,9.9
4001949,100973,2025-09-13,Transaction Failure,Low,Resolved,32.9
4001950,100337,2025-02-10,ATM Issue,Low,Resolved,16.7
4001951,103232,2025-04-22,Card Issue,High,Resolved,54.2
4001952,104637,2025-08-13,Card Issue,Low,Resolved,28.9
4001953,104961,2025-03-20,General Query,Medium,Resolved,6.2
4001954,100184,2025-01-27,Card Issue,Low,Resolved,10.1
4001955,102759,2025-08-13,General Query,Medium,Open,38.6
4001956,104335,2025-10-31,Card Issue,Low,Resolved,18.7
4001957,103451,2025-11-13,Transaction Failure,Medium,Resolved,25.0
4001958,103767,2025-12-16,ATM Issue,Medium,Resolved,34.7
4001959,102533,2025-06-05,ATM Issue,Medium,Resolved,21.9
4001960,100224,2025-04-06,Card Issue,High,Resolved,7.5
4001961,103720,2025-08-09,Payment Dispute,High,Resolved,11.5
4001962,104901,2025-11-15,General Query,High,Open,7.5
4001963,102658,2025-05-05,Fraud Concern,Low,Resolved,55.1
4001964,101685,2025-08-09,Payment Dispute,Low,Resolved,18.4
4001965,104827,2025-09-28,Payment Dispute,Low,Resolved,10.6
4001966,104513,2025-10-12,Transaction Failure,Medium,Resolved,26.9
4001967,103351,2025-09-20,Transaction Failure,Medium,Resolved,17.1
4001968,101676,2025-09-25,ATM Issue,Medium,Resolved,16.0
4001969,101023,2025-12-12,Account Access,High,Resolved,11.7
4001970,103734,2025-10-16,Account Access,Medium,Resolved,11.0
4001971,101447,2025-01-08,ATM Issue,High,Open,35.5
4001972,101244,2025-02-06,Card Issue,Medium,Resolved,12.3
4001973,100395,2025-09-12,Card Issue,Low,Resolved,30.6
4001974,103891,2025-04-29,Payment Dispute,Medium,In Progress,1.0
4001975,101062,2025-04-25,Account Access,Critical,Resolved,28.0
4001976,100249,2025-03-03,Card Issue,Low,Resolved,1.4
4001977,102833,2025-10-07,Transaction Failure,High,Resolved,2.1
4001978,104511,2025-10-04,ATM Issue,High,Resolved,2.5
4001979,104997,2025-01-16,Transaction Failure,Medium,Resolved,6.8
4001980,102613,2025-06-09,ATM Issue,High,Resolved,44.7
4001981,100081,2025-12-27,Payment Dispute,Low,Resolved,4.7
4001982,100311,2025-09-17,General Query,Low,Resolved,12.9
4001983,103980,2025-03-12,ATM Issue,Low,Resolved,22.7
4001984,104790,2025-10-10,Transaction Failure,Low,Open,20.2
4001985,103647,2025-09-10,Fraud Concern,Medium,Resolved,3.3
4001986,100296,2025-04-28,Transaction Failure,Medium,Resolved,21.1
4001987,103622,2025-09-21,General Query,Medium,In Progress,15.3
4001988,103366,2025-05-27,Transaction Failure,High,Resolved,29.7
4001989,102207,2025-01-31,Fraud Concern,Medium,Resolved,13.6
4001990,103864,2025-11-15,Transaction Failure,Low,Resolved,8.4
4001991,103454,2025-03-16,Card Issue,Low,Resolved,25.6
4001992,104839,2025-12-18,Account Access,Low,Resolved,23.2
4001993,102101,2025-09-05,ATM Issue,Low,Resolved,15.5
4001994,100782,2025-05-29,Transaction Failure,High,In Progress,36.3
4001995,101945,2025-09-03,Transaction Failure,Low,Resolved,5.5
4001996,100281,2025-07-08,Fraud Concern,Low,Resolved,2.8
4001997,102202,2025-03-24,Fraud Concern,High,Open,54.4
4001998,101273,2025-12-04,Transaction Failure,Low,Resolved,3.3
4001999,100779,2025-07-03,Transaction Failure,Medium,Resolved,21.5
4002000,103375,2025-08-08,Card Issue,Low,Resolved,34.8
4002001,103168,2025-01-19,Transaction Failure,Critical,Resolved,11.2
4002002,104830,2025-11-02,Fraud Concern,Medium,Resolved,19.1
4002003,102964,2025-09-10,Card Issue,High,Resolved,32.2
4002004,100536,2025-01-06,General Query,Low,Resolved,23.5
4002005,100304,2025-04-16,Payment Dispute,Medium,Resolved,21.6
4002006,100963,2025-12-25,Payment Dispute,Medium,Open,26.7
4002007,100826,2025-06-14,ATM Issue,Low,Resolved,11.2
4002008,104978,2025-03-25,ATM Issue,High,Resolved,1.2
4002009,104232,2025-01-14,ATM Issue,High,Resolved,6.2
4002010,102184,2025-04-14,Card Issue,Low,Resolved,42.6
4002011,103039,2025-12-22,Card Issue,Low,Resolved,3.7
4002012,101253,2025-09-28,Card Issue,Low,Resolved,5.0
4002013,102748,2025-11-14,Transaction Failure,Medium,Resolved,46.5
4002014,102767,2025-04-09,Payment Dispute,Medium,In Progress,7.2
4002015,102085,2025-07-26,Transaction Failure,Low,In Progress,37.2
4002016,103249,2025-05-12,Card Issue,Low,Open,9.2
4002017,100352,2025-06-02,General Query,Low,Resolved,18.9
4002018,102656,2025-09-14,Payment Dispute,High,Resolved,15.6
4002019,101174,2025-01-12,Account Access,Medium,Resolved,21.4
4002020,102848,2025-08-17,Transaction Failure,Medium,Resolved,15.4
4002021,101134,2025-07-04,Card Issue,Medium,Resolved,18.5
4002022,101083,2025-10-19,General Query,Medium,Open,22.5
4002023,103822,2025-06-12,Transaction Failure,Medium,Resolved,15.1
4002024,104188,2025-01-09,Fraud Concern,Medium,Resolved,24.3
4002025,100698,2025-03-23,Payment Dispute,Medium,In Progress,37.0
4002026,103003,2025-06-18,General Query,Low,Resolved,12.9
4002027,101565,2025-07-18,General Query,Low,Resolved,9.3
4002028,103620,2025-10-04,Transaction Failure,Low,Resolved,13.2
4002029,103118,2025-05-08,Card Issue,Low,Resolved,29.0
4002030,101213,2025-02-06,Fraud Concern,High,Resolved,1.5
4002031,100044,2025-08-20,General Query,Critical,Open,25.6
4002032,102357,2025-10-22,General Query,Low,Resolved,18.1
4002033,103918,2025-10-21,Fraud Concern,Low,Resolved,26.3
4002034,104156,2025-08-27,Card Issue,High,Resolved,23.8
4002035,104055,2025-06-02,General Query,Medium,In Progress,38.2
4002036,100059,2025-01-11,Transaction Failure,Low,Resolved,3.1
4002037,101185,2025-02-04,ATM Issue,Medium,Resolved,10.1
4002038,100998,2025-11-30,Transaction Failure,Low,Resolved,11.8
4002039,103312,2025-04-03,General Query,High,Resolved,31.0
4002040,104792,2025-07-14,Account Access,High,Resolved,42.5
4002041,101975,2025-01-28,ATM Issue,High,Resolved,17.2
4002042,100915,2025-01-30,General Query,High,Resolved,22.1
4002043,100595,2025-11-02,General Query,Low,Resolved,6.6
4002044,104125,2025-09-06,Transaction Failure,Low,Resolved,12.6
4002045,101140,2025-09-01,General Query,High,Resolved,18.6
4002046,104036,2025-03-10,Fraud Concern,Medium,Resolved,17.4
4002047,101749,2025-01-28,Transaction Failure,High,Resolved,8.7
4002048,100336,2025-01-16,Fraud Concern,Medium,Resolved,10.8
4002049,104235,2025-10-13,Transaction Failure,Low,Resolved,14.8
4002050,101980,2025-10-22,Account Access,Critical,Open,12.2
4002051,103475,2025-11-23,Transaction Failure,Medium,In Progress,26.0
4002052,104066,2025-10-04,General Query,Medium,Open,5.1
4002053,103130,2025-02-18,Account Access,Low,Resolved,4.8
4002054,103196,2025-11-20,Payment Dispute,Medium,Resolved,12.9
4002055,104820,2025-03-15,Card Issue,Low,Resolved,29.3
4002056,102824,2025-04-21,Account Access,Medium,Resolved,12.3
4002057,101664,2025-01-24,General Query,High,Resolved,10.2
4002058,102916,2025-11-12,Fraud Concern,Medium,In Progress,8.5
4002059,100505,2025-03-16,Fraud Concern,Low,Resolved,16.2
4002060,101124,2025-05-18,Payment Dispute,Low,Resolved,63.5
4002061,100612,2025-12-27,Payment Dispute,Medium,Resolved,7.5
4002062,104303,2025-12-23,Fraud Concern,High,Resolved,24.6
4002063,103778,2025-08-16,Transaction Failure,Medium,Resolved,18.8
4002064,104178,2025-05-30,Account Access,Medium,Open,13.5
4002065,102897,2025-07-30,Account Access,Critical,Open,4.5
4002066,104448,2025-05-14,General Query,Medium,Resolved,17.9
4002067,104192,2025-09-06,Transaction Failure,High,Resolved,11.2
4002068,103519,2025-06-20,General Query,Medium,Resolved,5.2
4002069,104463,2025-07-10,ATM Issue,High,Resolved,7.9
4002070,101027,2025-07-26,General Query,High,Resolved,16.8
4002071,104366,2025-01-11,Payment Dispute,Low,Resolved,18.5
4002072,101809,2025-01-03,General Query,Low,Resolved,4.3
4002073,102626,2025-03-29,Fraud Concern,Low,In Progress,31.4
4002074,100564,2025-08-01,General Query,Critical,Open,6.7
4002075,103249,2025-05-25,ATM Issue,Medium,Resolved,34.2
4002076,104552,2025-01-30,Card Issue,Medium,Resolved,57.7
4002077,104521,2025-11-01,Transaction Failure,Low,Resolved,12.0
4002078,104400,2025-02-07,ATM Issue,Low,Resolved,35.5
4002079,101400,2025-08-07,Transaction Failure,Low,Resolved,16.6
4002080,102572,2025-05-22,Account Access,Low,Resolved,2.4
4002081,102565,2025-07-29,Card Issue,Low,Resolved,25.2
4002082,100671,2025-10-15,ATM Issue,Medium,Resolved,13.7
4002083,103852,2025-03-01,Card Issue,High,Resolved,7.2
4002084,104051,2025-06-10,Card Issue,High,Resolved,8.9
4002085,100501,2025-11-26,Account Access,Medium,Resolved,21.0
4002086,100345,2025-03-14,Payment Dispute,High,Resolved,4.1
4002087,102100,2025-11-17,Card Issue,Low,Resolved,1.5
4002088,100348,2025-06-17,General Query,High,Resolved,24.6
4002089,103208,2025-05-22,Account Access,Low,Resolved,3.4
4002090,101592,2025-11-21,ATM Issue,Medium,In Progress,41.2
4002091,100380,2025-07-15,Payment Dispute,Medium,Resolved,44.8
4002092,102325,2025-01-09,General Query,Medium,Resolved,16.1
4002093,102197,2025-08-19,Fraud Concern,High,Resolved,7.1
4002094,104191,2025-06-29,Card Issue,Low,Resolved,50.5
4002095,102616,2025-05-29,Payment Dispute,Low,In Progress,32.7
4002096,101566,2025-07-12,Card Issue,Low,Resolved,59.2
4002097,101548,2025-01-11,Transaction Failure,Medium,Resolved,4.8
4002098,104827,2025-11-28,Fraud Concern,Low,Resolved,28.3
4002099,100297,2025-02-10,Account Access,High,Resolved,7.7
4002100,104678,2025-11-21,Card Issue,Medium,Resolved,7.5
4002101,102819,2025-12-07,Fraud Concern,Low,Resolved,6.3
4002102,102215,2025-09-10,Fraud Concern,Low,Resolved,7.2
4002103,104495,2025-01-22,Fraud Concern,Medium,Open,15.5
4002104,101780,2025-12-09,Transaction Failure,Medium,Resolved,9.9
4002105,104289,2025-04-10,General Query,Critical,Open,3.7
4002106,100003,2025-08-24,ATM Issue,Medium,Open,13.5
4002107,100323,2025-01-31,Account Access,Medium,Resolved,8.1
4002108,102671,2025-02-04,Payment Dispute,Medium,Resolved,24.5
4002109,101250,2025-09-21,Account Access,Low,Open,12.9
4002110,100032,2025-11-26,General Query,Medium,Resolved,25.9
4002111,102990,2025-03-08,Transaction Failure,Low,Resolved,65.1
4002112,103358,2025-06-05,General Query,Low,Resolved,18.9
4002113,104750,2025-01-22,ATM Issue,Low,Open,24.9
4002114,100693,2025-11-26,Transaction Failure,Medium,Resolved,10.3
4002115,104372,2025-09-26,Account Access,Medium,Resolved,22.6
4002116,104696,2025-11-24,General Query,Low,Resolved,12.2
4002117,101473,2025-03-08,Account Access,Low,Resolved,7.0
4002118,103111,2025-10-14,General Query,Low,Resolved,17.5
4002119,100258,2025-04-28,Account Access,Low,Resolved,16.6
4002120,103405,2025-09-18,General Query,Medium,Open,9.5
4002121,104774,2025-11-23,Transaction Failure,Medium,Resolved,22.9
4002122,102743,2025-01-19,General Query,High,In Progress,18.7
4002123,101423,2025-02-15,Transaction Failure,High,Resolved,46.7
4002124,103272,2025-01-17,Transaction Failure,Low,Open,22.6
4002125,101897,2025-12-17,General Query,Low,Resolved,23.2
4002126,103736,2025-11-26,Transaction Failure,Low,In Progress,6.9
4002127,102532,2025-09-09,Transaction Failure,Low,Resolved,37.6
4002128,104971,2025-01-25,Card Issue,High,Resolved,35.6
4002129,103957,2025-05-14,Account Access,High,Resolved,13.2
4002130,102742,2025-12-10,General Query,Medium,Resolved,20.8
4002131,102690,2025-05-03,Card Issue,Low,Resolved,28.1
4002132,102611,2025-02-22,General Query,Low,Resolved,13.6
4002133,102322,2025-05-26,General Query,Low,Resolved,7.1
4002134,104948,2025-10-31,Transaction Failure,Medium,In Progress,25.0
4002135,100400,2025-08-11,Account Access,Low,Open,39.1
4002136,102396,2025-01-27,General Query,Medium,Resolved,0.5
4002137,104637,2025-11-15,Payment Dispute,Low,Resolved,19.6
4002138,104245,2025-11-25,ATM Issue,Low,Resolved,16.2
4002139,102763,2025-09-29,Card Issue,Low,Resolved,7.5
4002140,103914,2025-10-01,General Query,Medium,Resolved,3.6
4002141,100267,2025-03-31,Fraud Concern,Medium,Resolved,3.8
4002142,102841,2025-07-06,Transaction Failure,Low,Resolved,14.6
4002143,102175,2025-05-02,Transaction Failure,Medium,Resolved,54.6
4002144,100662,2025-02-26,Account Access,High,Resolved,22.6
4002145,101705,2025-10-11,ATM Issue,Low,Resolved,7.4
4002146,103561,2025-06-03,Account Access,High,Resolved,34.5
4002147,101220,2025-05-31,Card Issue,Low,Resolved,11.1
4002148,103773,2025-03-21,General Query,Medium,Resolved,10.1
4002149,104731,2025-09-09,Card Issue,High,Resolved,13.2
4002150,102264,2025-10-21,Card Issue,High,Resolved,21.1
4002151,101257,2025-01-04,Payment Dispute,Low,Resolved,31.2
4002152,104889,2025-10-24,Payment Dispute,High,Resolved,12.5
4002153,104435,2025-05-22,Card Issue,Low,Resolved,20.3
4002154,103429,2025-12-08,ATM Issue,High,Resolved,14.5
4002155,101098,2025-05-16,Account Access,Low,In Progress,6.3
4002156,101471,2025-06-24,Transaction Failure,Medium,Resolved,17.6
4002157,103126,2025-07-19,Transaction Failure,Medium,Resolved,25.0
4002158,100749,2025-10-31,Transaction Failure,High,Resolved,14.1
4002159,101531,2025-01-25,Account Access,Low,Resolved,8.1
4002160,103821,2025-11-22,Card Issue,Medium,Resolved,13.6
4002161,101681,2025-09-15,General Query,Low,In Progress,39.7
4002162,100252,2025-12-31,ATM Issue,Low,Resolved,4.3
4002163,103466,2025-06-13,ATM Issue,Critical,Resolved,8.8
4002164,104853,2025-11-09,Payment Dispute,Low,Resolved,3.6
4002165,102436,2025-03-08,ATM Issue,Low,Resolved,8.2
4002166,102750,2025-12-21,Transaction Failure,Medium,Resolved,6.5
4002167,100888,2025-03-18,Fraud Concern,Medium,Resolved,14.7
4002168,102356,2025-12-28,Fraud Concern,Medium,Resolved,12.6
4002169,100970,2025-10-05,Account Access,High,Resolved,6.8
4002170,103075,2025-01-03,General Query,Medium,Resolved,30.1
4002171,103469,2025-10-03,Transaction Failure,Low,Resolved,22.6
4002172,100430,2025-10-26,Payment Dispute,Low,Resolved,24.1
4002173,100332,2025-03-13,Fraud Concern,Medium,Resolved,26.1
4002174,104227,2025-07-28,General Query,Critical,Resolved,15.2
4002175,103801,2025-10-20,General Query,Low,Resolved,23.7
4002176,101401,2025-09-15,Fraud Concern,Medium,Resolved,31.7
4002177,103219,2025-11-24,Transaction Failure,High,Resolved,31.5
4002178,102286,2025-12-31,General Query,Low,Open,16.1
4002179,100461,2025-04-17,ATM Issue,Medium,Resolved,19.3
4002180,104213,2025-10-23,Account Access,Medium,Resolved,42.1
4002181,103391,2025-03-01,Transaction Failure,High,Resolved,38.0
4002182,104416,2025-03-18,General Query,Medium,Resolved,14.7
4002183,103259,2025-05-13,Card Issue,Medium,Resolved,24.4
4002184,101834,2025-11-16,General Query,Medium,Resolved,3.5
4002185,102592,2025-10-06,Fraud Concern,Low,Resolved,7.1
4002186,103687,2025-07-23,Account Access,Medium,Resolved,4.0
4002187,103433,2025-04-30,Account Access,Low,Resolved,29.2
4002188,100694,2025-08-26,ATM Issue,Critical,Resolved,10.2
4002189,102028,2025-06-30,Fraud Concern,Low,Resolved,8.5
4002190,102581,2025-11-12,Card Issue,Medium,Resolved,9.8
4002191,104549,2025-03-14,Card Issue,Low,Resolved,23.4
4002192,104805,2025-10-11,ATM Issue,Medium,Open,17.0
4002193,103267,2025-01-14,Account Access,Low,Resolved,10.7
4002194,102339,2025-07-19,Account Access,Medium,Resolved,10.1
4002195,100350,2025-11-25,Transaction Failure,Medium,Resolved,26.5
4002196,102311,2025-08-04,Account Access,Medium,Resolved,14.9
4002197,101074,2025-12-22,ATM Issue,Medium,Resolved,5.1
4002198,100741,2025-11-03,Transaction Failure,Medium,Open,7.1
4002199,101263,2025-11-29,Card Issue,Medium,Resolved,10.0
4002200,100801,2025-06-14,Transaction Failure,Critical,Resolved,2.5
4002201,104185,2025-02-12,Fraud Concern,Low,Resolved,20.2
4002202,104874,2025-09-07,Payment Dispute,Medium,Resolved,34.7
4002203,103280,2025-07-08,Transaction Failure,Medium,Resolved,19.3
4002204,100518,2025-05-03,Card Issue,Critical,Resolved,4.7
4002205,104114,2025-02-09,General Query,Low,Resolved,4.7
4002206,104702,2025-07-26,Transaction Failure,Low,Resolved,27.9
4002207,101940,2025-09-24,Card Issue,Low,Resolved,22.1
4002208,101015,2025-04-10,Payment Dispute,Low,Resolved,6.4
4002209,101133,2025-08-04,Account Access,Low,Resolved,19.2
4002210,102316,2025-12-29,Fraud Concern,Low,Resolved,16.0
4002211,101481,2025-06-10,Account Access,Low,Open,29.6
4002212,103590,2025-07-15,Transaction Failure,High,Resolved,24.2
4002213,102482,2025-01-13,Fraud Concern,Medium,Resolved,5.4
4002214,102176,2025-08-19,Transaction Failure,Medium,Resolved,8.1
4002215,103591,2025-05-17,General Query,Low,Resolved,2.2
4002216,100299,2025-03-22,General Query,Low,Resolved,34.3
4002217,103671,2025-10-13,ATM Issue,Medium,Resolved,2.4
4002218,101651,2025-12-29,General Query,Low,Resolved,13.7
4002219,104241,2025-05-17,ATM Issue,Low,Resolved,15.8
4002220,103750,2025-04-19,Transaction Failure,Medium,Resolved,8.3
4002221,100260,2025-08-09,Card Issue,High,Resolved,23.1
4002222,100762,2025-06-04,Fraud Concern,Low,Open,22.6
4002223,102152,2025-12-30,ATM Issue,Medium,Resolved,4.7
4002224,103900,2025-12-04,Account Access,Low,Resolved,52.6
4002225,102813,2025-05-30,Transaction Failure,Medium,Resolved,23.1
4002226,100967,2025-12-22,Transaction Failure,High,Resolved,2.7
4002227,103655,2025-09-05,Card Issue,Low,Resolved,19.3
4002228,104385,2025-03-25,Card Issue,Low,Resolved,16.7
4002229,104142,2025-12-25,Fraud Concern,High,Resolved,28.8
4002230,104207,2025-08-16,Card Issue,Medium,Resolved,6.3
4002231,102022,2025-07-23,Fraud Concern,High,Resolved,19.3
4002232,104470,2025-11-07,Fraud Concern,Low,Resolved,35.6
4002233,104105,2025-04-08,General Query,Medium,Open,6.5
4002234,100721,2025-12-02,Account Access,Medium,Resolved,14.9
4002235,102253,2025-05-11,Transaction Failure,Medium,Resolved,3.8
4002236,100011,2025-02-13,ATM Issue,Low,Resolved,54.1
4002237,100748,2025-12-12,Card Issue,Medium,Resolved,3.0
4002238,103990,2025-06-07,Payment Dispute,Low,Resolved,16.6
4002239,104563,2025-04-21,General Query,Critical,Resolved,22.4
4002240,103240,2025-03-06,Transaction Failure,Low,Resolved,3.8
4002241,101521,2025-12-16,Transaction Failure,Low,Resolved,66.3
4002242,100053,2025-09-30,Payment Dispute,Critical,Resolved,37.2
4002243,104256,2025-06-28,General Query,Low,Resolved,25.4
4002244,101036,2025-01-21,Card Issue,High,Open,21.8
4002245,101791,2025-07-23,ATM Issue,Medium,Resolved,11.0
4002246,103974,2025-08-27,Payment Dispute,Low,In Progress,21.7
4002247,103836,2025-05-15,Transaction Failure,High,Resolved,3.9
4002248,103490,2025-04-02,Transaction Failure,Medium,Resolved,4.4
4002249,102472,2025-05-19,Transaction Failure,Medium,Resolved,6.8
4002250,101471,2025-09-08,Card Issue,Low,Resolved,6.4
4002251,100291,2025-08-13,Account Access,Low,Resolved,11.8
4002252,100094,2025-08-30,Account Access,Medium,Open,5.8
4002253,103913,2025-08-20,Payment Dispute,Medium,Resolved,39.4
4002254,101245,2025-05-02,Card Issue,Medium,Resolved,42.6
4002255,104652,2025-11-07,ATM Issue,Medium,Resolved,50.9
4002256,102650,2025-08-06,Payment Dispute,Low,Resolved,31.7
4002257,103488,2025-02-28,General Query,Low,Resolved,2.7
4002258,104542,2025-11-02,General Query,High,Resolved,11.2
4002259,104643,2025-12-24,ATM Issue,Low,In Progress,27.6
4002260,100988,2025-03-02,Account Access,Medium,Open,20.2
4002261,102715,2025-05-26,Account Access,Critical,Resolved,12.9
4002262,103107,2025-03-22,Transaction Failure,Low,Resolved,24.1
4002263,102045,2025-01-02,Account Access,High,Resolved,16.8
4002264,104608,2025-06-01,General Query,Medium,Resolved,45.5
4002265,104606,2025-12-18,Payment Dispute,Low,Resolved,14.8
4002266,100462,2025-05-17,General Query,Critical,Resolved,9.2
4002267,103387,2025-09-15,Payment Dispute,Low,Resolved,3.9
4002268,101143,2025-11-28,Card Issue,High,Resolved,2.2
4002269,101937,2025-11-06,Card Issue,Low,In Progress,40.8
4002270,100444,2025-07-03,General Query,Medium,In Progress,26.4
4002271,103648,2025-03-29,Fraud Concern,Low,In Progress,49.0
4002272,104814,2025-03-27,General Query,Low,Resolved,10.5
4002273,104158,2025-05-18,Card Issue,Medium,Resolved,12.7
4002274,104063,2025-07-29,General Query,Medium,Resolved,11.8
4002275,103937,2025-01-28,Card Issue,Low,Resolved,13.8
4002276,101856,2025-03-09,Payment Dispute,Low,Resolved,5.3
4002277,104969,2025-11-07,General Query,High,Resolved,10.1
4002278,102752,2025-07-11,Transaction Failure,Low,Resolved,13.9
4002279,104577,2025-11-17,ATM Issue,Low,Resolved,17.1
4002280,100882,2025-04-08,Transaction Failure,Medium,Resolved,25.8
4002281,101498,2025-11-18,General Query,Medium,Resolved,6.4
4002282,101947,2025-02-12,General Query,Low,Resolved,4.4
4002283,101925,2025-05-27,Card Issue,Low,Resolved,2.4
4002284,101925,2025-08-29,Transaction Failure,Medium,Resolved,15.6
4002285,103503,2025-01-29,Card Issue,Medium,Resolved,26.1
4002286,102738,2025-07-05,Transaction Failure,Low,Resolved,6.7
4002287,103675,2025-05-05,Transaction Failure,Low,Resolved,8.8
4002288,100641,2025-01-20,Account Access,Medium,Resolved,27.1
4002289,101388,2025-03-24,Transaction Failure,Low,Resolved,19.1
4002290,100204,2025-09-22,Card Issue,Medium,Resolved,9.3
4002291,103887,2025-02-05,Fraud Concern,Medium,Resolved,33.4
4002292,101427,2025-11-10,ATM Issue,Low,In Progress,24.6
4002293,103220,2025-03-22,Fraud Concern,Low,In Progress,9.7
4002294,100706,2025-01-28,Fraud Concern,Low,Resolved,14.6
4002295,102428,2025-04-13,Card Issue,Low,Resolved,19.5
4002296,101417,2025-02-06,Account Access,Low,Resolved,8.4
4002297,103113,2025-01-04,Account Access,Low,Resolved,20.4
4002298,102898,2025-03-03,Card Issue,Low,Resolved,26.7
4002299,102091,2025-10-12,Card Issue,Low,Resolved,15.5
4002300,102471,2025-03-06,Transaction Failure,Low,Resolved,13.0
4002301,104478,2025-04-14,Account Access,Medium,Resolved,27.3
4002302,103024,2025-12-18,Transaction Failure,Medium,Resolved,10.4
4002303,101977,2025-08-14,Account Access,Low,Resolved,37.7
4002304,103480,2025-04-21,Card Issue,High,Resolved,36.9
4002305,104250,2025-02-11,ATM Issue,High,Resolved,13.4
4002306,102250,2025-08-24,Fraud Concern,Medium,Resolved,9.4
4002307,103320,2025-06-07,Card Issue,High,Resolved,6.4
4002308,100824,2025-09-05,General Query,Low,Resolved,22.3
4002309,104878,2025-09-29,Payment Dispute,Medium,In Progress,5.2
4002310,103778,2025-12-19,Transaction Failure,Medium,Resolved,16.3
4002311,103832,2025-08-09,ATM Issue,Low,Resolved,12.5
4002312,103135,2025-03-17,Account Access,Low,Resolved,13.5
4002313,103170,2025-03-20,General Query,Low,Resolved,8.8
4002314,102717,2025-06-23,Fraud Concern,Low,Resolved,7.5
4002315,101315,2025-01-16,Account Access,High,Resolved,3.4
4002316,100259,2025-05-19,Payment Dispute,Medium,Resolved,58.8
4002317,103522,2025-03-03,General Query,Medium,Resolved,1.5
4002318,103551,2025-06-10,Payment Dispute,Medium,Open,7.4
4002319,101790,2025-10-02,Account Access,High,Resolved,25.9
4002320,104800,2025-01-07,General Query,Low,Resolved,2.4
4002321,104901,2025-05-17,ATM Issue,Medium,Resolved,14.7
4002322,100214,2025-11-10,Card Issue,Low,Resolved,32.9
4002323,102306,2025-09-20,Account Access,High,Resolved,27.4
4002324,103193,2025-12-13,ATM Issue,High,Resolved,11.2
4002325,101304,2025-02-13,ATM Issue,Low,Resolved,19.8
4002326,101261,2025-05-17,General Query,Low,Open,12.0
4002327,100966,2025-03-04,Account Access,High,Open,15.7
4002328,104227,2025-11-20,ATM Issue,High,Resolved,13.4
4002329,101162,2025-06-02,Transaction Failure,Low,Resolved,15.3
4002330,100317,2025-09-12,Fraud Concern,Low,Resolved,17.4
4002331,102686,2025-11-30,General Query,Medium,Resolved,1.9
4002332,102117,2025-08-14,Payment Dispute,Medium,Resolved,7.0
4002333,103736,2025-02-22,Account Access,Medium,Resolved,19.9
4002334,104450,2025-09-13,Transaction Failure,Low,Resolved,35.2
4002335,103904,2025-07-28,General Query,Low,Resolved,18.6
4002336,103321,2025-10-17,General Query,Low,Open,17.2
4002337,102231,2025-04-12,Payment Dispute,High,Resolved,56.2
4002338,103152,2025-12-06,Account Access,High,Resolved,28.2
4002339,102062,2025-06-05,Transaction Failure,Critical,Resolved,11.8
4002340,103896,2025-03-21,ATM Issue,Low,Resolved,19.9
4002341,102024,2025-02-07,Card Issue,Medium,Resolved,27.8
4002342,103401,2025-11-18,Card Issue,Low,Resolved,22.1
4002343,102202,2025-01-01,Fraud Concern,High,Resolved,10.5
4002344,101038,2025-11-18,Payment Dispute,Low,Resolved,20.6
4002345,103646,2025-08-27,Fraud Concern,Low,Resolved,6.0
4002346,100749,2025-11-23,Payment Dispute,High,Resolved,16.2
4002347,103776,2025-08-23,General Query,Low,Open,32.7
4002348,102667,2025-09-10,Card Issue,Medium,In Progress,54.7
4002349,102444,2025-10-16,Card Issue,High,Resolved,10.3
4002350,103267,2025-02-16,Card Issue,High,Open,19.0
4002351,102421,2025-09-10,Transaction Failure,Medium,Resolved,11.9
4002352,101577,2025-07-10,Transaction Failure,Low,Resolved,2.4
4002353,102239,2025-11-11,Fraud Concern,High,Resolved,13.8
4002354,104966,2025-10-28,Fraud Concern,High,Open,12.9
4002355,103261,2025-02-16,Transaction Failure,Medium,Resolved,9.2
4002356,104034,2025-02-08,ATM Issue,Medium,In Progress,10.6
4002357,104979,2025-08-30,ATM Issue,Low,Resolved,6.1
4002358,102703,2025-01-06,Fraud Concern,High,Open,19.8
4002359,100397,2025-10-27,Account Access,Low,Open,13.8
4002360,102834,2025-05-03,Card Issue,Low,Resolved,3.6
4002361,101580,2025-07-30,Card Issue,Medium,Resolved,26.8
4002362,101245,2025-06-19,Card Issue,High,Resolved,3.6
4002363,104132,2025-09-19,Card Issue,Low,Resolved,29.7
4002364,102596,2025-03-27,ATM Issue,Low,Resolved,2.3
4002365,103761,2025-11-13,General Query,Low,Resolved,15.2
4002366,104579,2025-10-18,ATM Issue,High,Resolved,16.5
4002367,103195,2025-08-27,Payment Dispute,Low,Resolved,8.8
4002368,101582,2025-04-20,General Query,Low,Resolved,33.8
4002369,102313,2025-02-22,General Query,High,Resolved,8.5
4002370,104241,2025-05-05,ATM Issue,Low,Resolved,23.4
4002371,102841,2025-05-07,ATM Issue,Medium,Resolved,19.0
4002372,100118,2025-02-13,Transaction Failure,Low,Resolved,19.1
4002373,100861,2025-05-24,Transaction Failure,Medium,Resolved,7.4
4002374,103848,2025-01-25,Card Issue,Medium,In Progress,17.4
4002375,101010,2025-06-11,General Query,Low,Open,23.5
4002376,104322,2025-06-22,Payment Dispute,Medium,Resolved,36.5
4002377,104547,2025-08-28,Payment Dispute,High,Resolved,11.1
4002378,101429,2025-04-30,Account Access,Medium,Resolved,4.8
4002379,103030,2025-06-24,General Query,Medium,Resolved,41.7
4002380,102700,2025-05-25,General Query,Medium,Resolved,34.8
4002381,100362,2025-01-10,Transaction Failure,Medium,Resolved,4.2
4002382,101068,2025-05-04,Transaction Failure,Medium,Open,18.2
4002383,101477,2025-02-19,Card Issue,Low,In Progress,15.7
4002384,100321,2025-11-09,ATM Issue,Medium,Resolved,1.9
4002385,101820,2025-12-05,Account Access,Low,Resolved,13.7
4002386,102429,2025-02-11,General Query,Medium,Resolved,6.6
4002387,104940,2025-08-15,General Query,Medium,Resolved,15.5
4002388,101662,2025-12-02,Transaction Failure,Low,Resolved,27.0
4002389,102401,2025-09-19,Transaction Failure,Medium,Resolved,26.3
4002390,101082,2025-08-09,General Query,Low,Resolved,8.3
4002391,102311,2025-04-01,Fraud Concern,High,Resolved,9.8
4002392,102286,2025-08-31,Transaction Failure,Low,Resolved,19.2
4002393,101202,2025-02-04,General Query,Medium,Resolved,16.1
4002394,102580,2025-12-24,Fraud Concern,Low,Resolved,22.7
4002395,101185,2025-08-14,Card Issue,Medium,Resolved,25.2
4002396,104621,2025-03-10,Account Access,Low,Resolved,9.4
4002397,101840,2025-05-19,Transaction Failure,Low,Resolved,23.8
4002398,103484,2025-04-26,Account Access,Medium,Resolved,31.6
4002399,102475,2025-02-21,Card Issue,Medium,Resolved,22.5
4002400,103261,2025-09-27,Transaction Failure,High,Resolved,41.3
4002401,103510,2025-12-17,General Query,Low,Resolved,10.1
4002402,102793,2025-03-02,ATM Issue,Medium,Resolved,37.3
4002403,104585,2025-04-11,Transaction Failure,Medium,Resolved,1.2
4002404,101692,2025-06-24,Transaction Failure,Critical,Resolved,1.8
4002405,104891,2025-12-04,Transaction Failure,Medium,Resolved,11.4
4002406,102281,2025-02-03,Transaction Failure,Low,Resolved,13.6
4002407,104165,2025-09-22,Transaction Failure,Low,Resolved,13.0
4002408,104656,2025-12-18,Card Issue,Low,Resolved,4.3
4002409,100737,2025-03-31,Payment Dispute,Medium,Resolved,9.2
4002410,100299,2025-12-25,Transaction Failure,Low,Resolved,32.4
4002411,100568,2025-06-12,Transaction Failure,Medium,Resolved,13.0
4002412,103102,2025-06-28,Fraud Concern,Low,Resolved,2.9
4002413,100423,2025-02-20,General Query,Low,Resolved,13.1
4002414,103663,2025-08-04,Transaction Failure,Low,Resolved,3.7
4002415,101111,2025-10-11,Transaction Failure,Medium,Resolved,17.1
4002416,103558,2025-05-19,Card Issue,Low,Open,8.7
4002417,104324,2025-04-26,ATM Issue,Low,Resolved,29.1
4002418,102072,2025-11-19,General Query,High,Resolved,9.9
4002419,103629,2025-12-27,Account Access,Low,Resolved,51.4
4002420,103856,2025-09-10,Transaction Failure,Medium,Resolved,25.2
4002421,104694,2025-05-08,Account Access,High,Resolved,12.6
4002422,104282,2025-08-09,Payment Dispute,Low,Resolved,40.5
4002423,104430,2025-10-26,General Query,Low,Resolved,44.6
4002424,103010,2025-12-16,Card Issue,Low,Resolved,25.2
4002425,103430,2025-05-28,General Query,Low,Resolved,12.3
4002426,100163,2025-03-26,Card Issue,Low,Open,25.1
4002427,100733,2025-12-10,Transaction Failure,Medium,Open,8.3
4002428,104678,2025-11-30,Fraud Concern,Medium,Resolved,5.9
4002429,101291,2025-09-17,Account Access,Low,Resolved,10.3
4002430,104280,2025-09-08,Transaction Failure,Medium,Resolved,5.8
4002431,103036,2025-02-05,Transaction Failure,High,Resolved,9.9
4002432,104643,2025-07-28,Transaction Failure,Low,Resolved,27.8
4002433,100842,2025-04-06,Payment Dispute,Low,Resolved,8.6
4002434,102026,2025-01-02,Payment Dispute,Medium,Resolved,19.4
4002435,101719,2025-04-25,Card Issue,Low,Resolved,11.7
4002436,104667,2025-05-29,Transaction Failure,High,Resolved,8.9
4002437,103518,2025-12-09,Payment Dispute,High,Resolved,15.5
4002438,103275,2025-08-11,Transaction Failure,Medium,Resolved,25.2
4002439,104869,2025-09-12,Account Access,Medium,Resolved,16.1
4002440,101831,2025-04-03,Transaction Failure,High,Resolved,11.8
4002441,103339,2025-01-19,Transaction Failure,High,In Progress,7.2
4002442,100413,2025-02-01,Fraud Concern,Medium,Open,0.6
4002443,100354,2025-03-11,Payment Dispute,Critical,In Progress,24.5
4002444,100357,2025-06-07,Card Issue,Low,Open,6.9
4002445,103447,2025-06-15,Card Issue,Medium,Resolved,22.4
4002446,103768,2025-05-17,ATM Issue,Medium,Resolved,34.3
4002447,101697,2025-11-05,ATM Issue,Low,In Progress,3.5
4002448,103412,2025-07-11,Payment Dispute,Critical,Open,36.1
4002449,100655,2025-08-22,Payment Dispute,Low,Resolved,9.1
4002450,102921,2025-05-29,Fraud Concern,High,Resolved,28.3
4002451,100469,2025-07-27,Card Issue,Medium,Resolved,19.5
4002452,101531,2025-07-14,General Query,Medium,Resolved,55.3
4002453,100121,2025-11-29,ATM Issue,Medium,Resolved,6.4
4002454,100529,2025-07-16,Fraud Concern,High,Resolved,5.7
4002455,103867,2025-09-17,Payment Dispute,Medium,In Progress,27.8
4002456,100921,2025-11-21,Account Access,Medium,Resolved,39.9
4002457,103869,2025-01-29,General Query,Medium,Resolved,38.0
4002458,103481,2025-07-24,General Query,Low,Resolved,17.6
4002459,101785,2025-01-31,Account Access,Low,Resolved,3.9
4002460,101170,2025-10-06,Transaction Failure,Low,Resolved,3.1
4002461,100310,2025-10-25,General Query,Medium,In Progress,11.5
4002462,101458,2025-10-06,Card Issue,Medium,Resolved,10.0
4002463,102599,2025-09-26,General Query,Low,Resolved,9.4
4002464,100469,2025-06-20,ATM Issue,High,Resolved,7.3
4002465,101667,2025-03-22,General Query,Medium,Resolved,4.3
4002466,102334,2025-06-20,Payment Dispute,Low,Resolved,6.0
4002467,100677,2025-07-13,Account Access,Low,Resolved,33.5
4002468,100117,2025-06-08,Fraud Concern,Medium,In Progress,1.2
4002469,100431,2025-07-07,General Query,Low,Resolved,6.0
4002470,104036,2025-07-23,Payment Dispute,Medium,Resolved,9.3
4002471,100033,2025-07-15,Card Issue,Medium,Resolved,8.0
4002472,104745,2025-01-19,General Query,Low,Resolved,21.6
4002473,100793,2025-02-10,ATM Issue,High,Resolved,67.8
4002474,101508,2025-06-07,General Query,Low,Resolved,4.1
4002475,102655,2025-05-22,General Query,Medium,Resolved,23.6
4002476,104320,2025-01-29,ATM Issue,Low,Resolved,14.4
4002477,100909,2025-02-09,Card Issue,Low,Resolved,5.4
4002478,103528,2025-10-26,Payment Dispute,Low,Resolved,10.1
4002479,104992,2025-02-14,Card Issue,Low,Resolved,9.1
4002480,102792,2025-06-16,Transaction Failure,High,Resolved,17.2
4002481,100336,2025-07-02,Transaction Failure,Medium,Resolved,2.5
4002482,103299,2025-07-01,General Query,Low,Open,26.9
4002483,103641,2025-12-03,Account Access,Low,Resolved,19.4
4002484,104813,2025-11-03,Card Issue,Medium,Resolved,14.7
4002485,100294,2025-08-26,Payment Dispute,High,Open,25.1
4002486,102178,2025-10-07,ATM Issue,High,In Progress,8.5
4002487,100034,2025-12-21,Transaction Failure,Low,Resolved,46.6
4002488,102484,2025-03-01,Transaction Failure,Low,Resolved,27.3
4002489,100372,2025-09-18,ATM Issue,High,Resolved,19.7
4002490,104296,2025-03-06,Account Access,High,Resolved,15.3
4002491,103033,2025-06-29,Card Issue,Critical,Resolved,27.2
4002492,103712,2025-05-18,ATM Issue,Low,Resolved,16.7
4002493,103771,2025-01-22,ATM Issue,Low,Resolved,12.2
4002494,100931,2025-08-23,Account Access,High,Resolved,8.7
4002495,101019,2025-02-15,General Query,High,Resolved,6.3
4002496,104695,2025-03-17,General Query,Low,Resolved,12.7
4002497,104005,2025-04-15,Transaction Failure,High,Resolved,24.0
4002498,100718,2025-12-07,General Query,Critical,Resolved,32.6
4002499,103042,2025-12-15,General Query,High,Resolved,38.5
4002500,104335,2025-10-29,Transaction Failure,Low,Resolved,28.0
4002501,100728,2025-06-11,Card Issue,Low,Resolved,29.0
4002502,103227,2025-04-13,Transaction Failure,Medium,Resolved,5.7
4002503,104397,2025-11-18,Card Issue,Medium,Resolved,14.6
4002504,101032,2025-04-15,Card Issue,Medium,In Progress,11.8
4002505,100849,2025-07-04,Transaction Failure,High,Resolved,7.0
4002506,104030,2025-03-18,Transaction Failure,Medium,Resolved,13.5
4002507,102410,2025-10-22,ATM Issue,High,Resolved,13.3
4002508,103211,2025-11-20,ATM Issue,Low,In Progress,9.2
4002509,104501,2025-08-24,ATM Issue,Low,Resolved,35.7
4002510,102479,2025-11-03,Account Access,Medium,Resolved,13.2
4002511,102749,2025-05-25,Payment Dispute,Low,Resolved,17.4
4002512,101439,2025-06-06,Payment Dispute,Low,Resolved,32.0
4002513,102478,2025-08-12,Card Issue,Medium,Resolved,17.4
4002514,101417,2025-12-02,General Query,Low,Resolved,18.9
4002515,100307,2025-05-17,ATM Issue,Medium,Open,31.6
4002516,103961,2025-11-25,Payment Dispute,Medium,Resolved,3.8
4002517,104464,2025-10-15,Transaction Failure,High,Resolved,13.7
4002518,103292,2025-01-12,ATM Issue,Low,Resolved,31.9
4002519,104667,2025-12-21,General Query,High,Resolved,30.1
4002520,102849,2025-01-24,Fraud Concern,Low,Resolved,16.7
4002521,102732,2025-02-25,General Query,Medium,Resolved,7.2
4002522,100410,2025-11-01,Transaction Failure,Critical,Resolved,49.0
4002523,100655,2025-12-23,Account Access,Low,Resolved,15.7
4002524,100944,2025-12-11,Payment Dispute,Medium,Resolved,16.9
4002525,101323,2025-03-05,Transaction Failure,High,Open,12.6
4002526,103563,2025-03-07,Account Access,Medium,Open,18.0
4002527,100816,2025-01-24,Account Access,Medium,Resolved,23.3
4002528,102486,2025-11-19,Card Issue,Low,Resolved,27.9
4002529,103499,2025-02-06,Payment Dispute,Low,Resolved,16.3
4002530,104935,2025-02-23,Account Access,Medium,Resolved,35.2
4002531,104869,2025-07-08,Transaction Failure,Low,Resolved,17.2
4002532,104172,2025-04-15,Fraud Concern,Medium,Resolved,18.6
4002533,101523,2025-10-11,Account Access,High,Resolved,14.5
4002534,102444,2025-09-26,Fraud Concern,Medium,Resolved,23.5
4002535,102619,2025-07-26,ATM Issue,Medium,Resolved,38.1
4002536,101263,2025-05-17,Card Issue,Low,In Progress,10.0
4002537,102306,2025-03-30,Account Access,Medium,Resolved,10.2
4002538,104008,2025-07-27,Payment Dispute,Medium,Resolved,27.1
4002539,100637,2025-03-04,Payment Dispute,High,Resolved,6.4
4002540,102893,2025-05-08,Transaction Failure,Critical,Resolved,12.3
4002541,100270,2025-02-25,Transaction Failure,Medium,Open,12.8
4002542,102843,2025-03-04,General Query,High,Resolved,30.0
4002543,104381,2025-03-01,Card Issue,High,Resolved,3.1
4002544,102884,2025-05-05,Fraud Concern,High,Resolved,3.2
4002545,104841,2025-08-22,Transaction Failure,High,Resolved,4.6
4002546,100605,2025-04-08,Transaction Failure,Low,Resolved,11.9
4002547,102053,2025-02-08,Fraud Concern,High,Resolved,32.6
4002548,104433,2025-09-25,Account Access,Medium,In Progress,9.2
4002549,102687,2025-07-24,Account Access,Low,Resolved,3.6
4002550,104294,2025-12-30,ATM Issue,Low,Resolved,30.9
4002551,101905,2025-07-02,Account Access,Low,Resolved,1.8
4002552,100388,2025-06-03,Fraud Concern,High,Resolved,14.6
4002553,102053,2025-04-09,Card Issue,Medium,Resolved,36.1
4002554,100262,2025-08-05,Payment Dispute,Medium,Resolved,14.3
4002555,101338,2025-06-03,Payment Dispute,Low,Resolved,15.7
4002556,104421,2025-05-12,Card Issue,Medium,Resolved,12.2
4002557,103992,2025-02-09,Fraud Concern,Low,Resolved,21.1
4002558,101161,2025-08-07,General Query,Low,Open,18.5
4002559,103660,2025-04-04,Transaction Failure,Low,Resolved,45.5
4002560,100909,2025-06-20,Transaction Failure,Medium,Resolved,25.4
4002561,100674,2025-02-27,Transaction Failure,High,Resolved,2.7
4002562,103382,2025-05-02,Transaction Failure,Critical,Resolved,16.7
4002563,102471,2025-04-23,Card Issue,High,Resolved,21.8
4002564,104385,2025-04-04,Payment Dispute,Medium,Resolved,5.4
4002565,102213,2025-08-10,Payment Dispute,Medium,Open,29.9
4002566,104461,2025-08-28,Fraud Concern,Medium,Resolved,10.4
4002567,101095,2025-01-06,Card Issue,High,Resolved,20.3
4002568,103386,2025-11-10,Card Issue,Low,Resolved,29.1
4002569,100558,2025-07-02,Payment Dispute,Low,Open,14.6
4002570,100308,2025-06-09,Payment Dispute,Medium,Resolved,12.9
4002571,103846,2025-08-24,Payment Dispute,Low,Resolved,23.4
4002572,102383,2025-03-26,General Query,Medium,Resolved,10.4
4002573,100241,2025-09-18,Transaction Failure,High,Resolved,5.2
4002574,101593,2025-05-15,Account Access,Low,Resolved,2.1
4002575,101195,2025-02-08,Card Issue,Medium,Resolved,4.3
4002576,102840,2025-09-19,Account Access,Low,Resolved,10.5
4002577,101855,2025-08-15,Fraud Concern,Low,Resolved,12.3
4002578,103287,2025-04-18,Card Issue,Low,Resolved,9.7
4002579,101755,2025-07-29,General Query,Low,In Progress,38.5
4002580,100354,2025-09-02,General Query,Low,Resolved,18.8
4002581,103987,2025-05-05,Payment Dispute,Medium,Resolved,19.7
4002582,100544,2025-09-04,Payment Dispute,Medium,Resolved,13.3
4002583,103700,2025-08-03,General Query,Low,Resolved,6.0
4002584,104394,2025-03-06,Transaction Failure,Low,Resolved,24.4
4002585,104297,2025-06-09,Account Access,Low,Resolved,12.0
4002586,104831,2025-06-28,Card Issue,High,Resolved,42.3
4002587,100637,2025-10-09,General Query,Medium,In Progress,1.7
4002588,104072,2025-07-02,General Query,Critical,Open,19.7
4002589,104730,2025-09-23,Payment Dispute,Low,Resolved,24.5
4002590,102178,2025-07-11,Payment Dispute,Critical,Open,15.7
4002591,102018,2025-11-13,ATM Issue,High,Resolved,14.1
4002592,103139,2025-12-10,ATM Issue,Medium,Resolved,9.0
4002593,101943,2025-11-04,Transaction Failure,High,In Progress,4.1
4002594,101319,2025-02-19,Card Issue,Low,Open,27.3
4002595,102084,2025-04-26,Transaction Failure,Medium,Resolved,7.5
4002596,104831,2025-04-11,Account Access,Low,Resolved,2.7
4002597,103818,2025-11-09,Account Access,High,Resolved,3.4
4002598,102849,2025-04-12,Payment Dispute,Medium,Resolved,13.5
4002599,101772,2025-03-05,ATM Issue,Low,Resolved,35.1
4002600,102720,2025-05-19,General Query,Medium,Resolved,9.6
4002601,102950,2025-05-11,Card Issue,Medium,Resolved,4.8
4002602,100024,2025-12-29,General Query,High,Resolved,29.2
4002603,100501,2025-01-26,Transaction Failure,Medium,Resolved,5.4
4002604,103199,2025-11-17,Transaction Failure,Low,Resolved,12.0
4002605,103460,2025-12-31,Card Issue,Medium,Resolved,15.7
4002606,101112,2025-02-09,Account Access,Critical,Resolved,30.4
4002607,102972,2025-12-08,ATM Issue,Low,Resolved,25.9
4002608,100036,2025-05-01,ATM Issue,Critical,Resolved,26.8
4002609,101177,2025-09-14,Fraud Concern,High,Resolved,21.8
4002610,102117,2025-11-18,ATM Issue,Medium,In Progress,13.3
4002611,103048,2025-05-08,Account Access,Medium,Resolved,4.0
4002612,103415,2025-02-05,Fraud Concern,Low,Open,18.5
4002613,102558,2025-10-08,Payment Dispute,High,Resolved,14.0
4002614,102665,2025-05-28,Transaction Failure,High,Resolved,27.8
4002615,104855,2025-11-20,ATM Issue,Medium,Resolved,9.0
4002616,104963,2025-08-25,General Query,Medium,Resolved,15.8
4002617,103004,2025-06-28,Card Issue,Medium,Resolved,2.3
4002618,100078,2025-01-20,Payment Dispute,High,Resolved,20.5
4002619,100191,2025-05-12,Account Access,Medium,Resolved,60.0
4002620,103349,2025-07-04,Account Access,Medium,Resolved,10.3
4002621,104208,2025-11-24,General Query,High,In Progress,5.6
4002622,100429,2025-01-13,ATM Issue,Medium,Resolved,9.3
4002623,104242,2025-06-03,Card Issue,High,In Progress,6.9
4002624,102655,2025-08-01,Account Access,High,Resolved,26.7
4002625,104777,2025-07-19,ATM Issue,High,Resolved,8.1
4002626,101576,2025-12-20,Payment Dispute,Medium,In Progress,26.2
4002627,103796,2025-03-21,Fraud Concern,Medium,Resolved,23.3
4002628,100563,2025-04-19,Payment Dispute,High,Resolved,33.8
4002629,100616,2025-05-15,Card Issue,Medium,Resolved,40.0
4002630,104352,2025-02-21,Card Issue,Medium,Resolved,33.2
4002631,101692,2025-07-05,General Query,High,Resolved,17.0
4002632,102387,2025-03-18,Fraud Concern,Low,Open,12.8
4002633,102506,2025-08-16,Card Issue,Medium,Resolved,5.8
4002634,103747,2025-11-10,Card Issue,High,In Progress,5.1
4002635,101315,2025-12-28,Card Issue,High,Open,12.4
4002636,102981,2025-09-15,Transaction Failure,Medium,Open,16.3
4002637,102330,2025-07-28,Card Issue,Medium,Resolved,3.7
4002638,100371,2025-04-07,Payment Dispute,High,Resolved,8.3
4002639,103650,2025-05-13,Account Access,Medium,Resolved,41.2
4002640,104715,2025-07-24,Transaction Failure,Low,Open,24.1
4002641,100859,2025-08-19,Fraud Concern,Low,Resolved,5.0
4002642,100530,2025-03-09,Fraud Concern,Low,Resolved,22.8
4002643,102987,2025-05-23,ATM Issue,Medium,In Progress,8.3
4002644,104257,2025-06-03,General Query,Low,In Progress,26.8
4002645,100770,2025-11-08,Transaction Failure,Low,Resolved,16.7
4002646,100936,2025-11-06,Transaction Failure,Low,Resolved,6.7
4002647,104179,2025-10-11,Payment Dispute,Medium,In Progress,7.2
4002648,101131,2025-01-18,Transaction Failure,Low,Resolved,1.3
4002649,100710,2025-05-21,Fraud Concern,Low,In Progress,21.6
4002650,101989,2025-01-23,General Query,Medium,Resolved,19.2
4002651,103664,2025-06-05,Payment Dispute,Low,Resolved,16.3
4002652,102415,2025-06-30,Fraud Concern,Low,In Progress,33.8
4002653,100062,2025-06-15,Account Access,Medium,In Progress,12.9
4002654,100183,2025-10-16,General Query,Medium,Resolved,30.4
4002655,100219,2025-01-22,Transaction Failure,Medium,Open,15.6
4002656,101562,2025-09-17,General Query,Medium,Resolved,9.9
4002657,100630,2025-08-26,Account Access,Medium,Resolved,19.7
4002658,104612,2025-10-24,Fraud Concern,High,Resolved,27.8
4002659,104121,2025-11-21,Fraud Concern,Low,Resolved,14.8
4002660,102046,2025-09-19,General Query,Medium,Resolved,4.3
4002661,100132,2025-08-21,General Query,Medium,Resolved,32.6
4002662,102479,2025-09-29,Card Issue,Low,Resolved,4.9
4002663,103402,2025-12-28,General Query,Low,In Progress,9.7
4002664,102945,2025-05-11,Payment Dispute,Low,Resolved,21.4
4002665,104027,2025-02-10,Payment Dispute,High,Resolved,17.5
4002666,102567,2025-01-30,Transaction Failure,Low,Resolved,25.9
4002667,101983,2025-04-22,Card Issue,Low,Resolved,33.3
4002668,101394,2025-06-25,Transaction Failure,Low,Resolved,12.0
4002669,101611,2025-02-26,General Query,Medium,Resolved,5.7
4002670,103369,2025-10-18,Transaction Failure,Medium,Resolved,43.8
4002671,102983,2025-05-29,Account Access,Medium,Open,21.1
4002672,104707,2025-03-27,Payment Dispute,Low,Resolved,20.8
4002673,100066,2025-08-14,Transaction Failure,Medium,Resolved,40.8
4002674,103667,2025-04-10,Transaction Failure,Low,Resolved,17.4
4002675,101194,2025-07-27,ATM Issue,Critical,Open,18.1
4002676,103629,2025-12-18,Card Issue,Low,In Progress,23.2
4002677,102374,2025-08-29,General Query,Low,Resolved,15.8
4002678,104358,2025-07-03,ATM Issue,High,Open,15.7
4002679,104967,2025-07-04,Transaction Failure,Medium,Resolved,6.8
4002680,104895,2025-02-18,Transaction Failure,Medium,Resolved,14.1
4002681,100417,2025-06-06,Card Issue,Medium,Resolved,9.8
4002682,103671,2025-10-28,Account Access,Low,Resolved,10.8
4002683,101338,2025-06-17,Account Access,High,Resolved,10.0
4002684,104479,2025-12-24,Transaction Failure,Low,Resolved,41.5
4002685,103712,2025-01-19,General Query,Medium,Resolved,56.6
4002686,101134,2025-12-30,Account Access,Medium,Resolved,16.0
4002687,100158,2025-02-14,General Query,High,Resolved,4.9
4002688,104082,2025-05-30,Payment Dispute,Low,Resolved,40.2
4002689,104981,2025-07-05,General Query,Low,Resolved,14.0
4002690,101992,2025-03-01,Account Access,Medium,Resolved,16.0
4002691,103243,2025-12-09,General Query,Medium,Resolved,6.1
4002692,101994,2025-05-18,Transaction Failure,Low,Resolved,13.3
4002693,102727,2025-06-25,Account Access,Low,Resolved,19.4
4002694,102705,2025-06-13,Transaction Failure,Low,Resolved,39.3
4002695,102459,2025-01-30,ATM Issue,Medium,Resolved,15.3
4002696,101129,2025-04-24,General Query,Low,Open,33.2
4002697,100903,2025-05-07,Transaction Failure,Low,Resolved,19.3
4002698,101967,2025-06-27,Account Access,Low,Open,10.9
4002699,100448,2025-07-30,Account Access,Low,Resolved,51.8
4002700,101768,2025-10-05,Transaction Failure,Medium,Resolved,9.3
4002701,102945,2025-01-25,ATM Issue,High,Open,17.4
4002702,104803,2025-07-29,Fraud Concern,Medium,Resolved,6.7
4002703,101739,2025-12-19,Account Access,Low,Resolved,17.1
4002704,101438,2025-08-16,General Query,Low,Resolved,2.9
4002705,100853,2025-04-19,Transaction Failure,Medium,Resolved,9.8
4002706,102996,2025-08-12,Fraud Concern,Medium,Resolved,3.9
4002707,104016,2025-06-29,Payment Dispute,High,Resolved,6.4
4002708,101615,2025-01-05,ATM Issue,High,Resolved,27.7
4002709,100667,2025-06-15,Account Access,Low,Resolved,19.8
4002710,101223,2025-12-29,Payment Dispute,Medium,In Progress,14.0
4002711,102674,2025-01-15,Account Access,Medium,Resolved,7.2
4002712,101800,2025-01-28,Account Access,Low,Resolved,16.5
4002713,102585,2025-01-02,ATM Issue,Critical,Resolved,16.0
4002714,101471,2025-11-23,Card Issue,Low,Resolved,30.4
4002715,101916,2025-03-22,Account Access,Low,Resolved,8.5
4002716,101494,2025-01-30,General Query,Low,Resolved,18.6
4002717,104950,2025-08-30,Account Access,Medium,Resolved,1.2
4002718,102656,2025-07-28,Account Access,Low,Resolved,30.6
4002719,104332,2025-06-07,Payment Dispute,Medium,Resolved,18.0
4002720,102685,2025-10-12,Transaction Failure,High,Resolved,8.4
4002721,103925,2025-05-21,Transaction Failure,Medium,Resolved,65.8
4002722,102268,2025-06-24,Card Issue,Low,Resolved,40.7
4002723,101624,2025-07-23,Account Access,Medium,In Progress,5.2
4002724,103088,2025-10-05,Transaction Failure,Low,Resolved,34.9
4002725,104322,2025-08-24,Card Issue,Low,Resolved,5.1
4002726,100373,2025-08-11,Transaction Failure,Low,Resolved,13.7
4002727,100619,2025-06-09,Fraud Concern,Medium,Resolved,13.0
4002728,104792,2025-03-22,General Query,Low,Resolved,32.0
4002729,102407,2025-03-09,General Query,Critical,Resolved,15.8
4002730,100957,2025-11-22,Card Issue,Medium,Resolved,17.7
4002731,103690,2025-01-29,Card Issue,High,Resolved,25.6
4002732,101995,2025-10-29,Account Access,High,Resolved,7.8
4002733,101802,2025-04-04,Account Access,Medium,Resolved,19.2
4002734,103945,2025-10-10,General Query,Medium,Resolved,20.4
4002735,103035,2025-12-14,Fraud Concern,Low,Resolved,15.0
4002736,103118,2025-03-15,Transaction Failure,Low,Resolved,29.4
4002737,102964,2025-03-09,Card Issue,Medium,Resolved,2.7
4002738,102741,2025-01-04,Payment Dispute,Medium,Resolved,24.3
4002739,102827,2025-09-11,Payment Dispute,Low,Resolved,8.7
4002740,104801,2025-09-06,General Query,Critical,Resolved,12.5
4002741,100317,2025-08-21,Fraud Concern,Medium,Resolved,16.0
4002742,102471,2025-01-25,ATM Issue,Low,Resolved,16.6
4002743,101974,2025-01-22,Payment Dispute,Medium,Resolved,8.2
4002744,102905,2025-11-08,Account Access,High,Open,29.1
4002745,101317,2025-06-10,Transaction Failure,Low,Resolved,17.6
4002746,101117,2025-11-23,Card Issue,High,Resolved,35.7
4002747,101114,2025-05-23,Account Access,Low,Resolved,29.5
4002748,102377,2025-07-07,General Query,Low,Open,20.0
4002749,103190,2025-04-08,Payment Dispute,Medium,Resolved,33.3
4002750,103422,2025-02-16,ATM Issue,Low,In Progress,31.5
4002751,101512,2025-11-19,ATM Issue,Medium,Resolved,6.1
4002752,102613,2025-02-16,General Query,Medium,Resolved,13.0
4002753,104899,2025-02-16,Payment Dispute,Medium,Resolved,38.4
4002754,102825,2025-08-21,General Query,Low,Resolved,22.0
4002755,100685,2025-10-31,Fraud Concern,Low,Resolved,8.3
4002756,104315,2025-02-07,Fraud Concern,Medium,In Progress,43.3
4002757,103872,2025-09-09,Transaction Failure,Low,Resolved,30.8
4002758,104774,2025-05-13,Payment Dispute,High,Resolved,47.0
4002759,102760,2025-12-14,Card Issue,Low,Open,18.3
4002760,102709,2025-02-01,Account Access,High,Resolved,2.0
4002761,102697,2025-06-16,General Query,Medium,Open,8.8
4002762,102979,2025-12-07,Account Access,Low,Resolved,7.7
4002763,100328,2025-04-21,Account Access,Low,Open,24.5
4002764,103034,2025-04-10,ATM Issue,Low,Resolved,9.5
4002765,101452,2025-11-27,Fraud Concern,Medium,Resolved,7.4
4002766,104562,2025-11-11,General Query,High,Open,24.1
4002767,104184,2025-07-21,Card Issue,High,Resolved,17.8
4002768,103159,2025-11-26,Card Issue,Low,Resolved,2.5
4002769,100209,2025-03-09,General Query,Medium,Resolved,25.2
4002770,100193,2025-04-12,Card Issue,Medium,Resolved,12.8
4002771,103802,2025-12-13,Payment Dispute,Low,Resolved,6.0
4002772,100598,2025-04-01,Account Access,Medium,In Progress,8.9
4002773,100207,2025-10-15,Card Issue,Medium,Resolved,6.9
4002774,100228,2025-03-28,ATM Issue,High,Resolved,23.1
4002775,101036,2025-01-20,Transaction Failure,Low,Resolved,24.2
4002776,103336,2025-11-11,Account Access,Medium,Resolved,30.4
4002777,103499,2025-07-26,Card Issue,Medium,Resolved,3.8
4002778,103708,2025-12-19,Payment Dispute,Low,Resolved,20.0
4002779,102707,2025-10-08,Account Access,High,In Progress,22.1
4002780,101633,2025-08-02,General Query,High,Resolved,12.6
4002781,103685,2025-05-13,Transaction Failure,Medium,Resolved,10.9
4002782,101451,2025-06-08,Fraud Concern,High,Open,7.9
4002783,101021,2025-09-23,Account Access,Medium,Resolved,4.5
4002784,100379,2025-12-18,Account Access,Low,Resolved,16.2
4002785,100313,2025-03-02,Account Access,High,Resolved,8.2
4002786,100262,2025-12-12,Transaction Failure,Medium,Resolved,8.6
4002787,104138,2025-04-28,General Query,Low,In Progress,6.6
4002788,102842,2025-03-26,Payment Dispute,Medium,Resolved,12.9
4002789,101534,2025-06-07,Fraud Concern,Critical,Resolved,6.1
4002790,103005,2025-07-31,General Query,Medium,Resolved,7.3
4002791,101192,2025-06-29,Card Issue,Low,Resolved,26.2
4002792,104443,2025-07-31,ATM Issue,Low,Resolved,12.7
4002793,101391,2025-04-24,General Query,Medium,Resolved,10.5
4002794,104670,2025-08-19,Card Issue,Medium,Resolved,35.6
4002795,101061,2025-04-25,General Query,Critical,Resolved,12.6
4002796,100096,2025-10-30,Account Access,Low,Resolved,15.3
4002797,104618,2025-03-15,General Query,Low,Resolved,24.6
4002798,104163,2025-12-09,ATM Issue,Medium,Resolved,21.2
4002799,101773,2025-06-20,Account Access,Medium,Resolved,25.7
4002800,101023,2025-09-03,Card Issue,Low,Resolved,33.7
4002801,102780,2025-02-15,ATM Issue,Low,Resolved,8.8
4002802,102403,2025-09-04,General Query,Medium,Resolved,17.0
4002803,104504,2025-07-03,Account Access,Medium,Resolved,19.0
4002804,100528,2025-08-01,Payment Dispute,Medium,Resolved,16.2
4002805,103406,2025-02-27,General Query,High,In Progress,8.8
4002806,100341,2025-12-19,Payment Dispute,High,Resolved,21.5
4002807,103584,2025-03-18,Transaction Failure,High,Resolved,10.1
4002808,102980,2025-08-27,Transaction Failure,Medium,Resolved,6.7
4002809,100485,2025-02-10,Card Issue,High,In Progress,47.1
4002810,102630,2025-06-14,Card Issue,High,Resolved,31.6
4002811,101140,2025-01-18,Card Issue,Low,Resolved,30.6
4002812,102680,2025-12-25,ATM Issue,Low,Open,15.2
4002813,103376,2025-12-07,Card Issue,Critical,Resolved,21.1
4002814,105000,2025-10-11,Transaction Failure,Medium,Open,15.8
4002815,100261,2025-07-07,ATM Issue,High,Resolved,7.1
4002816,100216,2025-05-01,Transaction Failure,Medium,Resolved,34.8
4002817,100121,2025-07-02,Transaction Failure,Critical,Open,18.4
4002818,102699,2025-07-24,ATM Issue,Medium,Resolved,16.6
4002819,103716,2025-02-25,Card Issue,Low,Resolved,36.0
4002820,102258,2025-10-03,Transaction Failure,Low,Resolved,10.8
4002821,103619,2025-05-13,General Query,Medium,Resolved,9.5
4002822,101169,2025-07-24,Payment Dispute,Medium,In Progress,19.0
4002823,102193,2025-09-10,General Query,Medium,Open,57.6
4002824,100632,2025-03-08,Transaction Failure,Medium,Resolved,32.8
4002825,103541,2025-04-14,Account Access,High,Resolved,7.1
4002826,104947,2025-09-08,ATM Issue,Medium,Resolved,36.8
4002827,101066,2025-07-15,General Query,Medium,Resolved,23.5
4002828,104053,2025-03-19,General Query,Medium,Resolved,7.8
4002829,100872,2025-05-16,Card Issue,Low,Resolved,15.1
4002830,100665,2025-08-14,Transaction Failure,Medium,Resolved,7.0
4002831,103813,2025-11-08,Payment Dispute,Medium,Open,13.7
4002832,103550,2025-05-12,Account Access,Medium,Resolved,27.6
4002833,100181,2025-02-05,ATM Issue,Medium,Resolved,25.8
4002834,104797,2025-07-26,Payment Dispute,Low,In Progress,52.0
4002835,101270,2025-09-01,Account Access,Low,Resolved,9.4
4002836,100862,2025-08-10,ATM Issue,Low,Resolved,15.9
4002837,102598,2025-03-15,Card Issue,Medium,Resolved,17.8
4002838,104531,2025-02-19,Account Access,Low,Resolved,2.5
4002839,100040,2025-09-02,Card Issue,High,Resolved,25.2
4002840,103158,2025-09-07,Account Access,Low,In Progress,9.7
4002841,103497,2025-08-28,Account Access,Medium,Resolved,0.7
4002842,104126,2025-02-21,Payment Dispute,High,Resolved,10.8
4002843,101996,2025-01-03,Fraud Concern,Low,Resolved,12.3
4002844,104176,2025-08-09,Fraud Concern,Medium,Resolved,39.0
4002845,101021,2025-10-24,Card Issue,High,Resolved,9.5
4002846,101361,2025-08-23,ATM Issue,Low,Resolved,10.6
4002847,104612,2025-08-16,ATM Issue,Critical,Resolved,10.6
4002848,102661,2025-02-06,Fraud Concern,Medium,In Progress,46.8
4002849,100917,2025-04-16,General Query,Medium,Resolved,22.1
4002850,101728,2025-01-18,Card Issue,High,In Progress,23.0
4002851,104936,2025-09-02,Payment Dispute,Low,Open,0.9
4002852,104171,2025-12-17,Transaction Failure,Medium,Resolved,11.0
4002853,101955,2025-10-03,General Query,High,Resolved,10.4
4002854,102454,2025-02-17,Transaction Failure,Low,Resolved,1.0
4002855,103958,2025-02-12,Account Access,Low,Open,6.1
4002856,101320,2025-11-24,Payment Dispute,Medium,In Progress,50.0
4002857,100233,2025-01-14,Fraud Concern,High,Resolved,4.6
4002858,103906,2025-09-07,Payment Dispute,Low,Resolved,13.7
4002859,102710,2025-01-09,Card Issue,Low,Resolved,7.3
4002860,103048,2025-11-19,General Query,Low,Open,33.0
4002861,103835,2025-07-28,ATM Issue,Medium,Resolved,14.1
4002862,100129,2025-05-10,ATM Issue,Low,Resolved,31.0
4002863,101517,2025-11-16,General Query,Low,Open,21.6
4002864,102178,2025-07-21,Transaction Failure,High,Resolved,48.2
4002865,103993,2025-03-11,Transaction Failure,Low,Resolved,5.6
4002866,101869,2025-07-29,Card Issue,Low,Resolved,4.9
4002867,102605,2025-12-18,General Query,Medium,Resolved,10.4
4002868,100783,2025-03-02,Payment Dispute,Medium,Open,18.3
4002869,103035,2025-05-26,Transaction Failure,Low,Resolved,66.6
4002870,103414,2025-01-26,Fraud Concern,Low,Open,3.9
4002871,102443,2025-06-01,Account Access,Medium,Resolved,7.5
4002872,103811,2025-07-20,Account Access,Low,Open,17.6
4002873,104801,2025-08-27,Account Access,Medium,Resolved,4.6
4002874,103682,2025-05-08,ATM Issue,Medium,Resolved,6.3
4002875,103127,2025-08-06,Card Issue,Low,Open,31.8
4002876,104853,2025-09-04,Account Access,Medium,Resolved,25.4
4002877,101906,2025-12-08,Payment Dispute,Low,Resolved,26.4
4002878,102387,2025-12-20,Transaction Failure,Low,Resolved,22.0
4002879,100059,2025-09-06,Account Access,Medium,Resolved,43.8
4002880,101106,2025-08-06,Fraud Concern,High,Open,29.1
4002881,104191,2025-04-28,Account Access,Low,Resolved,5.8
4002882,102196,2025-09-01,General Query,Medium,Resolved,28.3
4002883,101620,2025-04-15,Account Access,High,Resolved,13.8
4002884,104626,2025-03-14,Payment Dispute,Medium,Resolved,10.2
4002885,100075,2025-09-24,Transaction Failure,High,Resolved,9.4
4002886,104329,2025-09-09,General Query,Medium,Resolved,21.0
4002887,103561,2025-07-11,Account Access,Medium,Resolved,40.8
4002888,102203,2025-06-29,Transaction Failure,High,Resolved,19.9
4002889,103125,2025-02-25,ATM Issue,Medium,Resolved,6.1
4002890,101176,2025-03-14,Card Issue,Medium,Resolved,17.8
4002891,102478,2025-01-10,Transaction Failure,High,Resolved,17.3
4002892,102826,2025-12-09,Card Issue,Low,Resolved,62.0
4002893,103356,2025-12-19,Payment Dispute,Low,Resolved,13.9
4002894,104053,2025-01-29,Fraud Concern,Low,Resolved,39.4
4002895,100209,2025-09-12,General Query,Low,Resolved,16.2
4002896,101782,2025-06-10,Payment Dispute,Medium,In Progress,11.0
4002897,101457,2025-10-04,Card Issue,Low,Open,4.8
4002898,103548,2025-10-13,General Query,Medium,Resolved,15.8
4002899,102708,2025-05-27,ATM Issue,High,Resolved,36.2
4002900,102895,2025-06-20,General Query,Medium,In Progress,20.7
4002901,104443,2025-07-23,Account Access,Low,Resolved,12.9
4002902,101532,2025-08-03,Fraud Concern,High,Resolved,46.1
4002903,101735,2025-02-28,General Query,Critical,Resolved,3.7
4002904,103358,2025-09-28,Account Access,High,Resolved,12.7
4002905,100231,2025-01-08,Transaction Failure,Medium,Resolved,56.2
4002906,102109,2025-05-24,Payment Dispute,High,Resolved,17.6
4002907,104471,2025-09-22,Card Issue,Medium,Resolved,3.8
4002908,100599,2025-03-17,General Query,Low,Resolved,7.7
4002909,101822,2025-11-05,ATM Issue,High,Resolved,24.6
4002910,100539,2025-06-14,General Query,Low,Resolved,10.5
4002911,102817,2025-07-18,ATM Issue,High,In Progress,6.0
4002912,101846,2025-07-03,Fraud Concern,Medium,Resolved,16.6
4002913,102378,2025-06-10,Transaction Failure,Low,In Progress,50.6
4002914,100055,2025-07-09,Card Issue,High,Resolved,13.1
4002915,103970,2025-05-23,Account Access,Medium,Resolved,10.4
4002916,102634,2025-10-21,Fraud Concern,Medium,Open,27.3
4002917,102694,2025-04-14,Card Issue,Low,Open,20.0
4002918,102353,2025-05-07,ATM Issue,Low,Resolved,23.7
4002919,104632,2025-12-18,Account Access,Medium,Resolved,38.4
4002920,100241,2025-09-27,Account Access,Low,Resolved,39.3
4002921,104496,2025-02-03,Fraud Concern,Low,Resolved,23.0
4002922,103780,2025-09-22,Card Issue,Medium,Open,30.5
4002923,102947,2025-05-03,Account Access,Medium,Resolved,29.3
4002924,102438,2025-07-01,Card Issue,Medium,Resolved,4.3
4002925,102236,2025-01-13,Transaction Failure,Low,In Progress,11.3
4002926,103331,2025-11-18,ATM Issue,Low,In Progress,35.4
4002927,102850,2025-08-04,Transaction Failure,Low,Resolved,16.6
4002928,102168,2025-12-24,Transaction Failure,High,Resolved,31.0
4002929,103888,2025-07-06,Account Access,Low,Resolved,7.7
4002930,104804,2025-03-31,Transaction Failure,Low,Resolved,21.5
4002931,103295,2025-02-18,Fraud Concern,Medium,Resolved,11.8
4002932,101620,2025-02-09,Account Access,High,Resolved,19.4
4002933,103175,2025-04-27,Account Access,Low,Resolved,22.9
4002934,104474,2025-01-22,Payment Dispute,Low,Resolved,11.4
4002935,102871,2025-05-12,Payment Dispute,Low,Resolved,14.7
4002936,104366,2025-01-11,Account Access,Critical,Resolved,0.5
4002937,102865,2025-09-24,General Query,Low,Resolved,28.4
4002938,100467,2025-10-17,Payment Dispute,Low,Resolved,0.9
4002939,102921,2025-09-23,General Query,Low,Resolved,21.8
4002940,104928,2025-04-28,Transaction Failure,Medium,In Progress,17.5
4002941,102046,2025-12-13,Fraud Concern,Low,Resolved,36.7
4002942,101147,2025-07-18,Card Issue,Low,In Progress,4.7
4002943,100921,2025-10-22,Payment Dispute,Low,Resolved,49.7
4002944,100118,2025-01-14,Payment Dispute,High,In Progress,22.7
4002945,100263,2025-01-18,Payment Dispute,Low,In Progress,12.4
4002946,102727,2025-04-03,Fraud Concern,Medium,Resolved,22.5
4002947,100972,2025-05-21,ATM Issue,Low,Resolved,18.5
4002948,103170,2025-05-04,General Query,Medium,Resolved,17.3
4002949,102899,2025-06-08,Card Issue,Medium,Resolved,37.6
4002950,104022,2025-11-28,Account Access,Medium,Resolved,5.7
4002951,101815,2025-04-14,Payment Dispute,Medium,In Progress,1.6
4002952,102652,2025-10-11,Card Issue,Medium,Open,7.7
4002953,103898,2025-11-27,Fraud Concern,Medium,Resolved,16.7
4002954,102405,2025-07-28,Transaction Failure,Low,Resolved,18.8
4002955,101824,2025-12-20,Card Issue,Medium,Resolved,3.5
4002956,101171,2025-05-26,Account Access,Medium,Resolved,24.5
4002957,100296,2025-02-19,Transaction Failure,Low,Resolved,27.1
4002958,103948,2025-02-21,ATM Issue,Low,Resolved,6.0
4002959,101168,2025-01-04,Card Issue,Medium,Resolved,7.5
4002960,101118,2025-01-28,General Query,High,Resolved,19.3
4002961,103710,2025-03-20,Card Issue,High,Resolved,16.3
4002962,100256,2025-07-29,Payment Dispute,Medium,Resolved,14.7
4002963,101255,2025-01-08,Payment Dispute,Low,Resolved,46.1
4002964,100690,2025-04-07,Payment Dispute,Low,Resolved,36.7
4002965,102180,2025-06-01,Fraud Concern,Low,Resolved,14.0
4002966,101293,2025-08-27,Fraud Concern,Low,In Progress,15.3
4002967,102712,2025-11-14,General Query,Low,Resolved,15.4
4002968,102149,2025-12-04,General Query,Medium,Resolved,38.7
4002969,103185,2025-06-05,Account Access,Medium,Resolved,22.0
4002970,100531,2025-01-14,Account Access,Low,Resolved,9.8
4002971,102610,2025-06-28,Account Access,Medium,Resolved,39.0
4002972,103429,2025-08-23,Card Issue,Critical,In Progress,10.4
4002973,102452,2025-08-28,Payment Dispute,Low,In Progress,8.9
4002974,103421,2025-09-29,Transaction Failure,Medium,Resolved,18.5
4002975,104379,2025-06-15,Fraud Concern,Medium,Resolved,7.1
4002976,101576,2025-06-06,General Query,Medium,Resolved,25.2
4002977,104824,2025-09-26,Account Access,Low,Resolved,17.1
4002978,100554,2025-04-07,Card Issue,Critical,Resolved,1.0
4002979,103618,2025-09-17,Account Access,High,Resolved,14.5
4002980,102826,2025-11-07,Card Issue,Low,Resolved,18.6
4002981,101796,2025-03-11,Card Issue,Low,Resolved,1.5
4002982,102036,2025-06-18,General Query,Low,Open,18.8
4002983,100676,2025-08-22,Payment Dispute,Low,In Progress,8.1
4002984,102927,2025-02-11,ATM Issue,Medium,Open,4.5
4002985,102051,2025-08-08,Transaction Failure,High,Resolved,10.4
4002986,103036,2025-04-13,General Query,Medium,Resolved,5.9
4002987,101736,2025-06-08,Payment Dispute,Low,Resolved,11.1
4002988,102483,2025-03-24,ATM Issue,Critical,Resolved,20.8
4002989,100194,2025-10-08,Account Access,Low,Resolved,18.5
4002990,104049,2025-01-06,Transaction Failure,High,Open,16.6
4002991,101724,2025-03-23,General Query,Low,Open,7.5
4002992,100519,2025-09-29,Card Issue,Low,Resolved,4.5
4002993,104844,2025-04-06,Transaction Failure,Medium,In Progress,18.3
4002994,104384,2025-11-26,General Query,Low,Resolved,40.2
4002995,104745,2025-03-03,ATM Issue,High,Open,12.0
4002996,104561,2025-12-21,Account Access,Medium,Resolved,35.3
4002997,103026,2025-01-08,Card Issue,Low,Resolved,2.4
4002998,104274,2025-01-22,Payment Dispute,High,In Progress,6.6
4002999,103279,2025-10-19,ATM Issue,Medium,Resolved,22.4
4003000,102015,2025-04-04,Card Issue,Medium,Resolved,18.7
4003001,101469,2025-12-29,Fraud Concern,Low,Resolved,14.9
4003002,104871,2025-10-04,General Query,Low,Resolved,5.2
4003003,103953,2025-05-09,Card Issue,Low,Resolved,2.1
4003004,101399,2025-02-24,Card Issue,High,Resolved,36.0
4003005,100457,2025-02-16,Account Access,Medium,Resolved,20.3
4003006,101261,2025-08-04,General Query,High,Resolved,9.9
4003007,102332,2025-11-04,Account Access,Medium,Resolved,43.6
4003008,101924,2025-07-06,Account Access,Medium,Resolved,6.4
4003009,102935,2025-03-04,Transaction Failure,Medium,Resolved,12.9
4003010,104962,2025-06-15,Transaction Failure,Low,In Progress,6.2
4003011,101569,2025-03-20,Card Issue,Low,Resolved,21.2
4003012,104438,2025-07-29,Transaction Failure,Medium,Resolved,10.5
4003013,102877,2025-02-01,Account Access,Low,Resolved,30.8
4003014,102150,2025-10-14,ATM Issue,Medium,Open,9.9
4003015,103723,2025-07-04,Transaction Failure,Low,Resolved,19.1
4003016,104299,2025-06-24,General Query,High,Open,10.6
4003017,101675,2025-06-08,Transaction Failure,High,Open,4.7
4003018,102552,2025-06-29,ATM Issue,Medium,Resolved,13.0
4003019,100073,2025-07-24,General Query,Medium,Resolved,35.3
4003020,100355,2025-03-22,Payment Dispute,Low,Resolved,27.8
4003021,104368,2025-05-13,General Query,Critical,Open,18.2
4003022,102155,2025-11-06,General Query,High,In Progress,20.1
4003023,102183,2025-03-07,Payment Dispute,Low,Resolved,20.7
4003024,103909,2025-01-10,ATM Issue,Low,Resolved,4.3
4003025,100240,2025-01-21,Fraud Concern,Medium,Resolved,44.9
4003026,100860,2025-12-31,Account Access,Low,Resolved,9.2
4003027,100263,2025-05-16,Account Access,Medium,Resolved,21.5
4003028,101091,2025-11-09,Payment Dispute,Low,Resolved,12.6
4003029,102820,2025-12-25,Card Issue,Low,In Progress,2.9
4003030,101681,2025-11-29,Card Issue,Medium,Resolved,27.5
4003031,104911,2025-05-19,Payment Dispute,Medium,Resolved,6.0
4003032,103073,2025-02-24,Payment Dispute,Low,Resolved,3.6
4003033,103149,2025-08-10,General Query,Low,Resolved,15.2
4003034,104128,2025-08-02,General Query,Medium,Resolved,30.3
4003035,102916,2025-06-23,Account Access,Low,Resolved,8.0
4003036,101280,2025-08-26,General Query,Medium,Resolved,13.6
4003037,104263,2025-07-31,General Query,Low,Resolved,13.7
4003038,100479,2025-06-23,ATM Issue,Low,Resolved,15.2
4003039,101144,2025-06-10,Payment Dispute,High,Resolved,31.1
4003040,102350,2025-04-21,Card Issue,Medium,Resolved,3.8
4003041,102777,2025-04-24,Transaction Failure,Medium,Resolved,14.7
4003042,100344,2025-11-01,Fraud Concern,Medium,Resolved,10.0
4003043,104243,2025-01-08,General Query,Low,Resolved,28.5
4003044,102900,2025-02-23,General Query,High,Resolved,27.7
4003045,103358,2025-07-12,Payment Dispute,Low,Open,10.9
4003046,102492,2025-12-03,Transaction Failure,Medium,Resolved,11.9
4003047,103304,2025-12-22,Account Access,Medium,Resolved,4.7
4003048,101387,2025-02-26,General Query,High,Resolved,17.7
4003049,103586,2025-02-13,ATM Issue,Medium,Resolved,7.5
4003050,103130,2025-06-26,General Query,Medium,Resolved,12.6
4003051,101543,2025-07-11,General Query,High,Resolved,16.6
4003052,100134,2025-08-09,Card Issue,Medium,Resolved,6.8
4003053,100112,2025-09-09,Transaction Failure,Medium,Resolved,7.4
4003054,100075,2025-10-11,General Query,Low,Resolved,3.9
4003055,102198,2025-03-20,Account Access,Low,Resolved,8.0
4003056,100928,2025-02-04,General Query,Low,Resolved,29.9
4003057,104159,2025-08-23,Transaction Failure,Low,Resolved,13.6
4003058,101111,2025-10-04,Card Issue,Medium,Open,11.1
4003059,103579,2025-04-09,Payment Dispute,Medium,Resolved,7.1
4003060,100092,2025-09-05,Transaction Failure,Medium,Resolved,26.7
4003061,104967,2025-08-23,Card Issue,Medium,Resolved,30.1
4003062,104430,2025-06-13,ATM Issue,Low,Resolved,13.0
4003063,104935,2025-03-25,Card Issue,Low,Resolved,10.5
4003064,102865,2025-03-14,Transaction Failure,Low,Resolved,8.0
4003065,101187,2025-07-21,General Query,Medium,Resolved,18.3
4003066,101075,2025-02-02,Transaction Failure,Medium,Resolved,24.7
4003067,100158,2025-08-02,ATM Issue,Low,Resolved,23.9
4003068,100275,2025-02-11,ATM Issue,High,Resolved,28.3
4003069,102889,2025-05-29,Account Access,Medium,Resolved,12.6
4003070,102345,2025-11-14,General Query,High,Resolved,12.1
4003071,104913,2025-04-16,General Query,High,Resolved,4.8
4003072,102670,2025-04-16,Fraud Concern,Medium,Resolved,16.3
4003073,100816,2025-04-14,Payment Dispute,Medium,Open,4.7
4003074,101074,2025-12-01,General Query,Medium,Resolved,62.1
4003075,101816,2025-06-01,General Query,Low,In Progress,7.0
4003076,101783,2025-10-25,Card Issue,Low,Resolved,10.8
4003077,100396,2025-09-20,Fraud Concern,Low,Resolved,8.8
4003078,103232,2025-06-16,ATM Issue,Medium,In Progress,10.9
4003079,100816,2025-05-05,Card Issue,Medium,Resolved,33.9
4003080,101577,2025-04-16,Account Access,Low,Resolved,5.6
4003081,100393,2025-02-26,General Query,Medium,Resolved,13.4
4003082,101966,2025-08-19,Account Access,Low,Resolved,2.7
4003083,101455,2025-05-12,Transaction Failure,Medium,Resolved,25.5
4003084,102990,2025-02-01,Transaction Failure,Medium,In Progress,43.7
4003085,101059,2025-11-18,General Query,High,Resolved,16.6
4003086,104179,2025-11-26,Card Issue,Low,Resolved,27.6
4003087,103696,2025-06-28,Transaction Failure,Medium,Resolved,9.0
4003088,103283,2025-06-01,Transaction Failure,High,Resolved,39.6
4003089,103581,2025-04-17,Account Access,Medium,Resolved,20.2
4003090,101476,2025-06-23,Fraud Concern,Low,Resolved,6.1
4003091,100385,2025-01-15,Transaction Failure,Medium,Resolved,26.1
4003092,100772,2025-04-10,General Query,Critical,Resolved,9.9
4003093,102373,2025-05-18,General Query,Low,Resolved,7.1
4003094,104592,2025-04-18,Fraud Concern,Low,Open,11.4
4003095,100752,2025-09-07,ATM Issue,Low,Resolved,13.2
4003096,103601,2025-12-25,General Query,Medium,Open,12.9
4003097,100288,2025-03-19,Account Access,Medium,Resolved,27.9
4003098,102441,2025-10-31,Account Access,Medium,Resolved,15.2
4003099,100677,2025-10-04,Transaction Failure,Low,Resolved,25.2
4003100,100170,2025-04-07,General Query,Low,Resolved,41.4
4003101,101349,2025-04-05,ATM Issue,Low,Resolved,11.5
4003102,102211,2025-11-07,Transaction Failure,Low,Resolved,16.3
4003103,103621,2025-08-25,Account Access,Low,Resolved,19.5
4003104,102296,2025-04-23,General Query,Medium,Resolved,21.7
4003105,101512,2025-07-28,Account Access,Low,Resolved,9.9
4003106,104882,2025-12-03,Card Issue,High,Resolved,2.4
4003107,100650,2025-01-04,Transaction Failure,High,Resolved,3.9
4003108,100819,2025-09-08,Transaction Failure,Low,Open,16.8
4003109,100119,2025-12-26,Account Access,Low,Resolved,2.9
4003110,100991,2025-06-30,General Query,Medium,Resolved,15.7
4003111,103237,2025-04-11,Fraud Concern,Medium,Resolved,6.8
4003112,103904,2025-09-04,ATM Issue,High,Resolved,10.4
4003113,104288,2025-07-26,Account Access,Low,Resolved,36.8
4003114,103840,2025-05-19,Transaction Failure,Low,Resolved,15.6
4003115,102974,2025-11-30,Transaction Failure,Low,Resolved,9.2
4003116,104015,2025-12-07,Payment Dispute,Medium,Open,12.2
4003117,102460,2025-05-03,Fraud Concern,Medium,Resolved,10.2
4003118,104992,2025-09-19,Transaction Failure,High,Resolved,13.2
4003119,101106,2025-04-30,Transaction Failure,Medium,Resolved,12.3
4003120,100810,2025-11-10,General Query,Medium,Open,20.2
4003121,103500,2025-04-09,Account Access,Medium,Resolved,8.7
4003122,103137,2025-07-18,Account Access,High,Resolved,14.2
4003123,103478,2025-03-07,Fraud Concern,Low,Resolved,14.8
4003124,102614,2025-08-21,Fraud Concern,Low,Resolved,35.3
4003125,103339,2025-09-30,Account Access,Low,Resolved,18.4
4003126,104420,2025-05-30,Account Access,Medium,Resolved,27.5
4003127,104088,2025-03-28,Payment Dispute,Medium,Resolved,16.4
4003128,104392,2025-11-05,Account Access,High,Resolved,19.1
4003129,101009,2025-11-30,Card Issue,Medium,Resolved,5.7
4003130,101064,2025-01-17,Payment Dispute,Low,Resolved,7.5
4003131,104203,2025-09-20,Transaction Failure,High,Resolved,4.7
4003132,103797,2025-07-25,Fraud Concern,Low,Resolved,36.3
4003133,100397,2025-06-30,Transaction Failure,Medium,Resolved,20.0
4003134,102205,2025-01-23,Payment Dispute,High,Open,5.6
4003135,100297,2025-04-17,Fraud Concern,Low,Resolved,12.6
4003136,104629,2025-04-25,Card Issue,High,In Progress,7.6
4003137,101079,2025-04-04,Fraud Concern,Medium,Resolved,9.0
4003138,102101,2025-05-18,Card Issue,Medium,Resolved,14.9
4003139,101694,2025-12-10,ATM Issue,Medium,Resolved,35.4
4003140,101908,2025-10-05,Card Issue,High,Open,19.1
4003141,101442,2025-06-03,Card Issue,Low,Resolved,18.1
4003142,102936,2025-10-20,Card Issue,Low,Resolved,17.2
4003143,103015,2025-02-06,Transaction Failure,Medium,Resolved,33.7
4003144,103196,2025-12-17,Account Access,Medium,Resolved,35.7
4003145,103437,2025-01-01,Account Access,High,Resolved,12.4
4003146,102580,2025-09-03,Payment Dispute,Low,Resolved,18.1
4003147,103818,2025-05-18,Fraud Concern,Medium,Resolved,7.3
4003148,100745,2025-07-03,General Query,Medium,Open,61.2
4003149,100364,2025-05-09,Payment Dispute,Low,Resolved,5.5
4003150,102848,2025-10-31,Card Issue,Medium,Resolved,6.2
4003151,103955,2025-07-11,ATM Issue,Medium,Resolved,1.8
4003152,103610,2025-07-09,Transaction Failure,High,Resolved,35.8
4003153,103419,2025-06-14,Card Issue,Medium,Open,25.6
4003154,101921,2025-10-06,ATM Issue,Low,Resolved,17.2
4003155,104311,2025-03-04,Payment Dispute,High,Resolved,20.1
4003156,104500,2025-08-22,Card Issue,Low,In Progress,1.1
4003157,102467,2025-05-19,Account Access,High,Resolved,4.2
4003158,103862,2025-03-26,Transaction Failure,Critical,Resolved,19.8
4003159,102011,2025-06-13,Card Issue,Low,Resolved,31.0
4003160,101458,2025-02-26,ATM Issue,Medium,Resolved,16.8
4003161,102081,2025-12-22,Transaction Failure,Medium,Resolved,11.2
4003162,103362,2025-05-08,Account Access,Low,Resolved,6.8
4003163,103819,2025-03-30,ATM Issue,Medium,Resolved,17.9
4003164,103729,2025-05-04,Fraud Concern,Medium,Resolved,23.1
4003165,103928,2025-01-28,Account Access,Medium,Resolved,24.5
4003166,100571,2025-10-15,Fraud Concern,Medium,Open,27.6
4003167,100660,2025-07-28,Transaction Failure,Medium,Resolved,33.0
4003168,101765,2025-09-17,Card Issue,Medium,In Progress,13.7
4003169,103605,2025-02-11,ATM Issue,Medium,Resolved,11.5
4003170,103452,2025-03-12,General Query,Medium,Open,7.6
4003171,102721,2025-12-03,Account Access,Medium,Resolved,16.0
4003172,101649,2025-03-18,Payment Dispute,Low,Resolved,21.0
4003173,101632,2025-09-01,Card Issue,High,Resolved,20.5
4003174,102742,2025-04-15,Fraud Concern,Low,Resolved,18.9
4003175,104662,2025-10-09,General Query,Medium,Resolved,10.4
4003176,102994,2025-05-27,Payment Dispute,High,Open,24.1
4003177,100266,2025-08-09,General Query,Low,Resolved,9.4
4003178,104042,2025-10-12,General Query,Medium,Open,41.1
4003179,102259,2025-12-20,Transaction Failure,Low,Resolved,21.1
4003180,102232,2025-01-28,Fraud Concern,Medium,Open,11.2
4003181,104409,2025-04-18,General Query,Medium,Resolved,16.0
4003182,104172,2025-10-05,ATM Issue,Low,In Progress,3.8
4003183,103619,2025-12-24,Card Issue,Low,Resolved,20.6
4003184,102800,2025-03-02,Card Issue,Medium,Resolved,9.5
4003185,101903,2025-04-02,General Query,Low,Resolved,11.6
4003186,103462,2025-06-04,General Query,Low,Resolved,9.7
4003187,104798,2025-03-13,General Query,Low,Resolved,18.6
4003188,103614,2025-10-03,Account Access,Low,Resolved,17.4
4003189,101231,2025-03-27,Card Issue,Medium,Resolved,20.4
4003190,101409,2025-02-22,Payment Dispute,Critical,Resolved,2.6
4003191,100472,2025-09-12,Card Issue,Medium,Resolved,9.8
4003192,101152,2025-11-14,Transaction Failure,Low,Resolved,10.2
4003193,101957,2025-07-01,Payment Dispute,High,Resolved,8.1
4003194,104024,2025-08-27,Payment Dispute,Medium,Resolved,9.1
4003195,102493,2025-04-21,General Query,High,Resolved,15.1
4003196,101609,2025-06-27,General Query,High,Resolved,14.9
4003197,104126,2025-02-26,Account Access,High,Resolved,18.4
4003198,102488,2025-12-23,ATM Issue,Medium,Resolved,20.0
4003199,101757,2025-05-10,Payment Dispute,Low,Open,13.6
4003200,102251,2025-03-17,Transaction Failure,High,In Progress,16.3
4003201,103070,2025-08-18,ATM Issue,Medium,Resolved,23.4
4003202,102309,2025-11-17,ATM Issue,Medium,Resolved,14.4
4003203,102450,2025-01-13,Fraud Concern,Critical,Resolved,20.5
4003204,103096,2025-08-19,Card Issue,Medium,Resolved,20.1
4003205,101695,2025-07-08,Transaction Failure,Low,Open,28.0
4003206,100575,2025-08-05,ATM Issue,Medium,Resolved,16.0
4003207,101007,2025-12-07,General Query,High,Resolved,6.6
4003208,102730,2025-10-02,General Query,Critical,Resolved,22.5
4003209,101584,2025-07-10,Card Issue,Medium,Resolved,14.2
4003210,102721,2025-07-29,Account Access,Critical,Resolved,34.6
4003211,100878,2025-09-12,Account Access,Critical,Resolved,3.8
4003212,102045,2025-12-23,Fraud Concern,Medium,Resolved,57.0
4003213,104395,2025-08-31,Payment Dispute,Low,Resolved,26.4
4003214,102788,2025-04-25,ATM Issue,Low,Open,12.3
4003215,100978,2025-05-26,Fraud Concern,Low,Resolved,16.6
4003216,101823,2025-05-15,Transaction Failure,Low,Open,16.2
4003217,101672,2025-09-23,ATM Issue,Low,Resolved,12.2
4003218,102809,2025-04-30,Card Issue,Medium,Open,5.6
4003219,103415,2025-07-07,ATM Issue,Low,Resolved,28.4
4003220,103606,2025-03-19,Fraud Concern,High,Resolved,13.9
4003221,100270,2025-11-07,Card Issue,Low,Resolved,27.6
4003222,103194,2025-01-01,Fraud Concern,Low,Resolved,8.8
4003223,101108,2025-03-17,Card Issue,Low,Resolved,16.4
4003224,103299,2025-01-05,General Query,Medium,Resolved,2.0
4003225,103778,2025-05-11,Card Issue,Medium,Resolved,6.3
4003226,103854,2025-06-08,Transaction Failure,Low,Open,14.0
4003227,101440,2025-08-08,Card Issue,Medium,Resolved,8.6
4003228,100074,2025-06-23,Transaction Failure,Medium,Open,14.6
4003229,101179,2025-07-21,General Query,High,Resolved,22.2
4003230,101095,2025-10-22,Card Issue,Low,Resolved,21.0
4003231,101007,2025-05-07,General Query,Critical,In Progress,13.3
4003232,101088,2025-07-28,ATM Issue,High,Open,7.0
4003233,102760,2025-12-02,Fraud Concern,Low,Resolved,7.7
4003234,103287,2025-12-11,General Query,High,In Progress,6.3
4003235,102151,2025-10-17,Fraud Concern,Medium,Resolved,44.4
4003236,100769,2025-08-05,Fraud Concern,Low,Resolved,18.5
4003237,100302,2025-08-19,Card Issue,Low,In Progress,10.7
4003238,102929,2025-05-25,Payment Dispute,Low,Resolved,16.6
4003239,103743,2025-03-06,Card Issue,High,Resolved,0.7
4003240,103051,2025-06-06,Fraud Concern,Low,Resolved,6.5
4003241,104675,2025-02-14,Payment Dispute,Medium,Resolved,7.8
4003242,102829,2025-11-03,Account Access,High,Resolved,32.3
4003243,102526,2025-01-10,ATM Issue,Medium,Resolved,45.8
4003244,103388,2025-10-30,Account Access,Low,Resolved,3.2
4003245,100474,2025-07-30,ATM Issue,Medium,Resolved,31.3
4003246,101187,2025-08-08,Fraud Concern,High,Resolved,12.9
4003247,103454,2025-04-10,Account Access,Low,Resolved,52.0
4003248,101366,2025-12-11,General Query,Low,Resolved,16.1
4003249,104721,2025-08-04,General Query,Low,In Progress,2.2
4003250,104055,2025-04-10,ATM Issue,Critical,Resolved,11.3
4003251,104853,2025-11-11,Transaction Failure,High,Resolved,40.9
4003252,100442,2025-12-28,Fraud Concern,High,Resolved,47.6
4003253,100755,2025-07-10,Fraud Concern,Low,In Progress,33.0
4003254,102937,2025-06-16,General Query,High,Resolved,4.9
4003255,104497,2025-08-12,Fraud Concern,Low,Resolved,21.6
4003256,104296,2025-12-27,Card Issue,Low,Resolved,3.0
4003257,103793,2025-04-10,General Query,Low,Resolved,3.7
4003258,103920,2025-03-14,Fraud Concern,Low,Resolved,7.6
4003259,102853,2025-02-25,General Query,Medium,Resolved,35.2
4003260,104906,2025-06-06,General Query,Low,Resolved,5.0
4003261,100859,2025-10-28,General Query,Medium,Resolved,25.5
4003262,102365,2025-07-31,Payment Dispute,Low,Resolved,9.5
4003263,102935,2025-04-07,Card Issue,Low,Resolved,14.9
4003264,103160,2025-11-07,Transaction Failure,Medium,Resolved,6.1
4003265,103874,2025-01-23,Payment Dispute,Low,Resolved,2.1
4003266,100667,2025-04-09,General Query,High,Resolved,8.1
4003267,101310,2025-01-08,Transaction Failure,Medium,Resolved,42.0
4003268,104412,2025-03-20,Fraud Concern,Medium,Resolved,37.7
4003269,103922,2025-08-24,Transaction Failure,High,Resolved,9.3
4003270,104587,2025-09-13,Transaction Failure,Medium,Resolved,13.9
4003271,102231,2025-08-11,General Query,Medium,Resolved,2.5
4003272,101310,2025-02-20,Account Access,Low,Resolved,7.7
4003273,102013,2025-07-13,Fraud Concern,Low,Resolved,3.2
4003274,103853,2025-08-01,Account Access,Critical,Resolved,23.7
4003275,101009,2025-08-23,Fraud Concern,Low,Resolved,12.3
4003276,101154,2025-12-12,ATM Issue,Medium,Resolved,5.5
4003277,101565,2025-08-23,Card Issue,Low,Resolved,16.7
4003278,102184,2025-12-12,Transaction Failure,Medium,Resolved,20.3
4003279,101448,2025-03-24,Account Access,Low,Resolved,12.3
4003280,100540,2025-11-01,Payment Dispute,Low,Resolved,18.5
4003281,104592,2025-02-13,Transaction Failure,High,Resolved,21.6
4003282,102573,2025-03-02,General Query,Low,Resolved,29.9
4003283,100539,2025-01-20,Card Issue,Low,In Progress,22.7
4003284,104272,2025-05-14,Account Access,Medium,Resolved,17.7
4003285,101655,2025-05-30,Transaction Failure,Medium,Resolved,18.4
4003286,102121,2025-09-10,Payment Dispute,Medium,Resolved,34.0
4003287,104431,2025-09-28,Transaction Failure,Critical,Resolved,16.9
4003288,100719,2025-12-16,Card Issue,Low,Resolved,25.1
4003289,103531,2025-10-17,Fraud Concern,Low,Resolved,20.2
4003290,101842,2025-08-07,ATM Issue,Critical,Resolved,7.9
4003291,103732,2025-09-16,Transaction Failure,Medium,Resolved,16.3
4003292,104963,2025-05-08,Transaction Failure,Low,In Progress,7.9
4003293,100326,2025-08-15,ATM Issue,High,Resolved,21.3
4003294,100944,2025-06-24,General Query,Low,Resolved,21.0
4003295,100419,2025-01-31,Transaction Failure,High,Resolved,34.0
4003296,103126,2025-07-15,Fraud Concern,Low,Resolved,12.4
4003297,102777,2025-04-11,Transaction Failure,Low,Resolved,14.3
4003298,104230,2025-10-03,General Query,High,In Progress,5.8
4003299,103094,2025-08-16,Fraud Concern,Low,Resolved,17.2
4003300,102630,2025-08-27,General Query,Medium,Resolved,22.0
4003301,101619,2025-06-17,Transaction Failure,Low,Resolved,13.1
4003302,101784,2025-04-27,Fraud Concern,High,In Progress,15.4
4003303,101011,2025-05-14,General Query,High,Resolved,17.0
4003304,101010,2025-03-11,ATM Issue,High,Resolved,14.1
4003305,102679,2025-02-23,Account Access,Low,Resolved,12.6
4003306,100480,2025-09-13,Payment Dispute,Low,Resolved,9.9
4003307,103194,2025-08-22,ATM Issue,Low,Resolved,14.1
4003308,100472,2025-08-25,Fraud Concern,High,Resolved,31.2
4003309,102894,2025-04-07,Account Access,High,Open,39.0
4003310,103950,2025-05-21,Fraud Concern,High,Resolved,8.7
4003311,104483,2025-01-27,ATM Issue,Medium,Resolved,10.3
4003312,101855,2025-09-07,Account Access,Medium,Resolved,23.3
4003313,104462,2025-01-20,Payment Dispute,Low,Resolved,13.2
4003314,100317,2025-10-29,Payment Dispute,Medium,Resolved,2.6
4003315,103762,2025-10-11,ATM Issue,Medium,Resolved,31.0
4003316,104974,2025-09-11,Account Access,Medium,Resolved,3.0
4003317,103589,2025-08-01,ATM Issue,Low,Resolved,9.2
4003318,100528,2025-05-19,Fraud Concern,Low,Resolved,1.6
4003319,102278,2025-05-19,Fraud Concern,Medium,Resolved,7.0
4003320,101845,2025-09-18,General Query,High,Resolved,7.0
4003321,104176,2025-05-06,General Query,High,Open,10.4
4003322,100086,2025-02-01,Payment Dispute,Medium,In Progress,30.7
4003323,100645,2025-06-15,Account Access,Low,Resolved,3.3
4003324,102011,2025-09-04,Account Access,Medium,Resolved,13.7
4003325,104641,2025-09-09,Card Issue,Medium,In Progress,12.3
4003326,102479,2025-04-26,Transaction Failure,Low,Resolved,15.2
4003327,103804,2025-10-23,General Query,Low,In Progress,22.4
4003328,102267,2025-03-31,General Query,Critical,Resolved,4.2
4003329,104165,2025-01-25,Account Access,Low,Resolved,6.6
4003330,100419,2025-01-09,Account Access,Low,Resolved,13.0
4003331,100008,2025-04-21,Payment Dispute,Low,Resolved,9.4
4003332,103125,2025-02-16,Payment Dispute,Medium,Resolved,15.0
4003333,104586,2025-04-09,ATM Issue,Medium,Resolved,27.4
4003334,104901,2025-08-29,Transaction Failure,Critical,Resolved,31.8
4003335,103305,2025-11-01,General Query,Medium,Resolved,26.9
4003336,101480,2025-03-20,Fraud Concern,Medium,Open,27.1
4003337,102258,2025-12-20,Account Access,Medium,Resolved,47.0
4003338,100825,2025-02-17,Payment Dispute,Low,Resolved,36.5
4003339,103595,2025-01-27,Account Access,Low,Resolved,47.5
4003340,104311,2025-12-04,Fraud Concern,Low,Resolved,7.8
4003341,102941,2025-09-17,Account Access,Low,Resolved,12.8
4003342,100334,2025-08-30,ATM Issue,Low,Open,41.7
4003343,101899,2025-12-26,General Query,Medium,Resolved,8.0
4003344,103990,2025-01-30,ATM Issue,Low,Resolved,2.7
4003345,100616,2025-11-02,Payment Dispute,Low,In Progress,13.7
4003346,103394,2025-09-08,Payment Dispute,Low,Resolved,13.1
4003347,102613,2025-03-10,Card Issue,Medium,Resolved,18.7
4003348,103804,2025-08-20,Payment Dispute,Low,Resolved,12.1
4003349,102293,2025-08-30,Transaction Failure,Medium,Resolved,32.1
4003350,104764,2025-07-19,Transaction Failure,Low,Resolved,5.4
4003351,100571,2025-08-28,Transaction Failure,Low,Resolved,5.2
4003352,101021,2025-12-10,Fraud Concern,Medium,Resolved,12.4
4003353,100200,2025-01-15,Transaction Failure,Medium,Resolved,4.0
4003354,104176,2025-02-14,General Query,High,Resolved,27.7
4003355,100467,2025-07-22,Account Access,Low,Resolved,3.9
4003356,100087,2025-10-23,Transaction Failure,Medium,Open,7.7
4003357,103123,2025-04-23,ATM Issue,High,Resolved,12.0
4003358,104445,2025-06-15,Card Issue,Low,Resolved,0.6
4003359,100842,2025-07-21,Card Issue,Low,Resolved,20.7
4003360,100763,2025-04-06,Card Issue,Medium,Resolved,12.5
4003361,104169,2025-04-17,ATM Issue,Low,In Progress,15.6
4003362,104878,2025-02-14,Card Issue,Medium,Resolved,19.7
4003363,104293,2025-07-09,Fraud Concern,High,In Progress,32.4
4003364,103988,2025-11-23,Payment Dispute,High,Resolved,2.3
4003365,103482,2025-12-08,General Query,Medium,Resolved,5.4
4003366,100048,2025-05-22,Payment Dispute,Low,Open,8.7
4003367,104043,2025-09-19,Card Issue,Low,Resolved,1.9
4003368,100380,2025-12-17,General Query,Medium,Resolved,32.2
4003369,100546,2025-01-28,Fraud Concern,Low,Resolved,8.6
4003370,100660,2025-09-24,Transaction Failure,High,Resolved,5.0
4003371,101338,2025-01-18,Transaction Failure,Low,Resolved,27.3
4003372,100872,2025-12-04,Transaction Failure,Medium,Resolved,10.4
4003373,101567,2025-05-03,General Query,Low,Resolved,11.1
4003374,104056,2025-09-26,Payment Dispute,Medium,Open,15.7
4003375,103172,2025-05-22,ATM Issue,Medium,Resolved,22.4
4003376,104503,2025-07-02,Card Issue,Low,Resolved,30.1
4003377,101637,2025-11-03,ATM Issue,Low,Resolved,24.3
4003378,104969,2025-01-25,Transaction Failure,Low,Resolved,23.2
4003379,103992,2025-12-08,ATM Issue,Medium,Resolved,15.5
4003380,103761,2025-09-11,Payment Dispute,Medium,Resolved,32.0
4003381,101764,2025-07-21,Account Access,Medium,Resolved,30.2
4003382,101821,2025-09-04,Fraud Concern,High,Resolved,15.9
4003383,100025,2025-05-31,ATM Issue,Low,Resolved,23.1
4003384,104631,2025-11-19,ATM Issue,High,Resolved,2.1
4003385,101705,2025-12-14,Transaction Failure,Low,Resolved,20.5
4003386,102786,2025-03-18,ATM Issue,High,Resolved,12.9
4003387,104501,2025-10-18,Payment Dispute,Medium,Resolved,25.2
4003388,102224,2025-03-02,General Query,Medium,Resolved,17.8
4003389,102628,2025-11-14,Card Issue,Medium,Resolved,36.1
4003390,100541,2025-08-13,General Query,Low,Resolved,17.5
4003391,100805,2025-10-09,Fraud Concern,Low,Resolved,9.3
4003392,100132,2025-11-04,General Query,High,Resolved,22.5
4003393,101249,2025-10-16,Account Access,Low,Resolved,15.6
4003394,101237,2025-10-12,Card Issue,Low,Resolved,18.0
4003395,103330,2025-04-21,Transaction Failure,Medium,Resolved,33.5
4003396,101338,2025-03-28,General Query,Medium,In Progress,3.8
4003397,103686,2025-12-26,General Query,High,Resolved,9.5
4003398,103520,2025-09-18,Fraud Concern,Medium,Resolved,10.7
4003399,100207,2025-11-06,Fraud Concern,Medium,In Progress,27.1
4003400,101525,2025-02-24,Account Access,Medium,Resolved,0.6
4003401,104002,2025-04-08,Transaction Failure,Low,Resolved,25.3
4003402,104883,2025-07-05,General Query,Low,Resolved,18.5
4003403,101569,2025-04-01,Payment Dispute,Medium,Resolved,17.7
4003404,101197,2025-08-29,Transaction Failure,Low,Resolved,18.3
4003405,100718,2025-08-28,Account Access,Low,Resolved,83.3
4003406,104520,2025-05-03,Account Access,Low,Resolved,22.8
4003407,103247,2025-02-17,Account Access,Low,Resolved,27.3
4003408,104996,2025-09-25,Fraud Concern,Low,Resolved,20.4
4003409,102138,2025-04-23,Fraud Concern,Medium,Resolved,1.0
4003410,100386,2025-05-05,Payment Dispute,Medium,Resolved,19.1
4003411,101868,2025-03-09,Fraud Concern,High,Resolved,18.5
4003412,100645,2025-12-27,General Query,Medium,Open,11.5
4003413,102398,2025-06-04,Account Access,Low,Resolved,14.1
4003414,101775,2025-07-05,Fraud Concern,Low,Resolved,7.0
4003415,101856,2025-03-02,Transaction Failure,Medium,Resolved,17.5
4003416,103030,2025-11-07,ATM Issue,High,Resolved,9.8
4003417,103417,2025-10-11,General Query,Low,Resolved,5.0
4003418,101321,2025-10-13,General Query,Medium,Resolved,4.9
4003419,102065,2025-08-07,Account Access,Medium,Resolved,16.4
4003420,100392,2025-08-27,Payment Dispute,Low,Resolved,14.7
4003421,103026,2025-03-02,Account Access,Critical,Resolved,14.4
4003422,100326,2025-08-03,Card Issue,Medium,Resolved,25.8
4003423,102101,2025-03-07,Transaction Failure,High,Resolved,10.9
4003424,103215,2025-04-26,Card Issue,Medium,Resolved,16.5
4003425,100361,2025-06-03,General Query,Medium,Resolved,6.7
4003426,102672,2025-06-20,Card Issue,Low,Open,11.8
4003427,100412,2025-02-02,Payment Dispute,Medium,Resolved,15.2
4003428,104262,2025-06-29,ATM Issue,Medium,Resolved,7.6
4003429,100338,2025-05-07,Account Access,Low,Resolved,3.9
4003430,101517,2025-01-24,Transaction Failure,Medium,Resolved,36.8
4003431,103863,2025-09-10,General Query,High,Resolved,27.8
4003432,102379,2025-12-25,Payment Dispute,Low,Resolved,15.3
4003433,102551,2025-05-07,Card Issue,Low,Resolved,8.3
4003434,103014,2025-12-02,General Query,Low,Resolved,20.8
4003435,101215,2025-08-14,Account Access,Low,Resolved,17.4
4003436,100416,2025-06-27,Payment Dispute,Medium,Resolved,12.9
4003437,100813,2025-01-21,Account Access,Medium,Resolved,2.3
4003438,104974,2025-01-07,Fraud Concern,Medium,Resolved,24.4
4003439,102537,2025-07-27,Card Issue,Medium,Resolved,18.7
4003440,104336,2025-10-03,General Query,Medium,Resolved,24.9
4003441,102446,2025-04-11,General Query,Low,Resolved,8.5
4003442,104451,2025-04-12,Account Access,High,Resolved,2.6
4003443,100259,2025-01-06,General Query,Medium,Resolved,3.4
4003444,104880,2025-07-26,Card Issue,Medium,Resolved,7.6
4003445,103800,2025-07-29,Transaction Failure,Medium,Resolved,3.7
4003446,104487,2025-10-16,General Query,Low,Resolved,33.8
4003447,100271,2025-06-24,General Query,Critical,Resolved,3.3
4003448,102440,2025-11-25,ATM Issue,Medium,Resolved,8.3
4003449,102007,2025-02-27,Card Issue,Low,Resolved,3.9
4003450,104749,2025-11-27,Transaction Failure,Medium,Open,24.2
4003451,102155,2025-09-04,Account Access,Medium,Resolved,43.3
4003452,101582,2025-01-13,General Query,Low,Resolved,34.7
4003453,104039,2025-08-05,ATM Issue,High,Resolved,12.9
4003454,102100,2025-11-30,ATM Issue,Medium,Resolved,16.5
4003455,103689,2025-01-22,ATM Issue,High,Resolved,8.5
4003456,102226,2025-10-06,ATM Issue,Medium,Resolved,6.0
4003457,103274,2025-08-25,Account Access,Low,Open,4.0
4003458,104635,2025-07-05,ATM Issue,High,Resolved,22.6
4003459,101270,2025-07-22,Transaction Failure,Medium,Resolved,12.6
4003460,101693,2025-05-10,Transaction Failure,Medium,Resolved,29.3
4003461,101418,2025-04-16,Transaction Failure,High,Resolved,21.8
4003462,101352,2025-10-23,Transaction Failure,Low,Resolved,35.6
4003463,101257,2025-02-21,General Query,Low,Open,8.3
4003464,103267,2025-06-02,Account Access,High,Resolved,24.0
4003465,103381,2025-04-09,Account Access,Low,Resolved,11.2
4003466,100346,2025-12-24,Transaction Failure,Low,Resolved,8.2
4003467,101148,2025-03-31,Fraud Concern,Medium,Resolved,29.0
4003468,100738,2025-09-27,Fraud Concern,Low,Resolved,4.3
4003469,103396,2025-06-02,Fraud Concern,Low,Resolved,16.2
4003470,101292,2025-02-17,Fraud Concern,Low,Resolved,18.3
4003471,104250,2025-03-06,ATM Issue,Medium,Resolved,46.0
4003472,101946,2025-04-24,Card Issue,Low,In Progress,11.1
4003473,102794,2025-03-25,Transaction Failure,Medium,Resolved,55.8
4003474,103480,2025-06-30,Payment Dispute,Low,Resolved,5.8
4003475,101007,2025-07-15,Transaction Failure,Low,Resolved,4.3
4003476,104523,2025-08-06,ATM Issue,High,Resolved,19.6
4003477,103813,2025-09-14,General Query,Medium,In Progress,11.2
4003478,103681,2025-05-12,Payment Dispute,Low,Resolved,42.4
4003479,101202,2025-07-23,Fraud Concern,Low,Resolved,21.6
4003480,101573,2025-10-13,ATM Issue,Medium,Open,19.3
4003481,104961,2025-09-10,Account Access,High,In Progress,29.0
4003482,100472,2025-02-20,Payment Dispute,Low,Resolved,17.0
4003483,104130,2025-05-13,Card Issue,High,Open,8.7
4003484,104630,2025-06-05,General Query,Medium,Open,15.0
4003485,101190,2025-07-02,ATM Issue,Critical,Resolved,59.0
4003486,100387,2025-10-25,Account Access,Critical,Resolved,13.9
4003487,103223,2025-07-19,Payment Dispute,Low,Resolved,27.2
4003488,100885,2025-05-21,General Query,Medium,Resolved,7.6
4003489,102545,2025-05-31,ATM Issue,Low,Open,5.7
4003490,104213,2025-02-08,Card Issue,High,Resolved,2.2
4003491,103556,2025-10-09,General Query,Low,Resolved,18.1
4003492,100375,2025-04-27,Card Issue,Medium,In Progress,9.4
4003493,100582,2025-06-24,General Query,Medium,Resolved,19.5
4003494,104082,2025-04-25,General Query,Low,Resolved,32.0
4003495,101550,2025-09-12,Transaction Failure,Medium,Resolved,12.8
4003496,101240,2025-04-05,ATM Issue,High,Resolved,3.8
4003497,100649,2025-03-19,Account Access,Medium,Resolved,40.4
4003498,101093,2025-08-10,General Query,Low,In Progress,11.1
4003499,103251,2025-01-02,Payment Dispute,Low,Resolved,8.3
4003500,101145,2025-02-02,Fraud Concern,Medium,Resolved,12.8
4003501,101035,2025-02-06,ATM Issue,High,Resolved,25.4
4003502,101243,2025-05-23,General Query,High,Resolved,9.1
4003503,103231,2025-07-17,Fraud Concern,Critical,Open,51.6
4003504,101384,2025-03-16,Account Access,High,Open,10.7
4003505,104164,2025-11-04,Transaction Failure,Medium,Resolved,13.7
4003506,104833,2025-02-11,Transaction Failure,High,Resolved,12.0
4003507,100008,2025-08-25,Transaction Failure,Medium,Resolved,12.7
4003508,100524,2025-01-27,Transaction Failure,Low,Resolved,5.6
4003509,104233,2025-02-23,Payment Dispute,Medium,In Progress,12.7
4003510,100103,2025-07-04,Account Access,Medium,Resolved,15.3
4003511,101676,2025-06-02,Account Access,High,Resolved,18.6
4003512,104678,2025-01-16,Transaction Failure,Medium,Resolved,1.9
4003513,101776,2025-07-06,Payment Dispute,Low,Resolved,28.6
4003514,103361,2025-02-26,General Query,Medium,Open,23.4
4003515,103883,2025-06-13,Account Access,High,In Progress,7.3
4003516,102092,2025-05-08,General Query,High,Resolved,25.3
4003517,104574,2025-11-14,Transaction Failure,Medium,Resolved,15.8
4003518,100885,2025-05-14,Transaction Failure,Low,In Progress,24.2
4003519,103642,2025-05-03,ATM Issue,High,Resolved,23.2
4003520,104497,2025-12-14,Card Issue,Low,Resolved,27.3
4003521,101025,2025-10-22,Card Issue,Low,Open,18.7
4003522,101458,2025-11-08,Fraud Concern,Medium,Resolved,12.5
4003523,100045,2025-03-13,Payment Dispute,Low,Resolved,3.6
4003524,103174,2025-12-03,Card Issue,Low,In Progress,3.8
4003525,104972,2025-06-10,General Query,Low,Resolved,45.2
4003526,100560,2025-06-10,Card Issue,Medium,Resolved,17.6
4003527,101154,2025-04-26,Fraud Concern,Low,In Progress,18.7
4003528,103919,2025-05-26,General Query,Medium,Open,5.7
4003529,100782,2025-08-28,General Query,Low,Resolved,19.4
4003530,100407,2025-08-05,Transaction Failure,Medium,Resolved,15.7
4003531,100011,2025-05-09,Fraud Concern,Medium,Resolved,15.5
4003532,103964,2025-11-26,General Query,Low,Resolved,3.1
4003533,101943,2025-05-04,General Query,Medium,Resolved,5.3
4003534,104264,2025-10-15,Account Access,Medium,Resolved,6.0
4003535,103395,2025-10-26,General Query,Medium,Resolved,6.5
4003536,103401,2025-10-31,Account Access,Medium,Resolved,30.1
4003537,100811,2025-11-07,General Query,High,Resolved,60.6
4003538,101846,2025-03-02,Payment Dispute,Low,Resolved,20.1
4003539,101562,2025-11-19,Transaction Failure,Critical,Resolved,22.8
4003540,103753,2025-10-18,Card Issue,Low,Open,14.9
4003541,100967,2025-06-09,General Query,Medium,Resolved,38.8
4003542,103188,2025-04-12,Transaction Failure,Medium,Resolved,32.7
4003543,100076,2025-07-29,Account Access,Low,Resolved,4.1
4003544,101686,2025-06-27,Payment Dispute,High,In Progress,18.2
4003545,103922,2025-02-23,General Query,Low,Resolved,19.8
4003546,103544,2025-03-05,Account Access,Low,Resolved,21.4
4003547,102015,2025-04-25,Card Issue,Critical,Resolved,11.2
4003548,101010,2025-04-15,Transaction Failure,Medium,Resolved,10.4
4003549,100054,2025-06-01,Account Access,Medium,Resolved,17.4
4003550,100713,2025-05-21,General Query,High,Open,63.5
4003551,104277,2025-02-12,General Query,Medium,Resolved,6.2
4003552,102766,2025-10-22,Card Issue,Medium,Resolved,5.5
4003553,102836,2025-06-04,Fraud Concern,Low,Resolved,40.1
4003554,103287,2025-06-27,ATM Issue,Medium,Open,14.5
4003555,100213,2025-01-09,General Query,Critical,Resolved,8.6
4003556,102965,2025-05-27,Transaction Failure,Medium,Resolved,23.5
4003557,100251,2025-07-20,Transaction Failure,Low,Resolved,13.5
4003558,100162,2025-10-23,Transaction Failure,High,Resolved,26.0
4003559,100501,2025-05-24,General Query,Low,In Progress,11.9
4003560,102775,2025-05-30,General Query,Medium,Resolved,9.7
4003561,100486,2025-09-08,General Query,High,Resolved,33.9
4003562,102749,2025-04-08,Fraud Concern,Medium,Open,20.4
4003563,101147,2025-12-15,Fraud Concern,Low,In Progress,45.9
4003564,103876,2025-11-13,Payment Dispute,Low,Resolved,25.5
4003565,100392,2025-04-15,Account Access,Low,Resolved,8.9
4003566,104098,2025-02-24,Transaction Failure,Medium,Resolved,30.8
4003567,102176,2025-06-17,ATM Issue,Low,Resolved,10.2
4003568,104969,2025-04-27,Card Issue,Medium,Resolved,18.3
4003569,104642,2025-12-18,General Query,Low,Resolved,5.0
4003570,102476,2025-07-24,Card Issue,Low,Resolved,19.6
4003571,101895,2025-04-01,Transaction Failure,Low,Resolved,10.9
4003572,102845,2025-09-11,Fraud Concern,Low,In Progress,6.6
4003573,100140,2025-12-01,General Query,Low,Resolved,12.3
4003574,101083,2025-07-04,Fraud Concern,Medium,Resolved,11.7
4003575,104839,2025-07-16,General Query,Low,Resolved,7.2
4003576,101823,2025-01-23,ATM Issue,Medium,Resolved,21.5
4003577,104286,2025-02-02,Payment Dispute,Low,Open,24.4
4003578,101298,2025-03-24,Card Issue,Medium,Resolved,11.3
4003579,103857,2025-05-11,Payment Dispute,Low,Resolved,12.7
4003580,100859,2025-07-23,Fraud Concern,Low,Resolved,18.5
4003581,104214,2025-09-28,Card Issue,Low,Resolved,4.3
4003582,102878,2025-07-21,Payment Dispute,High,Resolved,25.5
4003583,100013,2025-03-02,Card Issue,Medium,Resolved,34.0
4003584,102353,2025-04-07,General Query,Low,Resolved,5.4
4003585,104655,2025-06-02,ATM Issue,Medium,Resolved,6.8
4003586,101308,2025-01-22,Transaction Failure,High,Resolved,33.2
4003587,100351,2025-07-04,Account Access,Low,Resolved,7.0
4003588,104984,2025-04-09,General Query,Low,Resolved,26.6
4003589,101145,2025-11-22,Transaction Failure,Critical,Resolved,6.9
4003590,102880,2025-01-07,Fraud Concern,Medium,Resolved,6.8
4003591,101815,2025-06-05,Account Access,Low,Resolved,23.2
4003592,101132,2025-02-04,Account Access,Medium,Resolved,9.4
4003593,102320,2025-07-21,Card Issue,Low,Resolved,4.3
4003594,104445,2025-05-17,Payment Dispute,Low,Resolved,12.7
4003595,101697,2025-08-22,Transaction Failure,High,Resolved,2.1
4003596,102414,2025-05-11,Account Access,Medium,Resolved,16.3
4003597,103074,2025-12-06,Payment Dispute,Low,Resolved,24.8
4003598,102545,2025-08-02,Account Access,Medium,Resolved,10.2
4003599,104190,2025-06-19,Payment Dispute,Low,Resolved,13.9
4003600,102661,2025-05-30,General Query,High,Resolved,7.3
4003601,101867,2025-02-04,Card Issue,Low,Resolved,5.7
4003602,103686,2025-10-20,Transaction Failure,Medium,Open,16.6
4003603,100068,2025-10-20,Account Access,High,Resolved,9.7
4003604,104202,2025-08-16,General Query,High,Resolved,14.0
4003605,101336,2025-03-30,Fraud Concern,Medium,Resolved,4.9
4003606,101398,2025-01-31,Card Issue,High,Resolved,30.7
4003607,102726,2025-04-03,Card Issue,Medium,Resolved,35.0
4003608,104846,2025-11-02,Card Issue,High,Resolved,8.5
4003609,100703,2025-06-26,General Query,Medium,Resolved,4.5
4003610,100007,2025-05-01,General Query,Low,Open,5.2
4003611,101837,2025-03-21,General Query,Low,Resolved,7.8
4003612,103410,2025-11-08,ATM Issue,Medium,Resolved,17.1
4003613,103826,2025-05-02,Account Access,Low,Resolved,32.3
4003614,102336,2025-11-08,Transaction Failure,Medium,In Progress,8.8
4003615,102655,2025-10-16,General Query,High,Resolved,12.2
4003616,101218,2025-04-07,ATM Issue,Medium,In Progress,16.1
4003617,100327,2025-11-30,General Query,Low,Resolved,14.8
4003618,102006,2025-07-20,Transaction Failure,High,Resolved,26.3
4003619,103110,2025-07-19,ATM Issue,Medium,Resolved,5.7
4003620,102184,2025-04-18,Transaction Failure,Medium,In Progress,16.8
4003621,100804,2025-10-20,General Query,Low,Resolved,13.9
4003622,102531,2025-12-25,Transaction Failure,Medium,Resolved,3.7
4003623,102167,2025-09-26,Card Issue,Low,Resolved,9.4
4003624,101624,2025-05-04,Account Access,Low,Resolved,19.5
4003625,100799,2025-07-16,Account Access,Low,Resolved,25.6
4003626,101862,2025-05-11,ATM Issue,Low,Resolved,31.8
4003627,103798,2025-02-20,Account Access,Low,Resolved,15.1
4003628,103187,2025-03-29,Payment Dispute,Medium,Resolved,7.2
4003629,103841,2025-04-25,Payment Dispute,Low,Resolved,18.3
4003630,100515,2025-07-08,Card Issue,Medium,Resolved,24.3
4003631,100513,2025-12-25,Account Access,Medium,Resolved,6.5
4003632,102979,2025-02-28,Account Access,Medium,Resolved,8.3
4003633,104464,2025-10-19,Account Access,Low,Resolved,25.3
4003634,100880,2025-05-27,Payment Dispute,Medium,Resolved,4.6
4003635,103159,2025-12-30,Payment Dispute,High,In Progress,15.5
4003636,102225,2025-02-20,Account Access,Low,Open,43.9
4003637,100958,2025-03-05,Account Access,Medium,Resolved,7.0
4003638,104644,2025-09-25,Fraud Concern,High,Resolved,14.5
4003639,101159,2025-03-12,Fraud Concern,High,In Progress,18.8
4003640,103141,2025-03-02,Transaction Failure,Medium,Resolved,8.9
4003641,104028,2025-03-12,General Query,Low,Resolved,33.1
4003642,102205,2025-11-07,Transaction Failure,Low,Resolved,32.6
4003643,104332,2025-05-28,Transaction Failure,Medium,Resolved,12.2
4003644,100300,2025-10-09,General Query,High,Resolved,15.9
4003645,103518,2025-11-24,Transaction Failure,Low,Resolved,38.7
4003646,102563,2025-11-21,Fraud Concern,Low,Resolved,7.0
4003647,104775,2025-09-14,General Query,Medium,Resolved,33.4
4003648,104546,2025-07-06,Transaction Failure,High,Resolved,1.2
4003649,101820,2025-12-12,Fraud Concern,High,Resolved,37.7
4003650,103795,2025-06-30,Card Issue,Low,Resolved,28.8
4003651,104579,2025-09-14,Account Access,Medium,Resolved,8.3
4003652,104678,2025-06-17,Account Access,Low,Resolved,6.7
4003653,102885,2025-11-04,Card Issue,Low,Open,10.4
4003654,101083,2025-05-03,Fraud Concern,Medium,Resolved,21.5
4003655,101095,2025-01-26,Transaction Failure,Low,Resolved,17.6
4003656,101329,2025-06-19,ATM Issue,Medium,In Progress,5.2
4003657,102389,2025-02-09,Account Access,Low,In Progress,3.2
4003658,100508,2025-04-06,Payment Dispute,High,Resolved,24.7
4003659,100105,2025-09-30,Transaction Failure,Low,Resolved,24.2
4003660,100593,2025-09-27,Payment Dispute,Medium,In Progress,9.2
4003661,100440,2025-09-11,Card Issue,Medium,Resolved,12.9
4003662,103843,2025-12-17,Fraud Concern,Low,Resolved,45.9
4003663,103441,2025-09-14,General Query,High,Resolved,8.3
4003664,102175,2025-03-16,Account Access,Medium,Open,14.9
4003665,104056,2025-09-11,Payment Dispute,Low,Open,16.9
4003666,104564,2025-05-12,Account Access,Low,Resolved,4.2
4003667,104618,2025-02-13,Fraud Concern,Low,Resolved,7.8
4003668,103824,2025-07-11,General Query,Medium,Resolved,29.1
4003669,104547,2025-11-18,Card Issue,Medium,Resolved,49.4
4003670,102555,2025-05-02,Transaction Failure,Medium,Resolved,37.1
4003671,104187,2025-04-07,Card Issue,High,Resolved,24.6
4003672,104227,2025-09-27,ATM Issue,Low,Resolved,7.2
4003673,101437,2025-12-20,Fraud Concern,Medium,Resolved,13.9
4003674,103482,2025-04-01,Card Issue,Medium,Resolved,31.9
4003675,100707,2025-05-16,Fraud Concern,Low,Resolved,33.0
4003676,103725,2025-02-01,Card Issue,High,Resolved,19.7
4003677,104358,2025-11-04,General Query,Low,Resolved,4.2
4003678,100829,2025-08-25,Fraud Concern,Low,Resolved,34.3
4003679,104573,2025-07-31,General Query,Medium,Resolved,35.3
4003680,101276,2025-10-17,General Query,Low,Resolved,9.2
4003681,101825,2025-04-07,Card Issue,High,In Progress,14.1
4003682,104742,2025-03-21,Account Access,Medium,Resolved,11.7
4003683,104643,2025-07-06,Transaction Failure,Medium,Resolved,26.7
4003684,101759,2025-03-17,Transaction Failure,Medium,Open,22.4
4003685,100134,2025-02-04,Card Issue,Low,Resolved,35.5
4003686,104542,2025-02-25,Account Access,Low,In Progress,23.0
4003687,101994,2025-05-20,Account Access,High,Resolved,35.0
4003688,103362,2025-01-30,Fraud Concern,Medium,Resolved,17.1
4003689,103205,2025-10-14,General Query,Critical,Resolved,4.9
4003690,102693,2025-04-01,Payment Dispute,Low,Resolved,40.0
4003691,101376,2025-12-14,General Query,Medium,Resolved,23.3
4003692,102399,2025-01-04,ATM Issue,Medium,Resolved,11.7
4003693,101973,2025-11-20,Fraud Concern,Medium,Resolved,21.4
4003694,102288,2025-12-26,Payment Dispute,Medium,Resolved,7.2
4003695,104583,2025-07-14,Account Access,Low,Resolved,20.6
4003696,103250,2025-06-07,Transaction Failure,Low,Resolved,15.1
4003697,100247,2025-02-03,Transaction Failure,Medium,Resolved,8.4
4003698,100991,2025-05-16,Transaction Failure,Low,Resolved,3.1
4003699,102664,2025-09-03,General Query,Low,Resolved,29.1
4003700,100645,2025-01-30,Account Access,Low,Resolved,8.3
4003701,102993,2025-06-09,Fraud Concern,Low,Resolved,9.6
4003702,104094,2025-02-13,General Query,Medium,Resolved,18.6
4003703,101508,2025-05-01,Transaction Failure,Low,Resolved,4.2
4003704,100184,2025-06-18,Fraud Concern,Low,Resolved,5.4
4003705,101214,2025-05-08,Transaction Failure,Low,Resolved,36.1
4003706,103838,2025-07-10,General Query,Low,Resolved,22.3
4003707,103406,2025-10-20,Transaction Failure,High,Resolved,7.7
4003708,101236,2025-09-27,General Query,High,Resolved,8.4
4003709,104145,2025-12-11,General Query,Low,Resolved,24.4
4003710,101563,2025-04-08,Account Access,High,Resolved,6.3
4003711,103359,2025-05-08,General Query,Medium,Resolved,9.1
4003712,101845,2025-12-16,ATM Issue,High,Resolved,11.9
4003713,101288,2025-02-09,Transaction Failure,Critical,Resolved,28.6
4003714,100851,2025-04-15,Payment Dispute,Low,Resolved,19.2
4003715,102511,2025-10-27,Card Issue,Low,Resolved,2.2
4003716,100969,2025-08-26,Fraud Concern,Low,Resolved,15.5
4003717,104901,2025-12-19,General Query,Low,Open,7.4
4003718,101116,2025-02-25,ATM Issue,Medium,Resolved,19.9
4003719,102862,2025-07-22,General Query,Low,Resolved,24.0
4003720,104051,2025-11-07,Card Issue,Medium,In Progress,2.4
4003721,100806,2025-12-16,Account Access,Medium,Resolved,38.4
4003722,100304,2025-09-04,Account Access,Medium,Open,9.2
4003723,102174,2025-01-19,Account Access,Low,Resolved,19.3
4003724,103383,2025-11-03,Fraud Concern,Critical,Resolved,13.4
4003725,100982,2025-09-19,Card Issue,High,Resolved,4.9
4003726,104748,2025-11-15,Transaction Failure,Medium,Resolved,7.7
4003727,100885,2025-05-29,Account Access,High,Resolved,14.3
4003728,103142,2025-10-28,Payment Dispute,Low,Resolved,13.9
4003729,104919,2025-03-09,Fraud Concern,Medium,Resolved,31.2
4003730,101305,2025-02-10,Payment Dispute,Medium,Resolved,8.1
4003731,103052,2025-02-03,General Query,Low,Resolved,7.9
4003732,101267,2025-07-06,Card Issue,High,Resolved,30.9
4003733,103775,2025-07-05,ATM Issue,Low,Resolved,12.6
4003734,102519,2025-10-18,General Query,Medium,Open,3.2
4003735,102767,2025-08-03,Fraud Concern,Medium,Resolved,20.0
4003736,104037,2025-04-11,Card Issue,Low,Resolved,14.4
4003737,101455,2025-08-26,Card Issue,Critical,Resolved,23.3
4003738,104465,2025-10-18,Card Issue,Medium,Open,11.2
4003739,102175,2025-07-04,Card Issue,High,Resolved,10.6
4003740,103750,2025-05-24,Account Access,Low,Open,2.8
4003741,104260,2025-08-12,General Query,Low,Resolved,12.5
4003742,102576,2025-05-22,Transaction Failure,Medium,Resolved,10.6
4003743,104165,2025-08-27,Payment Dispute,Medium,Open,14.7
4003744,103295,2025-05-24,Card Issue,Medium,Open,5.1
4003745,103753,2025-04-30,Card Issue,High,In Progress,16.0
4003746,102910,2025-01-01,Fraud Concern,Low,Resolved,1.9
4003747,101292,2025-08-12,Card Issue,Low,Resolved,10.4
4003748,102358,2025-08-28,Fraud Concern,Medium,Resolved,23.5
4003749,102856,2025-06-08,Transaction Failure,Low,Resolved,1.9
4003750,104695,2025-03-15,Card Issue,Low,Resolved,41.4
4003751,100080,2025-03-09,ATM Issue,Medium,Resolved,17.5
4003752,100253,2025-12-13,Fraud Concern,Medium,Resolved,30.5
4003753,102192,2025-03-12,Transaction Failure,Medium,In Progress,20.3
4003754,102158,2025-12-07,Account Access,High,Resolved,18.2
4003755,100135,2025-06-24,Transaction Failure,Low,In Progress,5.3
4003756,100933,2025-01-28,Card Issue,Low,Resolved,33.8
4003757,102363,2025-10-19,Payment Dispute,Low,In Progress,10.0
4003758,104570,2025-08-24,Payment Dispute,Low,Resolved,2.9
4003759,102361,2025-11-23,Transaction Failure,Medium,In Progress,4.3
4003760,104044,2025-08-27,Account Access,Medium,Resolved,4.9
4003761,101263,2025-06-20,Payment Dispute,Low,Resolved,3.5
4003762,102613,2025-05-02,Transaction Failure,Low,Resolved,9.9
4003763,101443,2025-11-23,Fraud Concern,Medium,In Progress,4.2
4003764,100849,2025-10-18,General Query,High,Resolved,3.2
4003765,101952,2025-10-20,Fraud Concern,High,Resolved,6.8
4003766,103487,2025-05-26,General Query,Low,Open,2.6
4003767,104547,2025-12-09,Transaction Failure,Medium,Resolved,21.4
4003768,103708,2025-07-19,ATM Issue,Medium,Open,26.9
4003769,100808,2025-12-03,Card Issue,Medium,In Progress,14.0
4003770,103076,2025-03-31,Transaction Failure,High,In Progress,2.7
4003771,100232,2025-01-04,General Query,Medium,Resolved,8.7
4003772,104874,2025-05-30,Account Access,High,In Progress,5.8
4003773,102536,2025-05-01,ATM Issue,High,Resolved,45.2
4003774,103060,2025-04-04,General Query,Medium,Resolved,10.6
4003775,100823,2025-06-14,ATM Issue,High,Resolved,15.1
4003776,104845,2025-12-26,ATM Issue,Low,Resolved,19.5
4003777,101460,2025-02-08,Account Access,Medium,Resolved,22.3
4003778,104271,2025-05-15,Account Access,Low,Resolved,29.3
4003779,102501,2025-10-08,Transaction Failure,Low,Resolved,8.5
4003780,100571,2025-01-31,Account Access,Low,Resolved,12.4
4003781,100555,2025-08-21,Transaction Failure,Medium,Resolved,11.7
4003782,104123,2025-11-06,Payment Dispute,Medium,Resolved,8.0
4003783,101350,2025-01-03,Account Access,Medium,Open,19.9
4003784,104000,2025-02-24,General Query,Low,In Progress,10.3
4003785,104238,2025-07-16,Payment Dispute,High,Open,6.7
4003786,104073,2025-07-01,Fraud Concern,High,Resolved,16.1
4003787,104588,2025-09-22,General Query,Low,Resolved,22.6
4003788,103966,2025-11-19,General Query,Low,Resolved,17.1
4003789,101397,2025-08-31,Card Issue,Medium,Resolved,17.3
4003790,101488,2025-01-30,ATM Issue,Low,Resolved,18.3
4003791,101232,2025-11-03,Transaction Failure,High,Resolved,18.5
4003792,104836,2025-05-22,Fraud Concern,Low,Open,8.9
4003793,100199,2025-10-25,Payment Dispute,High,Resolved,25.2
4003794,103860,2025-05-17,Fraud Concern,Low,Resolved,13.3
4003795,103116,2025-11-10,Payment Dispute,Medium,Resolved,10.1
4003796,104577,2025-11-18,Payment Dispute,Low,Resolved,18.0
4003797,102930,2025-12-27,Account Access,Low,Resolved,24.6
4003798,104036,2025-03-30,Account Access,Low,Resolved,4.4
4003799,100633,2025-09-03,General Query,Low,Resolved,23.4
4003800,103246,2025-08-26,Card Issue,Low,Resolved,18.9
4003801,104546,2025-12-02,Transaction Failure,High,In Progress,43.6
4003802,104459,2025-11-20,Fraud Concern,Low,Resolved,17.7
4003803,104581,2025-08-27,General Query,Low,Resolved,9.1
4003804,102355,2025-08-28,ATM Issue,Medium,Resolved,7.5
4003805,100015,2025-10-05,Account Access,Medium,Resolved,7.2
4003806,103205,2025-06-26,General Query,Low,Resolved,26.6
4003807,102312,2025-08-11,Transaction Failure,Low,Resolved,21.7
4003808,101126,2025-05-21,Card Issue,Medium,Resolved,9.7
4003809,102200,2025-07-21,Payment Dispute,Low,Open,17.4
4003810,100152,2025-09-16,Account Access,Medium,In Progress,9.0
4003811,101848,2025-11-30,Fraud Concern,Medium,Open,53.6
4003812,102473,2025-03-06,Account Access,Low,Open,8.1
4003813,104950,2025-07-01,Fraud Concern,Low,Resolved,6.8
4003814,104838,2025-12-23,Account Access,High,Resolved,3.1
4003815,103141,2025-12-11,General Query,Medium,Resolved,3.0
4003816,104933,2025-03-25,Card Issue,High,Resolved,11.5
4003817,103923,2025-07-18,Account Access,High,Resolved,9.5
4003818,101800,2025-07-04,Payment Dispute,High,Resolved,18.1
4003819,104966,2025-05-07,ATM Issue,Medium,Resolved,12.6
4003820,104833,2025-07-17,General Query,Low,Resolved,17.5
4003821,101991,2025-10-14,Transaction Failure,High,Resolved,3.7
4003822,103936,2025-02-22,General Query,Medium,Resolved,37.5
4003823,103100,2025-02-22,Fraud Concern,Low,In Progress,34.9
4003824,103779,2025-09-26,Account Access,Medium,Resolved,48.3
4003825,101239,2025-05-09,Fraud Concern,Low,Resolved,7.0
4003826,100874,2025-02-26,Account Access,Low,Resolved,6.4
4003827,104087,2025-01-28,General Query,Medium,Resolved,21.0
4003828,103027,2025-07-04,Payment Dispute,Medium,Resolved,6.4
4003829,101000,2025-08-03,ATM Issue,Medium,Resolved,19.4
4003830,104374,2025-12-07,General Query,Low,In Progress,22.6
4003831,100012,2025-12-08,General Query,Medium,Open,15.8
4003832,101833,2025-06-08,Fraud Concern,Medium,Resolved,6.3
4003833,104740,2025-02-05,General Query,High,Resolved,15.4
4003834,100740,2025-04-24,Payment Dispute,Low,Resolved,22.8
4003835,103324,2025-03-21,Payment Dispute,Low,Resolved,8.8
4003836,103607,2025-08-27,ATM Issue,Medium,Resolved,3.4
4003837,103659,2025-11-15,Transaction Failure,Low,Resolved,36.9
4003838,104012,2025-08-18,ATM Issue,High,Resolved,20.7
4003839,104591,2025-05-16,General Query,Medium,Resolved,9.6
4003840,101179,2025-04-03,Card Issue,Low,Resolved,51.4
4003841,103948,2025-12-24,General Query,High,Open,35.0
4003842,102403,2025-05-16,Payment Dispute,Low,Resolved,11.9
4003843,100061,2025-10-20,Transaction Failure,High,Resolved,9.4
4003844,100083,2025-06-11,General Query,Low,Resolved,24.6
4003845,103195,2025-11-26,General Query,Low,Resolved,8.2
4003846,102525,2025-04-29,Transaction Failure,Medium,Resolved,28.3
4003847,102332,2025-09-23,Account Access,High,Resolved,32.0
4003848,101145,2025-05-18,Transaction Failure,Low,In Progress,43.0
4003849,104969,2025-05-31,Account Access,Low,Resolved,20.0
4003850,102517,2025-04-13,Fraud Concern,Critical,Resolved,22.5
4003851,104246,2025-06-01,General Query,Medium,Resolved,39.1
4003852,101184,2025-12-02,Fraud Concern,Low,Resolved,12.8
4003853,102459,2025-04-27,Payment Dispute,Low,Resolved,5.1
4003854,102877,2025-12-18,Transaction Failure,Low,In Progress,31.4
4003855,104474,2025-09-25,General Query,High,In Progress,14.7
4003856,101414,2025-11-20,ATM Issue,Medium,Resolved,14.2
4003857,102308,2025-08-18,General Query,High,Resolved,33.9
4003858,103464,2025-05-17,Card Issue,Low,Resolved,23.1
4003859,101740,2025-10-15,Fraud Concern,Medium,Resolved,6.2
4003860,104397,2025-03-19,Payment Dispute,Medium,Resolved,7.7
4003861,101755,2025-05-14,Payment Dispute,Medium,Resolved,18.8
4003862,102317,2025-01-03,Transaction Failure,Low,In Progress,30.2
4003863,104327,2025-11-26,Card Issue,Low,Resolved,26.5
4003864,101563,2025-06-05,Transaction Failure,Low,In Progress,11.9
4003865,103873,2025-07-19,Account Access,Medium,Resolved,14.4
4003866,103944,2025-12-22,Card Issue,High,Resolved,15.1
4003867,104963,2025-09-02,ATM Issue,Critical,Resolved,6.7
4003868,100863,2025-07-11,General Query,Low,Resolved,30.6
4003869,104915,2025-01-20,Card Issue,Low,Resolved,6.5
4003870,100903,2025-09-30,General Query,Low,Resolved,65.4
4003871,104482,2025-11-20,Fraud Concern,Medium,Resolved,8.1
4003872,103978,2025-03-22,General Query,Low,Resolved,21.1
4003873,103729,2025-10-18,Account Access,Medium,Resolved,10.6
4003874,103115,2025-01-22,General Query,Low,Resolved,13.1
4003875,102401,2025-08-21,General Query,Medium,Resolved,10.5
4003876,101007,2025-04-02,Card Issue,Medium,In Progress,14.8
4003877,101417,2025-11-03,General Query,Low,Resolved,26.8
4003878,101910,2025-06-04,Payment Dispute,Medium,Resolved,28.6
4003879,103374,2025-05-17,Payment Dispute,High,Resolved,20.2
4003880,100654,2025-11-17,Card Issue,High,Resolved,0.9
4003881,100208,2025-02-19,Payment Dispute,Low,Resolved,5.1
4003882,101856,2025-08-28,General Query,Medium,Open,19.0
4003883,102566,2025-04-22,Account Access,High,Resolved,21.4
4003884,103692,2025-09-11,ATM Issue,Medium,Resolved,2.2
4003885,104333,2025-03-16,Account Access,Low,Resolved,16.3
4003886,101855,2025-02-04,Account Access,High,Resolved,19.2
4003887,102844,2025-04-11,General Query,High,Resolved,21.4
4003888,100504,2025-08-20,Account Access,Low,Resolved,7.1
4003889,103185,2025-09-18,Card Issue,High,Resolved,19.9
4003890,103658,2025-05-05,ATM Issue,High,Resolved,25.3
4003891,104312,2025-04-18,General Query,Medium,Resolved,20.4
4003892,102076,2025-11-15,Payment Dispute,Low,Resolved,11.9
4003893,103346,2025-04-21,Transaction Failure,Medium,Open,28.6
4003894,102417,2025-12-20,Transaction Failure,Critical,Resolved,4.7
4003895,104023,2025-03-02,Card Issue,Medium,Resolved,42.8
4003896,104755,2025-09-22,General Query,Medium,Resolved,21.2
4003897,102950,2025-09-11,Fraud Concern,Critical,Resolved,19.0
4003898,102367,2025-06-13,Account Access,High,Open,58.8
4003899,102271,2025-03-05,Card Issue,Low,In Progress,13.9
4003900,102843,2025-04-30,ATM Issue,Low,Resolved,11.3
4003901,100946,2025-04-23,Transaction Failure,Medium,Resolved,14.9
4003902,102185,2025-05-07,General Query,Medium,Resolved,28.6
4003903,101659,2025-04-13,Fraud Concern,Low,Resolved,25.0
4003904,104187,2025-05-28,Fraud Concern,Medium,Resolved,24.8
4003905,101595,2025-05-14,ATM Issue,Medium,Open,24.4
4003906,101122,2025-01-18,Card Issue,Medium,In Progress,4.3
4003907,101673,2025-07-06,Payment Dispute,High,Resolved,6.5
4003908,104331,2025-09-21,General Query,High,Resolved,8.9
4003909,104052,2025-11-27,Account Access,Medium,Resolved,16.2
4003910,102109,2025-04-28,General Query,Low,Resolved,13.2
4003911,104681,2025-01-20,Transaction Failure,Low,Resolved,18.5
4003912,102562,2025-12-18,Account Access,High,Resolved,3.9
4003913,102242,2025-07-06,Card Issue,Medium,Resolved,14.8
4003914,100779,2025-08-07,General Query,Medium,Resolved,16.3
4003915,102384,2025-12-24,ATM Issue,Low,In Progress,19.7
4003916,104473,2025-09-01,General Query,Low,Open,3.9
4003917,104057,2025-01-18,Payment Dispute,High,Resolved,15.5
4003918,100304,2025-02-12,Transaction Failure,Medium,Resolved,10.3
4003919,104142,2025-01-27,General Query,Low,Resolved,16.9
4003920,102780,2025-04-13,Account Access,Medium,In Progress,26.1
4003921,102136,2025-10-04,Payment Dispute,High,Open,53.7
4003922,104380,2025-05-07,Card Issue,Medium,Resolved,3.1
4003923,100010,2025-04-28,Account Access,Medium,Open,11.2
4003924,100057,2025-04-13,Payment Dispute,Medium,Resolved,13.6
4003925,100825,2025-05-05,General Query,Medium,Resolved,38.4
4003926,103041,2025-05-02,Card Issue,Medium,Resolved,28.8
4003927,103305,2025-08-26,General Query,Low,Resolved,27.5
4003928,104332,2025-06-01,Transaction Failure,Low,Resolved,9.4
4003929,101515,2025-01-29,Card Issue,Critical,Resolved,29.4
4003930,101296,2025-09-13,Account Access,Low,Open,18.4
4003931,103208,2025-05-17,Card Issue,Low,In Progress,7.0
4003932,103897,2025-06-12,Fraud Concern,Medium,Resolved,27.6
4003933,102951,2025-03-28,Payment Dispute,High,In Progress,2.7
4003934,104576,2025-10-10,General Query,High,Resolved,24.3
4003935,104595,2025-02-11,Account Access,Low,Resolved,7.4
4003936,100777,2025-01-15,Card Issue,Medium,In Progress,18.6
4003937,101039,2025-01-19,Payment Dispute,High,Resolved,2.4
4003938,103135,2025-01-29,Transaction Failure,Medium,Resolved,39.8
4003939,104166,2025-05-28,Transaction Failure,Low,Resolved,17.0
4003940,102619,2025-12-24,Payment Dispute,Medium,Resolved,11.9
4003941,103713,2025-10-25,Account Access,Low,In Progress,16.8
4003942,104355,2025-04-13,Transaction Failure,Low,Resolved,16.5
4003943,101083,2025-07-04,Payment Dispute,Medium,Resolved,12.9
4003944,101187,2025-01-30,General Query,Medium,Resolved,17.4
4003945,104591,2025-08-02,General Query,Low,In Progress,2.3
4003946,100962,2025-01-07,General Query,Medium,Resolved,19.6
4003947,101936,2025-03-24,Fraud Concern,Low,Resolved,20.0
4003948,104868,2025-08-25,Payment Dispute,Low,Resolved,22.4
4003949,101122,2025-02-19,Card Issue,Medium,Resolved,27.0
4003950,104498,2025-01-18,Transaction Failure,Medium,Resolved,7.4
4003951,100134,2025-09-05,ATM Issue,Low,Resolved,3.3
4003952,102969,2025-07-19,Payment Dispute,High,Open,2.6
4003953,103354,2025-12-27,Payment Dispute,Medium,Resolved,7.1
4003954,100327,2025-09-28,ATM Issue,Medium,Resolved,28.9
4003955,103442,2025-08-20,ATM Issue,Medium,Resolved,36.2
4003956,100375,2025-01-14,Card Issue,Low,Resolved,3.1
4003957,103637,2025-11-26,Payment Dispute,Medium,Open,8.4
4003958,102423,2025-02-25,General Query,Low,Resolved,25.1
4003959,101172,2025-04-08,Fraud Concern,Low,Resolved,9.1
4003960,100998,2025-10-24,Transaction Failure,Low,In Progress,16.3
4003961,104489,2025-01-06,Fraud Concern,Medium,Resolved,29.5
4003962,103659,2025-04-05,Card Issue,Medium,Resolved,10.6
4003963,102003,2025-11-27,Fraud Concern,Medium,Open,32.0
4003964,102607,2025-08-22,Fraud Concern,Critical,In Progress,21.2
4003965,103242,2025-12-11,Payment Dispute,Low,Resolved,9.4
4003966,100873,2025-07-04,Transaction Failure,Medium,Resolved,14.5
4003967,103285,2025-02-06,Fraud Concern,Medium,In Progress,16.8
4003968,102625,2025-02-05,Transaction Failure,Low,Resolved,5.5
4003969,104997,2025-10-13,Transaction Failure,Low,Resolved,9.3
4003970,104000,2025-07-15,Card Issue,Low,Resolved,15.1
4003971,101000,2025-08-22,Fraud Concern,Medium,Open,25.6
4003972,100038,2025-03-03,Fraud Concern,Medium,Open,10.7
4003973,103469,2025-12-23,ATM Issue,High,Resolved,19.6
4003974,100939,2025-10-06,Fraud Concern,Medium,Open,43.6
4003975,102177,2025-10-14,General Query,Medium,Resolved,20.0
4003976,104096,2025-08-20,General Query,Low,Resolved,23.4
4003977,104919,2025-06-12,Fraud Concern,Medium,Resolved,23.2
4003978,102463,2025-04-25,Transaction Failure,Low,Open,8.7
4003979,100219,2025-03-13,Fraud Concern,Medium,Resolved,33.4
4003980,102305,2025-02-15,ATM Issue,Low,Resolved,10.3
4003981,100738,2025-08-25,Account Access,Medium,Resolved,3.4
4003982,101609,2025-01-09,Transaction Failure,Low,Resolved,11.7
4003983,101263,2025-07-25,ATM Issue,Medium,Resolved,17.7
4003984,103498,2025-05-29,Fraud Concern,Medium,Resolved,27.1
4003985,101653,2025-08-08,Card Issue,Medium,Resolved,17.7
4003986,104593,2025-03-01,Payment Dispute,Medium,Resolved,11.0
4003987,100467,2025-01-25,General Query,Low,Resolved,32.4
4003988,104578,2025-07-28,General Query,High,Resolved,12.6
4003989,104838,2025-06-12,ATM Issue,Low,Open,22.6
4003990,102059,2025-01-01,Account Access,Low,Resolved,7.7
4003991,104771,2025-05-10,Payment Dispute,Low,Resolved,5.4
4003992,102299,2025-12-21,Payment Dispute,High,Resolved,13.6
4003993,100249,2025-05-10,Card Issue,Low,In Progress,12.0
4003994,103176,2025-07-19,General Query,Medium,Resolved,8.0
4003995,104951,2025-09-12,Transaction Failure,High,Resolved,0.8
4003996,101013,2025-03-01,Fraud Concern,Low,Resolved,3.9
4003997,101850,2025-01-15,Card Issue,Low,Open,31.5
4003998,102003,2025-08-16,Payment Dispute,Medium,Open,11.7
4003999,102694,2025-02-07,General Query,Medium,Resolved,13.3
4004000,101398,2025-04-10,Transaction Failure,Low,In Progress,5.3
4004001,102138,2025-12-09,Account Access,Critical,Resolved,13.7
4004002,101842,2025-05-07,Account Access,Low,Resolved,19.4
4004003,104432,2025-11-12,Account Access,Medium,Resolved,26.5
4004004,101194,2025-09-16,Payment Dispute,High,Resolved,21.4
4004005,101988,2025-08-12,Account Access,High,Resolved,11.9
4004006,102955,2025-01-30,General Query,Low,Resolved,8.4
4004007,101920,2025-06-08,Account Access,Low,Resolved,6.7
4004008,101118,2025-10-31,Transaction Failure,Low,Resolved,40.3
4004009,100171,2025-12-10,Card Issue,Low,Resolved,3.7
4004010,103237,2025-09-15,Card Issue,Medium,Resolved,22.7
4004011,100335,2025-10-24,General Query,Medium,Resolved,23.9
4004012,104859,2025-09-02,Card Issue,Low,In Progress,5.8
4004013,103111,2025-11-17,Account Access,High,Resolved,53.8
4004014,104094,2025-10-02,Account Access,Critical,Open,14.7
4004015,102068,2025-10-16,Account Access,Critical,Resolved,16.4
4004016,100752,2025-09-02,Transaction Failure,Medium,Resolved,9.5
4004017,103132,2025-03-23,Account Access,Critical,Resolved,39.7
4004018,104121,2025-07-06,Transaction Failure,High,Resolved,12.6
4004019,100739,2025-10-16,Card Issue,Medium,Open,22.4
4004020,100530,2025-09-11,Transaction Failure,Medium,Resolved,17.2
4004021,101124,2025-07-02,Transaction Failure,Low,Resolved,10.1
4004022,104169,2025-06-13,Card Issue,Medium,Resolved,10.5
4004023,100310,2025-03-16,General Query,Medium,Resolved,11.8
4004024,100097,2025-07-15,Card Issue,Low,Open,10.4
4004025,100411,2025-11-18,Transaction Failure,Medium,In Progress,27.6
4004026,100821,2025-04-03,General Query,Medium,Resolved,6.9
4004027,102586,2025-03-19,Transaction Failure,High,Resolved,20.6
4004028,101246,2025-05-14,Fraud Concern,Medium,Resolved,7.0
4004029,103270,2025-02-10,Account Access,Medium,Open,16.9
4004030,101315,2025-02-07,Payment Dispute,Low,Resolved,14.7
4004031,103528,2025-08-28,Transaction Failure,Low,Resolved,12.5
4004032,101273,2025-12-08,ATM Issue,Low,Resolved,39.2
4004033,103551,2025-02-20,ATM Issue,Low,Resolved,11.9
4004034,102529,2025-10-07,Fraud Concern,High,Resolved,10.2
4004035,102473,2025-11-06,Card Issue,Medium,Resolved,19.8
4004036,100229,2025-08-26,General Query,Medium,Resolved,19.9
4004037,100393,2025-05-21,Transaction Failure,Low,In Progress,7.8
4004038,100506,2025-12-08,Card Issue,Low,Resolved,41.9
4004039,100054,2025-02-10,Card Issue,Low,Resolved,9.1
4004040,103977,2025-06-02,General Query,Medium,Resolved,12.3
4004041,101425,2025-09-26,Card Issue,Medium,Open,18.1
4004042,104613,2025-08-10,General Query,Medium,Resolved,21.2
4004043,103039,2025-03-06,Transaction Failure,Medium,Resolved,22.9
4004044,104737,2025-10-04,Card Issue,Medium,Open,23.4
4004045,104851,2025-09-06,Payment Dispute,Low,Open,8.1
4004046,101324,2025-03-10,Payment Dispute,Medium,Open,39.9
4004047,104097,2025-02-26,Card Issue,Low,Resolved,7.8
4004048,101986,2025-11-14,Fraud Concern,High,Resolved,21.8
4004049,103983,2025-03-14,Card Issue,Low,Open,11.5
4004050,103799,2025-04-15,Card Issue,Medium,In Progress,5.1
4004051,100104,2025-03-19,Transaction Failure,High,Resolved,33.3
4004052,102653,2025-11-06,ATM Issue,Low,Resolved,8.2
4004053,103006,2025-10-23,Card Issue,Medium,Resolved,25.8
4004054,101583,2025-11-13,Transaction Failure,Medium,Resolved,22.1
4004055,100590,2025-03-20,Account Access,High,Open,26.6
4004056,102723,2025-11-23,Account Access,Medium,Resolved,19.1
4004057,102860,2025-10-31,General Query,Low,Resolved,29.2
4004058,104025,2025-10-20,Card Issue,Medium,Open,27.7
4004059,103386,2025-07-21,Account Access,Low,Open,5.7
4004060,100013,2025-03-23,General Query,Low,Resolved,2.8
4004061,102149,2025-07-20,Account Access,Low,Resolved,2.9
4004062,100692,2025-09-01,General Query,Low,Resolved,14.0
4004063,104792,2025-10-23,Card Issue,Low,In Progress,35.7
4004064,100402,2025-12-16,Account Access,Low,Resolved,7.7
4004065,100742,2025-01-02,ATM Issue,Low,Resolved,13.4
4004066,104418,2025-12-28,Account Access,Low,Resolved,18.6
4004067,103155,2025-06-22,Payment Dispute,Low,Resolved,19.3
4004068,101445,2025-05-13,General Query,Low,Resolved,31.1
4004069,103704,2025-08-15,Card Issue,Low,Resolved,37.5
4004070,102836,2025-09-30,General Query,High,Resolved,11.2
4004071,101598,2025-06-27,Account Access,Medium,Open,35.0
4004072,101569,2025-05-14,General Query,Medium,Resolved,26.6
4004073,103402,2025-12-17,General Query,Low,Resolved,3.5
4004074,100561,2025-07-18,Payment Dispute,Low,Resolved,28.8
4004075,101724,2025-09-21,Account Access,Low,Open,25.9
4004076,100674,2025-07-14,Payment Dispute,Low,In Progress,16.6
4004077,104196,2025-08-03,Account Access,Low,Resolved,10.0
4004078,103418,2025-06-29,General Query,Low,Resolved,7.4
4004079,100584,2025-06-02,General Query,High,Resolved,9.7
4004080,102824,2025-04-20,General Query,Medium,Resolved,11.0
4004081,104507,2025-02-22,Account Access,Low,Resolved,17.0
4004082,102125,2025-10-09,General Query,High,Resolved,10.8
4004083,100490,2025-03-12,General Query,Low,Resolved,33.2
4004084,102013,2025-01-21,Transaction Failure,Medium,Resolved,28.0
4004085,101254,2025-04-06,ATM Issue,High,Resolved,19.7
4004086,100253,2025-01-29,Transaction Failure,Medium,Resolved,78.6
4004087,100566,2025-09-22,Account Access,Low,Resolved,25.8
4004088,104869,2025-03-04,General Query,Low,Resolved,4.0
4004089,103864,2025-08-09,Account Access,Medium,Resolved,9.3
4004090,101528,2025-05-02,Account Access,High,Resolved,17.7
4004091,100627,2025-08-27,Payment Dispute,Low,In Progress,26.5
4004092,101893,2025-08-28,Account Access,Medium,Resolved,30.8
4004093,104194,2025-11-15,Account Access,Low,Resolved,8.2
4004094,104970,2025-12-18,General Query,High,In Progress,42.7
4004095,101146,2025-06-29,Account Access,Low,Resolved,44.9
4004096,100782,2025-11-08,General Query,Medium,Resolved,10.1
4004097,101617,2025-06-20,Transaction Failure,High,Resolved,17.9
4004098,104586,2025-02-18,Account Access,Low,Resolved,13.5
4004099,101798,2025-10-17,Payment Dispute,Medium,In Progress,33.2
4004100,103431,2025-04-09,Fraud Concern,Medium,Resolved,18.3
4004101,102006,2025-02-24,Account Access,Medium,Resolved,26.3
4004102,102678,2025-08-15,Fraud Concern,Low,Resolved,31.6
4004103,100548,2025-08-22,Card Issue,Critical,Resolved,9.5
4004104,101923,2025-12-23,Payment Dispute,Medium,Resolved,27.9
4004105,104838,2025-03-11,General Query,Low,Resolved,9.9
4004106,103977,2025-07-24,Account Access,Low,Resolved,13.9
4004107,103322,2025-12-04,Account Access,Low,Resolved,12.5
4004108,100637,2025-10-09,General Query,Medium,Resolved,7.3
4004109,103063,2025-01-11,General Query,Medium,Resolved,29.4
4004110,100836,2025-06-17,Card Issue,Low,Resolved,11.6
4004111,102604,2025-09-06,Account Access,Medium,In Progress,18.8
4004112,103318,2025-08-01,Transaction Failure,Medium,Resolved,33.2
4004113,103402,2025-10-06,General Query,Low,Resolved,0.5
4004114,102484,2025-06-10,Fraud Concern,Low,Resolved,15.7
4004115,101391,2025-07-30,Fraud Concern,Medium,Resolved,35.6
4004116,104202,2025-06-19,Payment Dispute,Medium,In Progress,10.7
4004117,103021,2025-09-24,General Query,Low,Resolved,14.0
4004118,100764,2025-08-22,General Query,Low,Resolved,25.9
4004119,100556,2025-01-13,Card Issue,Low,Resolved,23.5
4004120,100761,2025-12-14,Payment Dispute,Medium,Resolved,6.3
4004121,102184,2025-01-19,Payment Dispute,Medium,Resolved,9.5
4004122,104906,2025-06-18,General Query,Low,Resolved,13.6
4004123,103882,2025-06-19,Card Issue,High,Resolved,45.2
4004124,100804,2025-04-24,General Query,High,Open,27.7
4004125,104436,2025-08-06,Payment Dispute,Low,Open,29.7
4004126,104915,2025-01-13,ATM Issue,Medium,Resolved,17.7
4004127,100051,2025-01-10,Payment Dispute,Medium,Resolved,7.9
4004128,103925,2025-12-30,ATM Issue,Low,Resolved,13.8
4004129,102798,2025-12-21,Card Issue,Low,Resolved,13.6
4004130,101473,2025-07-26,Transaction Failure,High,In Progress,15.0
4004131,101232,2025-02-22,General Query,Medium,Resolved,12.7
4004132,100513,2025-11-28,Transaction Failure,Low,Resolved,22.4
4004133,101380,2025-01-28,ATM Issue,Medium,In Progress,25.9
4004134,102071,2025-07-11,Transaction Failure,Medium,Resolved,16.1
4004135,100579,2025-05-18,Card Issue,Medium,Resolved,18.6
4004136,101203,2025-07-03,Transaction Failure,Low,Resolved,10.9
4004137,103490,2025-02-21,Fraud Concern,Low,Resolved,6.1
4004138,104366,2025-03-17,General Query,Medium,Resolved,2.5
4004139,100937,2025-06-04,Card Issue,Medium,Resolved,16.9
4004140,103487,2025-12-26,Payment Dispute,High,Resolved,1.1
4004141,104085,2025-01-01,Account Access,High,Resolved,18.9
4004142,104066,2025-08-26,ATM Issue,High,Resolved,36.3
4004143,101457,2025-02-27,Account Access,Medium,Resolved,13.0
4004144,100512,2025-12-25,Card Issue,Medium,Resolved,17.9
4004145,101271,2025-10-31,Fraud Concern,Low,Resolved,3.5
4004146,101569,2025-11-24,Fraud Concern,Low,Resolved,6.7
4004147,103202,2025-01-05,Fraud Concern,Medium,Resolved,7.8
4004148,102818,2025-03-17,Card Issue,Medium,Resolved,23.8
4004149,104448,2025-03-29,Account Access,Medium,Resolved,11.8
4004150,101633,2025-09-29,Card Issue,High,Resolved,8.0
4004151,101976,2025-11-21,Transaction Failure,High,Resolved,17.6
4004152,101985,2025-11-15,Transaction Failure,Critical,Resolved,30.2
4004153,103631,2025-03-20,Account Access,Critical,Resolved,21.3
4004154,102275,2025-06-15,Payment Dispute,High,Resolved,17.6
4004155,101706,2025-05-13,General Query,Medium,Resolved,27.7
4004156,104443,2025-12-19,Account Access,Medium,Resolved,31.8
4004157,102680,2025-03-02,Account Access,Low,Resolved,37.6
4004158,103774,2025-09-03,Account Access,High,Resolved,28.4
4004159,103134,2025-04-19,Card Issue,High,Resolved,36.5
4004160,102296,2025-03-07,Card Issue,Medium,Resolved,12.3
4004161,100973,2025-03-28,Fraud Concern,Medium,Resolved,17.3
4004162,103603,2025-07-07,Card Issue,Low,Resolved,13.4
4004163,101689,2025-07-26,Transaction Failure,Medium,Resolved,16.1
4004164,101968,2025-12-09,Transaction Failure,High,Open,57.0
4004165,102543,2025-09-07,ATM Issue,Medium,Resolved,10.8
4004166,100416,2025-08-22,Transaction Failure,Medium,Resolved,28.4
4004167,100681,2025-04-06,Payment Dispute,Low,Resolved,15.6
4004168,102033,2025-09-12,Transaction Failure,High,Resolved,13.8
4004169,103431,2025-10-05,Transaction Failure,Low,In Progress,13.3
4004170,100811,2025-01-17,Account Access,Low,Resolved,8.6
4004171,101360,2025-08-15,Fraud Concern,Medium,In Progress,19.1
4004172,104934,2025-05-03,Account Access,Low,In Progress,35.2
4004173,103105,2025-01-30,Transaction Failure,Medium,Resolved,30.5
4004174,101655,2025-12-12,Payment Dispute,Medium,Resolved,16.6
4004175,100895,2025-03-19,General Query,High,Resolved,2.9
4004176,102850,2025-11-10,Account Access,Medium,Resolved,23.1
4004177,104118,2025-05-25,Account Access,Medium,Resolved,21.6
4004178,101801,2025-07-15,Fraud Concern,Medium,Resolved,38.1
4004179,100470,2025-03-31,Payment Dispute,Low,Open,16.6
4004180,104334,2025-07-04,General Query,Low,Resolved,42.4
4004181,102558,2025-12-17,Card Issue,Low,Open,22.5
4004182,100343,2025-07-18,Transaction Failure,Medium,Open,6.1
4004183,101028,2025-10-09,Transaction Failure,Medium,Resolved,17.5
4004184,104506,2025-03-16,Card Issue,High,Open,10.1
4004185,103853,2025-05-16,General Query,Low,Resolved,11.1
4004186,100623,2025-05-01,Card Issue,Critical,Resolved,29.9
4004187,102326,2025-12-04,Card Issue,Medium,Resolved,29.3
4004188,104971,2025-03-09,Account Access,High,Resolved,21.1
4004189,103796,2025-10-03,General Query,Low,Open,50.7
4004190,101019,2025-07-24,Transaction Failure,Low,Resolved,7.0
4004191,101402,2025-10-29,Account Access,Low,Resolved,27.5
4004192,102143,2025-09-27,Card Issue,High,Resolved,23.5
4004193,103051,2025-07-23,Transaction Failure,Medium,Open,4.0
4004194,102999,2025-06-04,Transaction Failure,Medium,Resolved,18.8
4004195,102664,2025-03-03,Transaction Failure,Low,In Progress,33.8
4004196,103321,2025-07-18,ATM Issue,Low,Resolved,8.6
4004197,102340,2025-01-23,Transaction Failure,Critical,Resolved,8.8
4004198,101215,2025-08-29,Fraud Concern,Low,Resolved,4.5
4004199,102977,2025-11-15,Transaction Failure,Low,Resolved,3.0
4004200,102206,2025-07-16,Account Access,Low,Resolved,4.1
4004201,100440,2025-07-27,General Query,Medium,Resolved,32.1
4004202,102290,2025-04-29,Card Issue,High,In Progress,13.9
4004203,101810,2025-11-11,Account Access,Low,Resolved,6.3
4004204,100736,2025-09-05,Payment Dispute,Low,Resolved,3.1
4004205,101282,2025-10-23,Card Issue,Medium,Resolved,4.6
4004206,103331,2025-09-08,Payment Dispute,Critical,Resolved,12.0
4004207,100362,2025-02-11,Transaction Failure,Medium,Resolved,31.5
4004208,102483,2025-01-19,Account Access,Low,Resolved,10.9
4004209,101582,2025-06-06,Fraud Concern,Medium,Resolved,25.8
4004210,101426,2025-06-04,Payment Dispute,Low,Resolved,26.5
4004211,100586,2025-12-18,Transaction Failure,High,Open,9.6
4004212,101752,2025-05-09,Account Access,Low,In Progress,5.8
4004213,104245,2025-03-10,Payment Dispute,Low,Resolved,11.4
4004214,102553,2025-10-18,Transaction Failure,Low,In Progress,7.7
4004215,100726,2025-12-20,General Query,High,In Progress,6.7
4004216,104098,2025-02-28,Card Issue,Low,Resolved,14.6
4004217,101886,2025-04-08,Fraud Concern,Low,Resolved,23.5
4004218,103017,2025-02-07,Account Access,Medium,Resolved,10.4
4004219,101287,2025-11-05,ATM Issue,Low,In Progress,1.7
4004220,102967,2025-12-20,General Query,Medium,Open,18.9
4004221,103744,2025-05-18,Fraud Concern,Medium,Resolved,18.4
4004222,104978,2025-07-10,General Query,Low,Resolved,22.6
4004223,102003,2025-09-10,Payment Dispute,Low,Resolved,28.3
4004224,101510,2025-04-28,Fraud Concern,Medium,Resolved,23.4
4004225,102899,2025-12-27,Payment Dispute,Low,Resolved,20.6
4004226,101760,2025-09-07,Transaction Failure,Medium,Resolved,36.0
4004227,104819,2025-12-19,Card Issue,Low,Open,3.6
4004228,102338,2025-12-18,Fraud Concern,Low,Resolved,20.2
4004229,103156,2025-03-28,Account Access,Medium,Resolved,24.4
4004230,100605,2025-06-28,Payment Dispute,Medium,Resolved,10.4
4004231,102485,2025-10-26,ATM Issue,Low,Resolved,10.1
4004232,103330,2025-11-06,General Query,Medium,Resolved,4.9
4004233,100476,2025-03-06,ATM Issue,Medium,Resolved,15.5
4004234,104393,2025-07-29,General Query,Low,Resolved,26.8
4004235,102762,2025-08-16,General Query,Low,In Progress,6.3
4004236,103748,2025-07-11,ATM Issue,High,Resolved,21.0
4004237,102508,2025-08-23,Account Access,High,Resolved,19.2
4004238,103889,2025-12-10,General Query,Low,Resolved,30.5
4004239,101806,2025-07-02,Payment Dispute,Medium,Resolved,23.9
4004240,103607,2025-06-02,General Query,Low,Resolved,10.7
4004241,104046,2025-04-07,Payment Dispute,Medium,Resolved,7.5
4004242,103328,2025-04-22,Transaction Failure,Low,Resolved,46.6
4004243,104212,2025-12-10,ATM Issue,Low,Resolved,12.6
4004244,100606,2025-12-11,Transaction Failure,Medium,Resolved,9.2
4004245,101520,2025-06-24,Transaction Failure,Critical,Resolved,17.2
4004246,103638,2025-06-26,General Query,Medium,Resolved,8.8
4004247,100482,2025-06-14,Transaction Failure,Low,Resolved,13.7
4004248,104492,2025-07-09,Payment Dispute,Medium,Resolved,13.1
4004249,102458,2025-12-20,Account Access,Low,Resolved,29.3
4004250,104929,2025-01-12,General Query,Low,Resolved,7.6
4004251,102336,2025-04-18,Payment Dispute,Medium,Resolved,25.8
4004252,103889,2025-10-04,Fraud Concern,Medium,In Progress,20.9
4004253,101462,2025-04-05,General Query,High,Resolved,4.6
4004254,101050,2025-10-21,Payment Dispute,Medium,Resolved,18.0
4004255,104366,2025-08-04,General Query,Low,Resolved,5.9
4004256,104715,2025-01-01,Card Issue,Medium,Resolved,5.8
4004257,103772,2025-01-06,Transaction Failure,Low,Resolved,11.3
4004258,104814,2025-06-18,Transaction Failure,Medium,Resolved,8.7
4004259,100351,2025-12-31,Account Access,High,Resolved,33.4
4004260,101144,2025-07-29,Transaction Failure,Low,Open,10.4
4004261,102482,2025-03-13,General Query,High,Resolved,11.6
4004262,103351,2025-04-30,Card Issue,Low,In Progress,10.0
4004263,103995,2025-03-13,Fraud Concern,Medium,Resolved,22.2
4004264,103855,2025-10-11,General Query,High,Open,9.9
4004265,100476,2025-05-10,Card Issue,Medium,Resolved,7.3
4004266,103102,2025-06-21,ATM Issue,Low,Resolved,3.3
4004267,103502,2025-09-09,Transaction Failure,Medium,Resolved,24.2
4004268,101398,2025-05-24,Card Issue,Low,Resolved,23.5
4004269,102058,2025-10-12,Payment Dispute,Low,Resolved,28.6
4004270,103757,2025-03-17,Card Issue,Low,Resolved,5.2
4004271,103488,2025-12-24,Fraud Concern,Low,Resolved,11.2
4004272,103069,2025-11-13,Fraud Concern,High,Resolved,16.6
4004273,103665,2025-06-21,Transaction Failure,Low,Resolved,18.3
4004274,102481,2025-07-27,General Query,High,Resolved,31.4
4004275,100167,2025-11-11,Payment Dispute,Low,Resolved,10.4
4004276,100350,2025-04-02,General Query,Low,Resolved,4.3
4004277,103064,2025-07-27,Transaction Failure,Low,Resolved,26.7
4004278,100820,2025-11-25,Fraud Concern,Low,Open,21.2
4004279,100209,2025-04-20,Card Issue,Low,Open,14.8
4004280,102535,2025-04-27,Fraud Concern,Medium,Resolved,31.5
4004281,100948,2025-10-10,Payment Dispute,Medium,Resolved,7.5
4004282,100750,2025-12-27,General Query,High,Resolved,23.9
4004283,104992,2025-11-19,Card Issue,Low,Resolved,20.3
4004284,103353,2025-06-20,Transaction Failure,Low,Resolved,4.7
4004285,102350,2025-11-05,General Query,Critical,Resolved,8.0
4004286,100028,2025-11-02,Account Access,High,Resolved,33.0
4004287,104725,2025-05-31,ATM Issue,Low,Resolved,17.2
4004288,104653,2025-09-30,Payment Dispute,High,In Progress,7.7
4004289,101262,2025-09-10,Transaction Failure,Medium,Resolved,7.5
4004290,102326,2025-08-27,ATM Issue,Low,Resolved,6.9
4004291,101545,2025-05-22,General Query,Low,In Progress,26.0
4004292,100084,2025-05-08,General Query,High,Open,15.8
4004293,104041,2025-06-24,Card Issue,Low,Resolved,4.7
4004294,100361,2025-01-31,General Query,Low,Open,8.5
4004295,103010,2025-04-22,Fraud Concern,Low,Resolved,7.5
4004296,103249,2025-07-09,Transaction Failure,Medium,Resolved,27.1
4004297,103732,2025-01-13,Card Issue,Low,Resolved,13.5
4004298,100313,2025-05-16,General Query,Medium,Resolved,20.9
4004299,103057,2025-08-08,Fraud Concern,Low,Resolved,11.8
4004300,104117,2025-01-24,Card Issue,Low,Resolved,15.0
4004301,101201,2025-02-02,General Query,Critical,Resolved,10.8
4004302,102081,2025-09-29,Account Access,High,Open,15.6
4004303,101314,2025-10-25,Card Issue,Medium,Resolved,17.7
4004304,100108,2025-06-28,Card Issue,Low,Resolved,9.1
4004305,102393,2025-04-09,Transaction Failure,High,Resolved,29.6
4004306,102405,2025-11-15,Transaction Failure,High,Resolved,22.3
4004307,104245,2025-07-10,Transaction Failure,Low,Resolved,12.1
4004308,101784,2025-11-09,Card Issue,Medium,In Progress,3.4
4004309,102125,2025-01-18,Card Issue,High,In Progress,8.3
4004310,100780,2025-01-24,Fraud Concern,Medium,Resolved,21.0
4004311,101107,2025-06-29,ATM Issue,Medium,Resolved,31.8
4004312,100745,2025-07-05,ATM Issue,Critical,Resolved,18.9
4004313,104062,2025-12-23,ATM Issue,Medium,Resolved,18.1
4004314,104069,2025-08-20,ATM Issue,Medium,Open,15.3
4004315,104539,2025-11-07,Card Issue,Low,Open,10.2
4004316,100897,2025-01-16,General Query,Low,Open,17.8
4004317,100206,2025-04-29,Card Issue,Critical,In Progress,9.2
4004318,101652,2025-07-02,Card Issue,Medium,Resolved,22.2
4004319,101154,2025-09-02,General Query,Low,Resolved,12.9
4004320,101299,2025-11-12,Fraud Concern,Medium,Resolved,16.0
4004321,104929,2025-11-08,Card Issue,High,Resolved,4.2
4004322,103801,2025-04-05,Transaction Failure,Medium,In Progress,37.3
4004323,101553,2025-07-18,General Query,High,Open,29.5
4004324,100077,2025-12-31,Card Issue,Low,Resolved,13.2
4004325,102241,2025-08-28,ATM Issue,High,In Progress,23.0
4004326,104780,2025-07-26,Fraud Concern,Medium,In Progress,45.2
4004327,104392,2025-05-02,Card Issue,Medium,In Progress,14.7
4004328,100850,2025-01-15,Payment Dispute,Low,In Progress,3.4
4004329,104416,2025-01-19,General Query,High,Resolved,17.5
4004330,101608,2025-11-14,General Query,High,Open,22.6
4004331,103055,2025-05-07,ATM Issue,Low,Resolved,2.9
4004332,101164,2025-05-29,Fraud Concern,High,Resolved,35.3
4004333,101982,2025-10-14,Card Issue,Low,Resolved,13.8
4004334,103747,2025-06-24,ATM Issue,Low,Resolved,6.9
4004335,104337,2025-08-05,Transaction Failure,Medium,Resolved,3.9
4004336,103212,2025-12-29,Transaction Failure,Low,Resolved,46.9
4004337,102857,2025-10-31,Fraud Concern,Low,In Progress,9.1
4004338,102282,2025-06-13,ATM Issue,Medium,Resolved,2.2
4004339,102923,2025-11-03,ATM Issue,Medium,Resolved,23.1
4004340,102710,2025-02-24,Transaction Failure,Low,Resolved,21.0
4004341,100798,2025-01-24,Transaction Failure,Medium,Resolved,1.9
4004342,104788,2025-11-22,Payment Dispute,Medium,Resolved,8.8
4004343,101083,2025-06-13,General Query,Low,Resolved,23.5
4004344,100553,2025-09-30,Payment Dispute,Low,In Progress,8.5
4004345,100959,2025-05-06,General Query,High,Resolved,10.7
4004346,100887,2025-11-25,Card Issue,Low,Resolved,17.2
4004347,100488,2025-03-03,Transaction Failure,Low,Resolved,43.4
4004348,103414,2025-06-24,Payment Dispute,Low,Resolved,14.4
4004349,100629,2025-06-01,Card Issue,Low,Resolved,13.3
4004350,101884,2025-09-16,Account Access,Medium,Resolved,1.5
4004351,101819,2025-02-22,ATM Issue,Low,Resolved,34.3
4004352,101798,2025-09-03,General Query,Medium,Resolved,6.0
4004353,100632,2025-04-14,ATM Issue,Low,Resolved,7.4
4004354,102381,2025-09-03,Card Issue,High,Resolved,25.2
4004355,102487,2025-10-27,Fraud Concern,Medium,Resolved,7.6
4004356,103794,2025-08-25,Account Access,High,Resolved,9.9
4004357,102722,2025-02-22,Card Issue,Low,Resolved,13.8
4004358,104624,2025-03-06,Transaction Failure,Low,Resolved,47.2
4004359,102569,2025-11-29,General Query,Critical,Resolved,14.3
4004360,101906,2025-08-14,Payment Dispute,Medium,Open,26.1
4004361,100853,2025-11-10,Transaction Failure,Low,Resolved,17.0
4004362,100529,2025-10-10,ATM Issue,Low,Resolved,26.1
4004363,102692,2025-09-13,Payment Dispute,Medium,Resolved,16.7
4004364,103791,2025-04-17,Transaction Failure,Medium,Resolved,6.8
4004365,102056,2025-08-19,Transaction Failure,Low,Resolved,15.0
4004366,102956,2025-01-11,General Query,Medium,Resolved,19.5
4004367,101679,2025-01-30,Payment Dispute,Low,Resolved,21.2
4004368,103788,2025-02-13,Card Issue,Low,Resolved,21.0
4004369,101840,2025-02-20,Transaction Failure,Low,Open,7.5
4004370,104891,2025-04-29,Transaction Failure,Critical,Resolved,10.2
4004371,104245,2025-09-20,Account Access,Low,Resolved,19.2
4004372,100596,2025-01-07,ATM Issue,Low,In Progress,23.0
4004373,103681,2025-11-11,Payment Dispute,Medium,Resolved,15.5
4004374,103352,2025-07-16,General Query,High,Resolved,13.9
4004375,103769,2025-09-26,Transaction Failure,Medium,Resolved,11.4
4004376,100437,2025-05-13,General Query,Medium,Resolved,12.0
4004377,101857,2025-12-13,Transaction Failure,Low,Open,4.3
4004378,101315,2025-11-15,Payment Dispute,Low,Resolved,12.8
4004379,103591,2025-06-02,Payment Dispute,High,Resolved,21.5
4004380,104283,2025-03-08,ATM Issue,Low,Resolved,25.7
4004381,101838,2025-03-03,Card Issue,Medium,Resolved,10.8
4004382,104640,2025-05-13,General Query,Critical,Resolved,21.7
4004383,102232,2025-08-31,Transaction Failure,Low,Resolved,21.7
4004384,102554,2025-02-04,General Query,Low,Resolved,10.7
4004385,101433,2025-09-13,Payment Dispute,Medium,Resolved,30.6
4004386,104410,2025-03-11,Payment Dispute,Low,Resolved,8.2
4004387,100470,2025-08-16,General Query,High,Resolved,39.4
4004388,104828,2025-12-13,Account Access,Low,Resolved,16.5
4004389,100380,2025-01-20,Payment Dispute,High,Resolved,40.6
4004390,104911,2025-04-09,Card Issue,Medium,In Progress,28.2
4004391,103467,2025-05-07,ATM Issue,Medium,Open,29.7
4004392,102814,2025-07-26,Transaction Failure,Low,Resolved,27.0
4004393,103596,2025-10-03,Account Access,Low,Resolved,22.8
4004394,103809,2025-01-17,General Query,Critical,Open,18.5
4004395,101930,2025-10-17,ATM Issue,High,Resolved,23.8
4004396,104609,2025-01-22,Account Access,Medium,Resolved,3.3
4004397,104740,2025-09-12,General Query,Low,In Progress,4.0
4004398,104484,2025-12-17,Transaction Failure,Medium,Resolved,21.1
4004399,102534,2025-02-02,Fraud Concern,High,Resolved,38.4
4004400,100219,2025-03-30,Account Access,High,Resolved,23.4
4004401,104710,2025-06-17,Card Issue,Low,Resolved,26.6
4004402,102943,2025-10-24,ATM Issue,Low,Resolved,9.4
4004403,100013,2025-12-15,Card Issue,Low,Open,38.7
4004404,104362,2025-02-19,General Query,Medium,In Progress,3.7
4004405,103112,2025-03-15,ATM Issue,Medium,Resolved,32.1
4004406,103038,2025-04-18,Transaction Failure,Low,Resolved,8.9
4004407,102281,2025-09-29,Fraud Concern,Low,Open,8.9
4004408,102485,2025-03-03,Payment Dispute,Medium,Resolved,19.7
4004409,104754,2025-03-02,General Query,High,Resolved,7.8
4004410,102004,2025-08-10,General Query,Medium,Open,21.0
4004411,103340,2025-03-28,General Query,Low,Resolved,13.1
4004412,101287,2025-04-26,Card Issue,High,Resolved,34.9
4004413,103363,2025-09-09,Fraud Concern,Low,Resolved,1.1
4004414,102081,2025-05-17,Account Access,Low,Resolved,6.0
4004415,101843,2025-06-26,Transaction Failure,Low,Resolved,9.3
4004416,101028,2025-05-21,Card Issue,Medium,Open,6.7
4004417,102548,2025-10-21,General Query,Medium,Resolved,12.1
4004418,101182,2025-06-03,Transaction Failure,High,Resolved,20.5
4004419,101334,2025-04-25,Card Issue,Medium,Resolved,13.0
4004420,100258,2025-03-15,Transaction Failure,Low,Resolved,27.1
4004421,100648,2025-05-31,Payment Dispute,Low,Resolved,9.6
4004422,100847,2025-12-06,Payment Dispute,High,Resolved,15.9
4004423,101129,2025-02-23,Payment Dispute,Critical,Resolved,20.7
4004424,100793,2025-06-30,Payment Dispute,Medium,Resolved,9.7
4004425,104206,2025-12-15,Transaction Failure,Low,Resolved,8.9
4004426,100526,2025-03-18,General Query,Low,Resolved,42.0
4004427,100130,2025-04-26,Card Issue,Low,Resolved,37.9
4004428,102433,2025-05-15,ATM Issue,Critical,Resolved,43.5
4004429,102906,2025-01-29,Card Issue,Low,Resolved,32.6
4004430,100250,2025-03-20,General Query,Medium,Open,6.8
4004431,101273,2025-04-07,Card Issue,Medium,Resolved,18.5
4004432,104234,2025-05-24,Card Issue,Low,Resolved,2.9
4004433,104803,2025-10-25,General Query,High,In Progress,23.3
4004434,100150,2025-04-07,Payment Dispute,Low,Resolved,15.9
4004435,100120,2025-04-04,Account Access,High,Resolved,16.4
4004436,101453,2025-11-24,Fraud Concern,Medium,Resolved,21.0
4004437,103492,2025-09-14,Transaction Failure,High,Resolved,25.7
4004438,101501,2025-12-25,General Query,Critical,Resolved,13.7
4004439,103387,2025-11-02,Transaction Failure,Medium,Resolved,7.7
4004440,102379,2025-02-20,Account Access,Medium,Resolved,22.5
4004441,102951,2025-02-10,Card Issue,Low,Resolved,11.4
4004442,104980,2025-03-25,Transaction Failure,Low,Resolved,8.7
4004443,100530,2025-10-23,Fraud Concern,Critical,Resolved,6.8
4004444,101303,2025-04-16,Payment Dispute,Low,In Progress,18.5
4004445,103098,2025-09-30,Fraud Concern,Medium,Open,16.9
4004446,103749,2025-12-11,Account Access,Medium,Open,2.4
4004447,103179,2025-04-25,ATM Issue,High,Open,36.2
4004448,102283,2025-12-19,Account Access,Medium,Resolved,22.1
4004449,103232,2025-03-02,General Query,Low,Open,11.8
4004450,101444,2025-11-06,Payment Dispute,Medium,Resolved,5.4
4004451,101452,2025-02-16,Card Issue,Medium,In Progress,11.9
4004452,104692,2025-05-09,ATM Issue,Medium,Open,12.7
4004453,104575,2025-04-22,Transaction Failure,Low,Resolved,7.7
4004454,102728,2025-12-25,Payment Dispute,Low,Resolved,7.0
4004455,100240,2025-03-08,Fraud Concern,High,Resolved,16.4
4004456,104932,2025-12-09,Transaction Failure,High,Resolved,25.2
4004457,101929,2025-04-30,Transaction Failure,High,Resolved,15.0
4004458,103705,2025-06-05,Fraud Concern,Medium,Resolved,20.3
4004459,101728,2025-08-31,General Query,Medium,Resolved,21.3
4004460,102870,2025-09-24,General Query,Medium,Resolved,4.0
4004461,103387,2025-07-24,General Query,Low,Resolved,29.6
4004462,102405,2025-01-12,Payment Dispute,Medium,Open,18.1
4004463,100535,2025-07-11,ATM Issue,Low,Resolved,9.9
4004464,103715,2025-11-22,Transaction Failure,Low,Resolved,10.0
4004465,104574,2025-11-13,Transaction Failure,Medium,Resolved,11.4
4004466,103659,2025-05-12,Payment Dispute,High,Resolved,42.8
4004467,103600,2025-06-26,Card Issue,High,Resolved,12.8
4004468,102859,2025-06-30,Fraud Concern,High,Resolved,14.6
4004469,104957,2025-04-02,Account Access,High,Resolved,23.6
4004470,101148,2025-04-28,Transaction Failure,Critical,Resolved,5.4
4004471,100878,2025-08-09,ATM Issue,Low,Resolved,7.8
4004472,102310,2025-12-22,Transaction Failure,High,Resolved,4.1
4004473,101459,2025-08-31,Account Access,Medium,Resolved,2.5
4004474,104546,2025-11-18,Transaction Failure,Low,Resolved,37.2
4004475,100811,2025-09-06,Fraud Concern,Medium,In Progress,6.8
4004476,101585,2025-07-30,Transaction Failure,Low,Open,17.9
4004477,101075,2025-05-02,Account Access,High,Resolved,13.2
4004478,103663,2025-01-19,Card Issue,Low,Resolved,10.4
4004479,104922,2025-07-22,Payment Dispute,Medium,Resolved,18.6
4004480,102730,2025-09-30,Transaction Failure,Low,Resolved,3.7
4004481,104309,2025-11-15,General Query,Low,Resolved,5.7
4004482,104681,2025-06-07,General Query,Low,Resolved,14.3
4004483,100591,2025-02-16,Fraud Concern,Low,Resolved,16.9
4004484,102658,2025-05-16,Transaction Failure,Low,Resolved,6.6
4004485,101115,2025-01-28,Account Access,Medium,Resolved,10.5
4004486,101121,2025-10-27,Card Issue,Medium,In Progress,9.3
4004487,104779,2025-03-03,Transaction Failure,Medium,Resolved,28.9
4004488,102267,2025-07-27,Card Issue,Medium,Resolved,16.9
4004489,103452,2025-10-12,Account Access,Low,Resolved,20.3
4004490,103572,2025-05-11,General Query,Critical,Resolved,9.2
4004491,100172,2025-08-15,General Query,High,Resolved,42.4
4004492,102181,2025-04-18,Transaction Failure,Medium,Resolved,21.6
4004493,104700,2025-01-12,Card Issue,Low,Resolved,9.3
4004494,101638,2025-02-18,General Query,Low,Resolved,35.9
4004495,101680,2025-08-20,Payment Dispute,Medium,Resolved,32.6
4004496,104193,2025-02-01,Card Issue,Low,Resolved,29.5
4004497,100959,2025-12-25,General Query,High,Resolved,6.0
4004498,104974,2025-09-15,Payment Dispute,Low,Resolved,8.2
4004499,103107,2025-05-14,General Query,Low,In Progress,11.3
4004500,100985,2025-04-29,General Query,Medium,Resolved,17.1
4004501,100676,2025-09-14,Account Access,High,Resolved,40.6
4004502,102478,2025-09-28,Transaction Failure,Medium,Resolved,18.8
4004503,102557,2025-10-03,Card Issue,High,Resolved,8.2
4004504,104577,2025-10-06,Fraud Concern,Medium,Resolved,13.9
4004505,101089,2025-02-15,Account Access,Medium,Resolved,20.3
4004506,101894,2025-05-08,Transaction Failure,Medium,Resolved,23.8
4004507,100697,2025-12-01,Fraud Concern,Medium,Resolved,26.6
4004508,104482,2025-09-01,ATM Issue,Low,Resolved,17.3
4004509,104266,2025-06-10,Transaction Failure,Medium,Resolved,25.0
4004510,103407,2025-05-29,Payment Dispute,Low,Resolved,1.9
4004511,100585,2025-05-25,ATM Issue,Medium,Resolved,15.7
4004512,102165,2025-02-06,Transaction Failure,High,Resolved,16.1
4004513,104386,2025-05-04,Transaction Failure,Low,Resolved,16.0
4004514,101455,2025-12-18,General Query,Low,Resolved,6.3
4004515,100699,2025-02-22,Account Access,Low,Resolved,15.0
4004516,103870,2025-06-15,ATM Issue,Low,Resolved,1.2
4004517,101713,2025-03-16,Transaction Failure,Medium,Resolved,21.0
4004518,103666,2025-12-21,Fraud Concern,Low,Open,13.5
4004519,104287,2025-08-01,Account Access,Low,Resolved,15.9
4004520,104881,2025-07-15,ATM Issue,Low,Open,3.3
4004521,103937,2025-09-05,Fraud Concern,High,Open,38.3
4004522,103444,2025-07-19,General Query,Medium,Resolved,22.9
4004523,102610,2025-06-20,ATM Issue,Low,Resolved,31.5
4004524,104818,2025-05-07,Payment Dispute,High,Resolved,10.3
4004525,104017,2025-11-10,Card Issue,Low,Resolved,51.5
4004526,102536,2025-11-26,Account Access,Low,Resolved,22.1
4004527,103498,2025-04-27,ATM Issue,Low,Resolved,38.8
4004528,103453,2025-04-14,General Query,Medium,Resolved,16.9
4004529,100820,2025-12-28,Card Issue,Critical,Resolved,22.2
4004530,100861,2025-07-18,ATM Issue,High,Resolved,17.1
4004531,101070,2025-07-23,ATM Issue,High,In Progress,17.2
4004532,104350,2025-12-30,Account Access,Medium,Resolved,8.4
4004533,100794,2025-02-19,Card Issue,Low,Resolved,19.4
4004534,101466,2025-10-18,Card Issue,Critical,Resolved,15.6
4004535,100969,2025-07-31,Payment Dispute,High,Resolved,6.1
4004536,100585,2025-02-03,Card Issue,Low,Resolved,54.1
4004537,102483,2025-07-12,Payment Dispute,Low,Resolved,22.3
4004538,101739,2025-11-09,Transaction Failure,Low,Resolved,19.3
4004539,104910,2025-04-20,Fraud Concern,Medium,Open,4.8
4004540,101150,2025-03-09,Payment Dispute,High,Open,9.4
4004541,101618,2025-03-01,Card Issue,Medium,Resolved,21.4
4004542,103819,2025-02-08,Fraud Concern,Low,Resolved,9.6
4004543,104875,2025-09-28,Card Issue,Medium,Open,6.3
4004544,100894,2025-06-04,Payment Dispute,Low,Resolved,19.7
4004545,100242,2025-08-05,Account Access,Critical,Resolved,32.3
4004546,103502,2025-03-04,Card Issue,Low,Open,38.8
4004547,103567,2025-06-20,Transaction Failure,Low,Resolved,12.6
4004548,102490,2025-08-16,General Query,High,Resolved,17.4
4004549,100264,2025-02-08,Account Access,Low,Resolved,6.7
4004550,100914,2025-04-10,General Query,Low,Resolved,15.1
4004551,101201,2025-11-30,Card Issue,High,Resolved,31.7
4004552,101201,2025-06-20,Card Issue,Medium,Resolved,16.8
4004553,100183,2025-09-11,Card Issue,Low,Resolved,10.2
4004554,103535,2025-01-26,Account Access,Low,Resolved,15.8
4004555,103608,2025-05-23,Account Access,Low,Resolved,4.8
4004556,103004,2025-05-20,Transaction Failure,High,Resolved,30.5
4004557,102221,2025-05-30,General Query,High,Resolved,4.4
4004558,104444,2025-01-06,ATM Issue,Low,Resolved,42.6
4004559,104838,2025-01-31,Payment Dispute,Low,Open,10.1
4004560,103303,2025-05-15,Account Access,Low,Resolved,29.6
4004561,103520,2025-07-21,Fraud Concern,Medium,Open,24.8
4004562,104900,2025-12-07,Transaction Failure,Medium,Resolved,22.3
4004563,103885,2025-07-08,General Query,Low,Resolved,49.4
4004564,101357,2025-02-06,Card Issue,Critical,Resolved,12.5
4004565,100069,2025-02-20,General Query,Medium,Resolved,40.1
4004566,101845,2025-04-20,Account Access,Low,Resolved,49.9
4004567,100756,2025-05-15,Transaction Failure,Low,Resolved,5.7
4004568,101981,2025-12-07,ATM Issue,Low,Open,39.6
4004569,101798,2025-01-18,Card Issue,Medium,Resolved,11.9
4004570,102113,2025-09-01,General Query,High,Open,19.6
4004571,100819,2025-12-15,Payment Dispute,Low,Resolved,1.0
4004572,101000,2025-07-14,Fraud Concern,Medium,Resolved,18.5
4004573,102742,2025-06-17,Account Access,Medium,Resolved,7.9
4004574,101240,2025-08-08,Card Issue,High,Resolved,12.2
4004575,103676,2025-08-29,Transaction Failure,Critical,Resolved,7.5
4004576,101023,2025-06-11,General Query,High,Resolved,12.9
4004577,100627,2025-01-20,ATM Issue,Medium,Resolved,33.4
4004578,102792,2025-01-09,Payment Dispute,Low,Resolved,7.1
4004579,101692,2025-10-13,Account Access,Medium,Resolved,5.1
4004580,101699,2025-08-18,Transaction Failure,Low,Resolved,12.9
4004581,103693,2025-05-13,Card Issue,High,Resolved,12.0
4004582,104369,2025-10-02,Fraud Concern,Low,Resolved,3.5
4004583,101554,2025-12-03,Payment Dispute,Low,Resolved,4.1
4004584,103806,2025-08-06,Transaction Failure,Low,Resolved,33.0
4004585,103437,2025-08-26,Account Access,Low,Resolved,2.7
4004586,103619,2025-01-04,Account Access,Critical,Resolved,14.6
4004587,102377,2025-06-21,General Query,Low,Open,21.4
4004588,101012,2025-09-29,Fraud Concern,High,Resolved,18.7
4004589,100592,2025-08-07,Transaction Failure,Critical,Resolved,27.1
4004590,102592,2025-06-08,Card Issue,Critical,Resolved,29.5
4004591,103985,2025-09-16,General Query,Low,Resolved,12.3
4004592,104665,2025-02-20,Card Issue,Low,Resolved,17.0
4004593,100198,2025-01-22,Transaction Failure,High,Resolved,23.2
4004594,102190,2025-09-10,Account Access,High,Resolved,11.0
4004595,104713,2025-03-24,Transaction Failure,Low,Resolved,29.6
4004596,101904,2025-01-14,Card Issue,Medium,Open,21.2
4004597,100030,2025-05-21,Payment Dispute,Low,Resolved,2.3
4004598,102436,2025-12-18,Account Access,Low,Resolved,25.6
4004599,101956,2025-11-10,General Query,Critical,Resolved,10.3
4004600,100069,2025-03-04,Card Issue,High,Resolved,45.6
4004601,104714,2025-11-01,Transaction Failure,High,Resolved,28.5
4004602,103275,2025-05-16,General Query,Medium,Resolved,12.5
4004603,104508,2025-01-09,Transaction Failure,Medium,Resolved,17.5
4004604,103440,2025-10-02,Account Access,Low,Resolved,10.3
4004605,102046,2025-04-01,Card Issue,Low,Resolved,6.0
4004606,104522,2025-05-23,Fraud Concern,Medium,Resolved,11.8
4004607,104857,2025-04-28,Card Issue,Medium,Resolved,10.1
4004608,100927,2025-05-14,Transaction Failure,Medium,Resolved,7.0
4004609,102214,2025-10-10,General Query,High,Resolved,16.8
4004610,102645,2025-02-16,General Query,Low,Resolved,13.4
4004611,102216,2025-06-05,Fraud Concern,Low,Resolved,9.6
4004612,104324,2025-12-18,Account Access,Low,Resolved,14.6
4004613,101111,2025-09-28,ATM Issue,Low,Resolved,17.4
4004614,101012,2025-11-28,ATM Issue,High,Resolved,16.8
4004615,102540,2025-02-04,Fraud Concern,High,Resolved,13.0
4004616,101837,2025-04-12,Payment Dispute,Low,Resolved,16.3
4004617,101675,2025-05-08,ATM Issue,Medium,Resolved,5.1
4004618,103389,2025-11-13,Payment Dispute,Medium,In Progress,90.9
4004619,104370,2025-01-15,General Query,High,Resolved,22.4
4004620,100957,2025-10-03,Fraud Concern,Low,In Progress,18.1
4004621,102276,2025-11-24,Transaction Failure,High,Resolved,14.2
4004622,102909,2025-10-01,Account Access,Low,Resolved,28.0
4004623,100801,2025-01-07,Payment Dispute,Medium,Resolved,3.9
4004624,102661,2025-06-19,General Query,Low,Resolved,8.5
4004625,100702,2025-09-07,Payment Dispute,High,Resolved,14.2
4004626,103014,2025-10-31,Transaction Failure,Low,Resolved,25.2
4004627,103399,2025-07-31,Card Issue,Medium,Resolved,19.1
4004628,101155,2025-08-08,General Query,Medium,Resolved,12.6
4004629,103716,2025-02-06,General Query,Medium,In Progress,29.2
4004630,103752,2025-12-14,ATM Issue,Low,Resolved,10.4
4004631,100946,2025-09-04,Account Access,Medium,Resolved,21.9
4004632,100107,2025-01-02,Card Issue,High,Resolved,7.8
4004633,101563,2025-04-26,General Query,High,Open,8.3
4004634,103397,2025-08-16,Fraud Concern,Low,Resolved,2.1
4004635,102039,2025-12-07,Account Access,Medium,Resolved,1.9
4004636,104443,2025-12-26,Account Access,Low,Resolved,1.7
4004637,100131,2025-11-21,Account Access,Medium,Resolved,57.7
4004638,102388,2025-10-27,Transaction Failure,Low,In Progress,37.7
4004639,104807,2025-08-07,Card Issue,Medium,Open,23.7
4004640,102458,2025-08-27,Payment Dispute,Critical,Resolved,56.4
4004641,103118,2025-07-04,General Query,High,Resolved,10.9
4004642,104737,2025-09-22,General Query,Low,Resolved,5.1
4004643,104014,2025-05-04,Fraud Concern,Medium,Resolved,11.4
4004644,101224,2025-10-17,General Query,Medium,Resolved,16.8
4004645,101358,2025-08-26,Card Issue,Medium,Open,11.6
4004646,103185,2025-02-17,Card Issue,Critical,Resolved,1.2
4004647,103421,2025-09-24,General Query,High,Resolved,14.0
4004648,103910,2025-09-16,General Query,Medium,Resolved,4.4
4004649,104467,2025-09-02,General Query,Low,Resolved,6.8
4004650,103458,2025-12-28,Transaction Failure,High,Resolved,16.4
4004651,100391,2025-03-07,Transaction Failure,Medium,Resolved,9.0
4004652,104873,2025-03-16,Fraud Concern,Low,Resolved,14.9
4004653,101213,2025-12-07,Card Issue,Low,Resolved,33.8
4004654,100726,2025-03-15,Transaction Failure,Medium,In Progress,24.9
4004655,103999,2025-02-26,Transaction Failure,Low,Resolved,46.4
4004656,104455,2025-08-05,Account Access,Medium,Resolved,23.2
4004657,104742,2025-10-23,Card Issue,High,Resolved,23.8
4004658,100741,2025-07-25,Payment Dispute,Medium,Resolved,27.6
4004659,102762,2025-06-14,Card Issue,Low,Resolved,45.5
4004660,104067,2025-11-11,Payment Dispute,Low,Resolved,13.7
4004661,101534,2025-11-08,Card Issue,Low,Resolved,16.3
4004662,101795,2025-12-18,Account Access,Low,Resolved,11.3
4004663,103160,2025-01-28,Transaction Failure,High,Open,29.4
4004664,104928,2025-05-31,General Query,Medium,Resolved,2.4
4004665,103338,2025-06-29,General Query,Medium,Resolved,21.9
4004666,102230,2025-12-30,Account Access,Critical,In Progress,30.3
4004667,102770,2025-04-26,Transaction Failure,Medium,Resolved,20.1
4004668,104049,2025-05-20,Transaction Failure,Low,Resolved,15.3
4004669,104778,2025-02-28,Card Issue,Low,Resolved,13.2
4004670,100188,2025-03-14,Fraud Concern,Medium,Resolved,8.4
4004671,103272,2025-07-04,Card Issue,Medium,Resolved,3.7
4004672,100993,2025-02-22,Transaction Failure,Medium,In Progress,3.4
4004673,103938,2025-09-30,General Query,High,Open,8.5
4004674,104637,2025-02-23,Payment Dispute,Medium,Resolved,62.0
4004675,104268,2025-06-18,Account Access,Medium,Resolved,18.6
4004676,101462,2025-09-15,Card Issue,Medium,Resolved,21.7
4004677,100649,2025-12-31,Fraud Concern,Medium,Resolved,32.8
4004678,103249,2025-05-12,ATM Issue,Low,In Progress,20.5
4004679,103485,2025-06-06,Account Access,Medium,Resolved,35.4
4004680,104085,2025-02-08,General Query,Medium,Resolved,5.8
4004681,103538,2025-09-09,Transaction Failure,Low,Resolved,14.4
4004682,100961,2025-07-27,Card Issue,Low,Open,26.5
4004683,102457,2025-09-07,General Query,High,Resolved,22.3
4004684,101809,2025-10-24,Transaction Failure,Low,Resolved,10.8
4004685,104236,2025-11-20,Transaction Failure,Medium,Resolved,7.7
4004686,102479,2025-10-26,General Query,Low,Resolved,28.0
4004687,104508,2025-11-03,General Query,Medium,Resolved,14.0
4004688,100928,2025-04-25,General Query,Medium,Resolved,42.3
4004689,103544,2025-03-20,Account Access,Low,Resolved,1.4
4004690,100974,2025-04-23,Card Issue,Low,Resolved,4.5
4004691,101995,2025-08-07,ATM Issue,Medium,Resolved,5.1
4004692,104982,2025-10-31,Account Access,Low,Resolved,4.9
4004693,100791,2025-06-06,Fraud Concern,High,In Progress,25.0
4004694,103972,2025-05-02,Payment Dispute,Low,Resolved,11.2
4004695,104181,2025-06-28,Transaction Failure,Medium,Resolved,13.7
4004696,103619,2025-06-20,Fraud Concern,Medium,Resolved,53.6
4004697,100854,2025-08-18,Fraud Concern,Medium,Open,28.7
4004698,101829,2025-09-08,General Query,Low,Resolved,10.6
4004699,103496,2025-05-11,ATM Issue,Low,Resolved,13.1
4004700,104516,2025-10-14,Account Access,Low,Resolved,18.2
4004701,103064,2025-09-17,Transaction Failure,Low,Resolved,23.6
4004702,103906,2025-11-11,Payment Dispute,Low,In Progress,16.0
4004703,103408,2025-05-27,General Query,High,Resolved,22.0
4004704,100604,2025-11-03,General Query,High,Resolved,14.8
4004705,104804,2025-12-18,General Query,Low,Resolved,13.8
4004706,101649,2025-03-01,Fraud Concern,High,In Progress,21.5
4004707,102561,2025-07-03,ATM Issue,Medium,Resolved,19.0
4004708,104145,2025-09-19,Card Issue,High,Resolved,29.6
4004709,101992,2025-10-24,Card Issue,Medium,Resolved,19.2
4004710,102354,2025-11-15,Account Access,Low,Resolved,9.5
4004711,103327,2025-01-01,Account Access,Low,Resolved,25.7
4004712,102202,2025-05-14,Card Issue,Low,In Progress,17.9
4004713,104913,2025-08-15,General Query,Medium,Resolved,10.5
4004714,103912,2025-06-23,Payment Dispute,Low,Open,9.6
4004715,101376,2025-10-18,Account Access,High,Resolved,13.2
4004716,101003,2025-05-17,Account Access,Medium,Resolved,6.3
4004717,100102,2025-01-29,ATM Issue,High,In Progress,21.7
4004718,103870,2025-04-09,Card Issue,Medium,Resolved,13.9
4004719,101107,2025-01-21,ATM Issue,Medium,Resolved,1.8
4004720,101106,2025-02-14,General Query,Medium,Resolved,3.7
4004721,103576,2025-10-28,General Query,High,Resolved,5.8
4004722,100020,2025-06-07,Transaction Failure,Low,Resolved,8.5
4004723,104343,2025-12-18,Payment Dispute,Medium,Open,5.3
4004724,102597,2025-06-28,General Query,Medium,Resolved,6.7
4004725,100826,2025-09-09,Card Issue,Low,Resolved,31.2
4004726,100039,2025-04-17,Transaction Failure,Low,Resolved,3.4
4004727,100291,2025-07-14,General Query,Medium,Resolved,20.0
4004728,104983,2025-07-09,Card Issue,Medium,In Progress,23.0
4004729,100595,2025-04-01,Card Issue,High,Resolved,11.1
4004730,100052,2025-11-07,Account Access,Medium,Resolved,31.8
4004731,100047,2025-07-25,Transaction Failure,Medium,Resolved,17.3
4004732,103563,2025-06-26,Account Access,Low,Resolved,32.8
4004733,101175,2025-07-12,Payment Dispute,Low,Resolved,16.1
4004734,100102,2025-10-08,General Query,Medium,Resolved,4.6
4004735,101575,2025-08-29,Card Issue,High,Resolved,15.5
4004736,101933,2025-03-12,Account Access,High,Resolved,9.0
4004737,101676,2025-12-25,Account Access,Medium,Resolved,44.1
4004738,103884,2025-11-12,Transaction Failure,Low,Resolved,1.6
4004739,102026,2025-03-12,Transaction Failure,Medium,Resolved,18.7
4004740,104772,2025-10-29,ATM Issue,Low,Resolved,10.1
4004741,102993,2025-03-15,Payment Dispute,Medium,Resolved,32.3
4004742,102975,2025-03-02,General Query,Medium,Resolved,0.8
4004743,103599,2025-11-15,General Query,Medium,Resolved,20.0
4004744,102712,2025-01-20,Fraud Concern,Low,Resolved,11.3
4004745,103970,2025-11-11,Payment Dispute,Low,Resolved,18.4
4004746,103546,2025-05-23,Transaction Failure,Low,Resolved,8.9
4004747,103806,2025-01-25,Account Access,Low,Resolved,13.2
4004748,102209,2025-01-24,Account Access,Low,Resolved,0.5
4004749,103716,2025-02-16,Transaction Failure,Low,Resolved,41.7
4004750,103379,2025-08-27,Card Issue,Medium,Resolved,3.6
4004751,102394,2025-08-07,General Query,High,Resolved,14.3
4004752,103264,2025-01-22,Fraud Concern,Low,Resolved,2.8
4004753,103089,2025-03-25,General Query,Medium,Resolved,18.2
4004754,102703,2025-12-07,Account Access,Low,Resolved,42.8
4004755,102776,2025-10-01,General Query,Medium,Resolved,17.0
4004756,101745,2025-07-03,ATM Issue,High,In Progress,41.9
4004757,102802,2025-07-14,Transaction Failure,Medium,Resolved,23.7
4004758,103647,2025-09-11,ATM Issue,Low,Resolved,2.8
4004759,103840,2025-08-10,Account Access,Low,Resolved,22.5
4004760,103685,2025-08-22,Transaction Failure,High,In Progress,27.8
4004761,100166,2025-04-25,Fraud Concern,Low,Resolved,5.7
4004762,100028,2025-06-07,Card Issue,Medium,Resolved,29.4
4004763,100940,2025-04-24,Payment Dispute,Medium,Resolved,16.5
4004764,101687,2025-02-24,Fraud Concern,High,Resolved,12.5
4004765,101828,2025-10-29,Transaction Failure,Critical,Resolved,3.3
4004766,100883,2025-03-14,Card Issue,Medium,Resolved,37.3
4004767,101934,2025-04-22,ATM Issue,Medium,Resolved,17.4
4004768,103142,2025-08-24,Payment Dispute,Low,Resolved,13.0
4004769,100204,2025-01-17,General Query,Low,Resolved,25.1
4004770,101428,2025-08-03,General Query,High,Resolved,15.5
4004771,102600,2025-03-24,General Query,Low,Resolved,2.9
4004772,102730,2025-06-19,Transaction Failure,Low,Resolved,24.7
4004773,102925,2025-09-02,General Query,Medium,Resolved,5.4
4004774,102383,2025-02-03,Payment Dispute,Medium,Resolved,12.4
4004775,102546,2025-01-14,Card Issue,Medium,Resolved,31.4
4004776,100154,2025-08-12,Fraud Concern,High,Open,26.8
4004777,100069,2025-02-18,Card Issue,Medium,Resolved,8.2
4004778,101680,2025-05-26,Transaction Failure,Medium,Resolved,16.8
4004779,104677,2025-09-01,ATM Issue,Medium,In Progress,9.9
4004780,100730,2025-01-18,ATM Issue,High,Resolved,13.8
4004781,100164,2025-06-21,Account Access,Low,Resolved,9.9
4004782,100856,2025-07-29,Transaction Failure,Critical,Resolved,2.9
4004783,102965,2025-11-22,General Query,Low,Resolved,10.2
4004784,101939,2025-06-17,ATM Issue,High,Resolved,32.6
4004785,101125,2025-09-10,Account Access,Low,Resolved,13.4
4004786,101331,2025-08-05,Fraud Concern,Medium,Resolved,11.5
4004787,103600,2025-04-18,General Query,Medium,Resolved,14.2
4004788,103438,2025-12-31,Account Access,Medium,Resolved,9.0
4004789,100255,2025-08-14,General Query,High,In Progress,48.0
4004790,100170,2025-03-29,Fraud Concern,Medium,Resolved,26.3
4004791,104249,2025-11-30,General Query,Medium,Resolved,6.4
4004792,100335,2025-01-13,Transaction Failure,Medium,In Progress,29.6
4004793,100828,2025-11-05,Card Issue,Low,Resolved,10.0
4004794,102022,2025-06-07,Transaction Failure,Low,Resolved,26.5
4004795,104979,2025-09-30,Account Access,Low,Resolved,6.8
4004796,101264,2025-08-22,Payment Dispute,Medium,In Progress,13.2
4004797,100215,2025-07-11,General Query,Medium,Resolved,7.8
4004798,103629,2025-05-01,General Query,Medium,Resolved,8.4
4004799,101043,2025-10-14,General Query,High,Resolved,23.9
4004800,100480,2025-10-28,Card Issue,Low,Open,10.4
4004801,102376,2025-11-11,Transaction Failure,Medium,Resolved,4.6
4004802,104377,2025-04-02,Payment Dispute,High,Resolved,10.7
4004803,104775,2025-03-24,Fraud Concern,Medium,Resolved,18.6
4004804,101280,2025-11-11,Transaction Failure,High,Resolved,15.4
4004805,102750,2025-12-22,Card Issue,Low,Resolved,5.8
4004806,104705,2025-04-08,Card Issue,Medium,In Progress,15.8
4004807,104886,2025-10-06,Card Issue,High,Resolved,4.1
4004808,104118,2025-04-07,Transaction Failure,High,Resolved,5.9
4004809,104474,2025-02-22,Card Issue,High,Resolved,14.2
4004810,103752,2025-11-08,ATM Issue,Medium,Open,31.9
4004811,103514,2025-10-12,Account Access,Low,Resolved,3.0
4004812,100724,2025-01-16,General Query,Low,Resolved,25.6
4004813,102901,2025-02-01,Account Access,Medium,Resolved,9.2
4004814,102054,2025-11-19,General Query,Critical,Resolved,17.5
4004815,103431,2025-09-30,Fraud Concern,High,Resolved,2.3
4004816,102315,2025-01-09,General Query,Medium,Open,4.1
4004817,100743,2025-12-24,General Query,High,Resolved,14.4
4004818,102231,2025-10-20,General Query,High,Resolved,8.2
4004819,104248,2025-02-21,Account Access,Medium,Open,21.9
4004820,102387,2025-11-26,Card Issue,Low,Resolved,28.9
4004821,101967,2025-04-20,Card Issue,Medium,Resolved,3.9
4004822,103169,2025-12-10,Account Access,Medium,Resolved,16.6
4004823,101483,2025-11-18,Card Issue,Critical,Resolved,10.9
4004824,102610,2025-06-08,Fraud Concern,Low,Resolved,9.5
4004825,100329,2025-08-09,Fraud Concern,Low,Resolved,10.2
4004826,102030,2025-09-06,Card Issue,Medium,In Progress,10.5
4004827,101362,2025-07-16,Fraud Concern,Low,Resolved,7.8
4004828,104655,2025-06-22,Transaction Failure,Low,Resolved,31.7
4004829,100940,2025-11-30,ATM Issue,High,Resolved,1.5
4004830,104583,2025-03-10,Fraud Concern,High,Resolved,11.0
4004831,102857,2025-05-03,Transaction Failure,Low,Resolved,32.3
4004832,103800,2025-11-09,Transaction Failure,Medium,Resolved,9.9
4004833,104255,2025-04-17,General Query,Low,Resolved,3.7
4004834,104893,2025-08-12,Transaction Failure,Low,Resolved,9.2
4004835,104683,2025-12-25,Payment Dispute,High,Resolved,24.8
4004836,104311,2025-07-21,General Query,Low,Resolved,8.6
4004837,103099,2025-06-04,Fraud Concern,Medium,Resolved,33.9
4004838,104537,2025-04-12,Fraud Concern,Medium,Resolved,6.6
4004839,103087,2025-04-19,ATM Issue,Medium,Resolved,5.7
4004840,100957,2025-07-08,Transaction Failure,Medium,Open,11.8
4004841,103168,2025-05-19,Account Access,High,Open,19.2
4004842,103540,2025-01-13,Account Access,Medium,Resolved,16.7
4004843,104960,2025-10-19,General Query,Medium,Resolved,10.3
4004844,100277,2025-05-21,Account Access,Low,Open,9.4
4004845,103408,2025-05-17,General Query,Medium,Open,21.2
4004846,100219,2025-02-13,General Query,High,Resolved,8.4
4004847,103327,2025-05-03,Account Access,Low,Resolved,14.9
4004848,102774,2025-09-01,General Query,Low,In Progress,18.0
4004849,100798,2025-10-26,Card Issue,High,Resolved,16.8
4004850,103032,2025-12-26,ATM Issue,Medium,Resolved,19.9
4004851,100462,2025-03-16,General Query,Medium,Resolved,11.6
4004852,103897,2025-08-31,Fraud Concern,Low,Open,17.6
4004853,101509,2025-06-28,General Query,Low,Resolved,10.9
4004854,100181,2025-11-02,Card Issue,Low,Resolved,13.1
4004855,104712,2025-08-03,General Query,Low,Resolved,9.0
4004856,102604,2025-12-22,Fraud Concern,High,Resolved,17.5
4004857,101765,2025-10-12,Card Issue,High,Resolved,22.6
4004858,103572,2025-03-08,Transaction Failure,Low,Resolved,10.4
4004859,100882,2025-04-09,Fraud Concern,High,Resolved,10.4
4004860,104381,2025-09-01,Transaction Failure,Medium,Resolved,3.1
4004861,102641,2025-10-17,Payment Dispute,Medium,Resolved,27.4
4004862,102962,2025-10-07,Transaction Failure,High,Resolved,2.8
4004863,103889,2025-03-11,ATM Issue,Medium,Resolved,70.5
4004864,104450,2025-09-18,Payment Dispute,Medium,Resolved,4.4
4004865,101911,2025-07-05,Fraud Concern,Medium,Resolved,8.8
4004866,103723,2025-06-06,Payment Dispute,Medium,Resolved,21.1
4004867,101431,2025-02-24,Fraud Concern,Low,Resolved,13.3
4004868,101943,2025-11-18,General Query,Low,Resolved,4.9
4004869,104101,2025-07-20,General Query,Medium,Resolved,45.3
4004870,102156,2025-08-06,General Query,Medium,Resolved,35.9
4004871,104015,2025-10-24,Card Issue,Medium,Resolved,32.2
4004872,100937,2025-07-01,Payment Dispute,Critical,In Progress,30.3
4004873,100495,2025-11-23,Account Access,High,In Progress,22.4
4004874,104792,2025-05-19,Fraud Concern,Low,Resolved,16.8
4004875,100832,2025-01-12,Payment Dispute,Low,Resolved,24.9
4004876,103821,2025-09-22,Account Access,Medium,Resolved,10.0
4004877,102308,2025-12-09,Card Issue,Critical,Resolved,34.0
4004878,101831,2025-07-30,General Query,Medium,Resolved,12.1
4004879,100694,2025-01-21,Fraud Concern,Medium,Resolved,12.9
4004880,100201,2025-05-04,Transaction Failure,Low,Resolved,18.7
4004881,103906,2025-06-06,Card Issue,Critical,Resolved,20.2
4004882,102883,2025-10-16,Card Issue,Medium,Resolved,15.9
4004883,104789,2025-07-08,ATM Issue,Medium,Resolved,11.6
4004884,103891,2025-06-20,Payment Dispute,Low,In Progress,15.8
4004885,104102,2025-05-27,Payment Dispute,High,Open,28.2
4004886,101381,2025-08-06,General Query,Medium,Resolved,11.0
4004887,103500,2025-06-25,Transaction Failure,Low,Resolved,24.5
4004888,101862,2025-02-23,Card Issue,High,Resolved,23.7
4004889,102925,2025-07-31,Account Access,Low,Resolved,5.0
4004890,104985,2025-02-26,Transaction Failure,Medium,Resolved,10.6
4004891,104264,2025-01-05,General Query,High,Resolved,13.3
4004892,104194,2025-03-24,Transaction Failure,Low,Open,5.7
4004893,100265,2025-09-08,General Query,Low,Resolved,36.3
4004894,102072,2025-02-26,General Query,Critical,Resolved,23.5
4004895,102487,2025-05-18,Account Access,Low,Resolved,20.9
4004896,102116,2025-05-02,Transaction Failure,High,Resolved,55.9
4004897,104206,2025-01-14,Transaction Failure,Medium,Resolved,20.5
4004898,100345,2025-10-20,Account Access,High,Resolved,3.1
4004899,103309,2025-11-02,Payment Dispute,Medium,Resolved,14.5
4004900,101361,2025-02-24,Transaction Failure,High,Resolved,60.0
4004901,102104,2025-04-07,Payment Dispute,Low,Open,49.1
4004902,102270,2025-05-07,General Query,Low,Resolved,26.1
4004903,104825,2025-11-28,Account Access,Medium,Resolved,3.1
4004904,102057,2025-07-09,Account Access,High,Resolved,24.6
4004905,102008,2025-01-02,General Query,Low,Resolved,50.5
4004906,103192,2025-01-05,General Query,Low,Resolved,14.0
4004907,102951,2025-12-27,Account Access,Medium,Resolved,40.4
4004908,102767,2025-04-04,ATM Issue,Low,Resolved,5.9
4004909,104753,2025-03-04,General Query,Low,Resolved,16.1
4004910,104587,2025-07-17,Payment Dispute,Low,Resolved,39.0
4004911,104592,2025-02-16,Transaction Failure,Low,In Progress,16.9
4004912,104814,2025-10-11,General Query,Medium,Resolved,14.2
4004913,102322,2025-08-31,Payment Dispute,Medium,In Progress,19.7
4004914,102307,2025-10-05,Account Access,Medium,Resolved,16.0
4004915,102445,2025-04-07,Payment Dispute,Low,Resolved,4.7
4004916,102235,2025-11-28,Payment Dispute,Low,Resolved,11.6
4004917,101284,2025-06-04,Transaction Failure,Low,In Progress,13.9
4004918,103068,2025-02-01,Transaction Failure,Medium,Resolved,38.3
4004919,100205,2025-08-22,General Query,Medium,In Progress,25.0
4004920,103022,2025-02-09,Fraud Concern,Low,Resolved,8.3
4004921,102269,2025-08-07,Account Access,Medium,In Progress,22.6
4004922,103213,2025-02-07,General Query,Low,Resolved,12.6
4004923,104084,2025-09-23,General Query,High,Resolved,35.4
4004924,101992,2025-04-16,Fraud Concern,Medium,Resolved,15.4
4004925,103258,2025-03-07,Account Access,Medium,Resolved,12.6
4004926,103092,2025-04-17,Transaction Failure,Low,Resolved,27.5
4004927,103323,2025-03-14,General Query,Medium,Resolved,5.1
4004928,104854,2025-02-03,Card Issue,Low,Resolved,48.8
4004929,100756,2025-03-15,Payment Dispute,Medium,Resolved,12.7
4004930,102415,2025-12-07,Payment Dispute,Low,Resolved,5.0
4004931,102456,2025-11-21,Card Issue,Low,Resolved,27.9
4004932,100116,2025-11-26,Payment Dispute,Low,Resolved,24.9
4004933,102870,2025-07-19,General Query,Medium,Resolved,6.0
4004934,100743,2025-04-15,Payment Dispute,Low,Resolved,3.3
4004935,101460,2025-12-26,Account Access,High,Resolved,4.5
4004936,104363,2025-01-26,Fraud Concern,Medium,Resolved,20.7
4004937,102849,2025-10-25,ATM Issue,Medium,Resolved,9.1
4004938,104833,2025-12-06,Fraud Concern,Medium,Resolved,29.2
4004939,103398,2025-06-04,General Query,Medium,Resolved,8.6
4004940,101539,2025-02-16,Account Access,Low,Resolved,11.7
4004941,103153,2025-10-28,Account Access,Medium,Resolved,18.8
4004942,103207,2025-10-31,Card Issue,Medium,Resolved,21.5
4004943,104138,2025-06-30,Account Access,Low,Resolved,14.3
4004944,102897,2025-05-28,Fraud Concern,Medium,Resolved,5.4
4004945,102647,2025-06-10,Transaction Failure,High,Resolved,18.9
4004946,104426,2025-08-21,Transaction Failure,Low,Resolved,20.6
4004947,102582,2025-08-14,ATM Issue,High,Resolved,16.5
4004948,102269,2025-07-02,Fraud Concern,Medium,In Progress,25.9
4004949,103373,2025-06-18,Card Issue,Low,In Progress,8.3
4004950,104192,2025-08-13,Payment Dispute,High,Resolved,7.6
4004951,101129,2025-01-10,General Query,Medium,Resolved,21.1
4004952,101186,2025-05-31,Fraud Concern,Medium,Resolved,47.2
4004953,104872,2025-12-19,Payment Dispute,Medium,Resolved,15.9
4004954,102599,2025-03-26,Account Access,Medium,Resolved,3.9
4004955,100801,2025-11-22,General Query,Medium,Resolved,20.2
4004956,101030,2025-07-27,Transaction Failure,Low,Resolved,10.5
4004957,101002,2025-08-17,General Query,Medium,Resolved,37.6
4004958,103691,2025-09-20,General Query,Low,Resolved,9.4
4004959,102778,2025-06-07,General Query,Low,In Progress,3.3
4004960,104985,2025-08-12,Payment Dispute,Medium,Resolved,12.9
4004961,104493,2025-08-22,Card Issue,Low,Resolved,23.3
4004962,100708,2025-07-17,General Query,Medium,Resolved,6.6
4004963,102973,2025-01-16,Transaction Failure,High,Resolved,4.2
4004964,103594,2025-02-06,Account Access,Medium,Resolved,47.2
4004965,104804,2025-04-21,Fraud Concern,Medium,Resolved,4.3
4004966,104128,2025-01-01,General Query,High,Resolved,45.2
4004967,101050,2025-12-25,ATM Issue,Medium,Resolved,12.8
4004968,100690,2025-12-16,Account Access,Low,Open,27.7
4004969,100264,2025-12-27,Account Access,Low,Resolved,21.3
4004970,100363,2025-05-04,Account Access,Medium,Resolved,79.7
4004971,101974,2025-02-04,Account Access,Medium,Resolved,20.3
4004972,104254,2025-08-02,Account Access,Low,Resolved,13.8
4004973,100704,2025-06-25,General Query,Low,In Progress,60.2
4004974,102588,2025-04-09,Fraud Concern,Low,Resolved,19.9
4004975,101191,2025-11-21,Transaction Failure,Medium,Resolved,11.6
4004976,101521,2025-11-28,Transaction Failure,Medium,In Progress,24.1
4004977,103673,2025-10-11,General Query,Medium,Resolved,21.4
4004978,100206,2025-05-18,Transaction Failure,Low,Resolved,18.3
4004979,100065,2025-05-13,Transaction Failure,Low,Resolved,24.8
4004980,104581,2025-11-08,Transaction Failure,Low,Resolved,13.9
4004981,101397,2025-04-26,Card Issue,Low,Resolved,8.0
4004982,102871,2025-02-25,General Query,High,Resolved,10.0
4004983,104176,2025-10-31,Transaction Failure,High,Resolved,18.0
4004984,100280,2025-07-03,ATM Issue,High,Resolved,32.3
4004985,102940,2025-01-16,Payment Dispute,Medium,Resolved,12.1
4004986,102150,2025-04-10,Account Access,Low,Open,16.8
4004987,101627,2025-12-25,Transaction Failure,Medium,Resolved,11.0
4004988,103334,2025-08-01,Payment Dispute,Low,In Progress,19.2
4004989,104516,2025-04-02,General Query,Medium,Resolved,12.3
4004990,103123,2025-11-11,ATM Issue,Medium,Resolved,16.8
4004991,104009,2025-11-22,ATM Issue,Critical,Resolved,22.5
4004992,101206,2025-09-13,Fraud Concern,High,Resolved,16.5
4004993,103480,2025-09-27,General Query,High,Resolved,8.8
4004994,103877,2025-04-07,Transaction Failure,Medium,Resolved,6.8
4004995,103219,2025-10-08,Account Access,Critical,Resolved,15.9
4004996,103877,2025-04-07,General Query,Medium,Resolved,8.1
4004997,100256,2025-03-02,Account Access,High,Resolved,10.6
4004998,100455,2025-02-13,Transaction Failure,Low,Resolved,12.0
4004999,104872,2025-08-04,Account Access,High,Resolved,10.2
4005000,102232,2025-12-26,Fraud Concern,Critical,Resolved,12.4
4005001,101116,2025-02-04,Card Issue,Medium,Resolved,40.2
4005002,101822,2025-05-06,Transaction Failure,Medium,Resolved,11.2
4005003,103259,2025-06-19,General Query,Low,Resolved,2.4
4005004,102393,2025-01-22,Transaction Failure,High,Resolved,12.6
4005005,102525,2025-08-21,Fraud Concern,High,Resolved,28.2
4005006,100867,2025-09-05,Transaction Failure,Medium,Resolved,12.4
4005007,104814,2025-12-06,Card Issue,Low,Open,39.6
4005008,102763,2025-08-02,Transaction Failure,High,Resolved,19.9
4005009,103772,2025-07-22,Transaction Failure,Medium,Resolved,8.2
4005010,100447,2025-08-04,Card Issue,Low,Resolved,12.3
4005011,102180,2025-11-19,Card Issue,Critical,Resolved,17.3
4005012,104521,2025-12-03,General Query,High,Resolved,32.7
4005013,102505,2025-05-15,Fraud Concern,Medium,Resolved,11.7
4005014,102107,2025-05-12,General Query,Low,Resolved,18.8
4005015,100730,2025-08-18,General Query,Low,Resolved,6.1
4005016,101384,2025-05-22,Fraud Concern,Low,In Progress,6.4
4005017,104172,2025-08-03,ATM Issue,Low,Resolved,26.8
4005018,101595,2025-02-28,Transaction Failure,Medium,In Progress,15.9
4005019,103127,2025-03-22,Transaction Failure,High,Resolved,9.4
4005020,100158,2025-05-02,Card Issue,Low,Resolved,17.9
4005021,103093,2025-12-02,Transaction Failure,Low,Resolved,11.7
4005022,103745,2025-11-26,ATM Issue,High,Open,2.3
4005023,100975,2025-02-20,General Query,Low,Resolved,21.0
4005024,102055,2025-09-11,General Query,Low,Resolved,5.7
4005025,100966,2025-11-04,Payment Dispute,Medium,Resolved,11.7
4005026,102957,2025-01-12,Transaction Failure,Medium,Resolved,10.9
4005027,101989,2025-06-13,General Query,High,Resolved,29.9
4005028,101768,2025-08-28,Fraud Concern,Medium,Resolved,13.1
4005029,104677,2025-06-30,Card Issue,Low,Resolved,5.1
4005030,103471,2025-12-14,General Query,Low,Resolved,9.9
4005031,103777,2025-06-15,Account Access,Medium,Resolved,10.3
4005032,101815,2025-09-16,General Query,High,Resolved,12.5
4005033,100210,2025-09-01,ATM Issue,Medium,Resolved,25.4
4005034,104605,2025-03-06,Card Issue,Low,In Progress,9.3
4005035,103946,2025-12-21,Card Issue,Medium,Resolved,16.7
4005036,102927,2025-10-25,Account Access,Medium,In Progress,12.5
4005037,101809,2025-05-04,ATM Issue,Medium,Open,8.3
4005038,103536,2025-04-02,Card Issue,Low,Open,11.8
4005039,102907,2025-12-25,General Query,Medium,Resolved,4.5
4005040,103709,2025-10-13,Transaction Failure,Medium,Resolved,2.0
4005041,104696,2025-04-10,Account Access,Critical,Open,8.2
4005042,101697,2025-01-09,Transaction Failure,Medium,Resolved,12.9
4005043,100836,2025-06-01,Card Issue,Medium,Resolved,3.6
4005044,101681,2025-02-01,Card Issue,High,Resolved,26.8
4005045,104831,2025-04-26,ATM Issue,Low,Resolved,23.8
4005046,102210,2025-01-05,Fraud Concern,Low,Resolved,27.5
4005047,102469,2025-10-14,Card Issue,Low,Resolved,15.7
4005048,103226,2025-10-04,Transaction Failure,Low,Resolved,9.6
4005049,104601,2025-12-31,ATM Issue,Low,Resolved,10.1
4005050,102377,2025-12-20,Transaction Failure,High,Resolved,24.4
4005051,103402,2025-11-27,Account Access,Critical,Resolved,40.7
4005052,102539,2025-06-25,Card Issue,Low,Resolved,27.3
4005053,100455,2025-04-21,Payment Dispute,High,Resolved,8.6
4005054,102123,2025-04-13,Transaction Failure,Medium,Resolved,24.5
4005055,102980,2025-07-25,Fraud Concern,High,Resolved,28.9
4005056,101607,2025-07-09,Account Access,Medium,Resolved,13.2
4005057,101142,2025-07-28,General Query,Low,Resolved,13.8
4005058,101440,2025-10-11,General Query,Medium,Resolved,10.4
4005059,103118,2025-11-11,Card Issue,Low,Resolved,19.3
4005060,102280,2025-06-26,Account Access,Medium,In Progress,15.3
4005061,100839,2025-09-26,Account Access,Medium,Resolved,7.4
4005062,102181,2025-04-23,Account Access,High,Resolved,2.6
4005063,101310,2025-10-01,General Query,Low,Resolved,12.3
4005064,100281,2025-01-17,General Query,Medium,Resolved,5.5
4005065,102749,2025-08-20,General Query,Medium,Resolved,24.1
4005066,103951,2025-08-14,ATM Issue,High,Resolved,3.1
4005067,102104,2025-10-29,General Query,High,Resolved,8.7
4005068,103112,2025-03-31,Payment Dispute,Low,Resolved,14.3
4005069,101815,2025-06-17,Transaction Failure,Low,In Progress,18.4
4005070,102504,2025-11-12,Transaction Failure,Medium,Open,6.8
4005071,101236,2025-06-26,Account Access,High,Open,23.4
4005072,104980,2025-03-03,General Query,Medium,Resolved,55.5
4005073,100420,2025-09-17,ATM Issue,Low,Resolved,18.7
4005074,100119,2025-03-08,General Query,Medium,Resolved,7.0
4005075,102012,2025-10-03,Account Access,Low,Resolved,2.9
4005076,100738,2025-12-15,Card Issue,Medium,Resolved,1.2
4005077,100877,2025-10-11,ATM Issue,Medium,Open,3.8
4005078,100987,2025-04-19,ATM Issue,High,Resolved,17.3
4005079,102813,2025-01-04,Transaction Failure,High,Resolved,14.8
4005080,103637,2025-01-12,Transaction Failure,High,Resolved,52.9
4005081,104231,2025-11-17,General Query,Medium,Resolved,4.1
4005082,100644,2025-03-30,Transaction Failure,Critical,Resolved,12.6
4005083,100183,2025-06-10,Payment Dispute,Medium,Resolved,26.0
4005084,103799,2025-05-17,General Query,High,Open,13.4
4005085,102115,2025-01-02,Fraud Concern,Low,Resolved,43.1
4005086,101959,2025-10-15,Transaction Failure,Low,Resolved,9.5
4005087,104022,2025-10-23,Transaction Failure,High,Resolved,11.5
4005088,103807,2025-09-06,General Query,Low,In Progress,3.3
4005089,100225,2025-04-08,Transaction Failure,Low,Resolved,7.5
4005090,104587,2025-06-17,Account Access,Medium,Resolved,15.8
4005091,104976,2025-06-12,Card Issue,Critical,Resolved,44.8
4005092,103764,2025-09-16,Account Access,Low,Resolved,9.5
4005093,103613,2025-03-30,Account Access,Medium,In Progress,5.4
4005094,104733,2025-07-25,Transaction Failure,High,Resolved,21.7
4005095,101065,2025-09-24,ATM Issue,Medium,Resolved,16.2
4005096,100827,2025-12-13,Transaction Failure,Medium,Resolved,8.8
4005097,102390,2025-05-10,Account Access,Medium,Resolved,27.7
4005098,103351,2025-03-24,Fraud Concern,Medium,Resolved,10.6
4005099,102072,2025-11-19,Account Access,Low,Resolved,1.4
4005100,104569,2025-01-30,General Query,High,Resolved,13.8
4005101,104671,2025-11-12,Account Access,Low,Resolved,29.2
4005102,104240,2025-11-29,Transaction Failure,Low,Resolved,11.6
4005103,102027,2025-11-04,General Query,Low,Resolved,33.4
4005104,100089,2025-02-15,ATM Issue,High,Resolved,6.7
4005105,100885,2025-02-12,General Query,Medium,Open,19.8
4005106,103852,2025-01-21,Card Issue,Critical,Resolved,51.0
4005107,101931,2025-09-23,Transaction Failure,Low,Resolved,19.5
4005108,103185,2025-07-13,Account Access,Medium,Resolved,51.9
4005109,102173,2025-08-24,Transaction Failure,Low,Open,10.0
4005110,100165,2025-09-02,Payment Dispute,High,Open,21.3
4005111,102820,2025-10-08,General Query,Low,Resolved,13.4
4005112,101960,2025-12-10,Payment Dispute,Low,Resolved,35.3
4005113,102365,2025-03-07,General Query,Medium,In Progress,10.9
4005114,104094,2025-06-09,Transaction Failure,Medium,In Progress,37.0
4005115,104610,2025-04-25,Payment Dispute,Low,Open,5.2
4005116,102386,2025-11-13,Transaction Failure,Medium,Resolved,20.7
4005117,104149,2025-11-15,Card Issue,Low,Resolved,46.4
4005118,103425,2025-06-20,Fraud Concern,Medium,Resolved,12.6
4005119,102833,2025-12-17,Transaction Failure,Low,Resolved,16.9
4005120,101763,2025-07-23,Fraud Concern,Medium,Resolved,13.9
4005121,103042,2025-01-14,Card Issue,Medium,In Progress,3.6
4005122,103184,2025-04-11,Payment Dispute,Medium,Resolved,6.5
4005123,104069,2025-09-03,Card Issue,Medium,Resolved,36.2
4005124,101502,2025-03-19,Fraud Concern,Low,Open,10.7
4005125,100238,2025-07-15,ATM Issue,Low,Open,14.7
4005126,103191,2025-09-28,Fraud Concern,Low,Resolved,12.0
4005127,101638,2025-02-26,Account Access,Medium,Resolved,2.7
4005128,103937,2025-03-22,Card Issue,High,Resolved,5.2
4005129,102179,2025-07-10,Fraud Concern,Low,Open,11.8
4005130,103348,2025-04-04,ATM Issue,High,Resolved,9.5
4005131,101673,2025-12-30,Card Issue,High,Resolved,10.2
4005132,104283,2025-12-09,Card Issue,Medium,Resolved,10.4
4005133,104703,2025-12-05,Fraud Concern,Low,Resolved,38.9
4005134,100224,2025-11-16,ATM Issue,Medium,Open,66.2
4005135,102078,2025-06-08,Payment Dispute,Low,Resolved,22.5
4005136,104545,2025-05-23,Account Access,Medium,Resolved,4.2
4005137,101964,2025-12-02,Account Access,High,Resolved,5.6
4005138,101953,2025-02-06,General Query,Medium,Resolved,15.7
4005139,100510,2025-03-06,Fraud Concern,Medium,Open,26.2
4005140,100332,2025-09-17,Account Access,Low,In Progress,41.7
4005141,104534,2025-11-22,Payment Dispute,Medium,Resolved,7.9
4005142,102732,2025-09-17,Account Access,Medium,Resolved,12.2
4005143,103363,2025-03-25,Transaction Failure,High,In Progress,26.4
4005144,101100,2025-10-23,ATM Issue,Medium,Open,31.9
4005145,103952,2025-08-17,Fraud Concern,Medium,Resolved,12.1
4005146,104629,2025-09-01,Payment Dispute,Low,Resolved,8.8
4005147,102755,2025-02-19,Transaction Failure,High,In Progress,13.9
4005148,102449,2025-06-21,Account Access,Critical,Resolved,20.2
4005149,103736,2025-07-21,Account Access,High,Resolved,52.2
4005150,100080,2025-05-10,ATM Issue,Medium,Resolved,36.5
4005151,101341,2025-03-30,Card Issue,Medium,Resolved,30.1
4005152,104020,2025-08-20,Card Issue,Critical,Resolved,53.3
4005153,100078,2025-09-23,Account Access,Medium,Open,12.1
4005154,102408,2025-06-04,Card Issue,Medium,Open,26.1
4005155,100232,2025-02-16,Fraud Concern,High,Resolved,12.0
4005156,101774,2025-12-24,Payment Dispute,High,Resolved,5.2
4005157,103148,2025-06-09,General Query,Low,In Progress,18.4
4005158,102408,2025-03-12,General Query,Medium,Open,20.5
4005159,101519,2025-02-23,Card Issue,Critical,Resolved,8.1
4005160,102043,2025-04-06,Account Access,Medium,Resolved,21.8
4005161,101194,2025-02-23,ATM Issue,High,Resolved,11.1
4005162,103566,2025-05-17,Card Issue,Low,Open,5.3
4005163,102314,2025-01-18,Fraud Concern,Low,Resolved,22.6
4005164,101768,2025-06-04,Transaction Failure,Low,Resolved,10.1
4005165,100937,2025-03-23,Transaction Failure,Medium,Resolved,13.2
4005166,101655,2025-11-29,Fraud Concern,Medium,Resolved,16.5
4005167,104064,2025-11-27,Card Issue,Medium,Open,22.5
4005168,100338,2025-12-06,Card Issue,Medium,Resolved,60.3
4005169,104350,2025-03-06,Transaction Failure,Medium,Resolved,13.4
4005170,101678,2025-11-06,Account Access,Critical,Resolved,7.5
4005171,102651,2025-05-27,Transaction Failure,Low,In Progress,13.2
4005172,100145,2025-05-01,ATM Issue,Medium,In Progress,42.0
4005173,102886,2025-04-25,Payment Dispute,Low,Resolved,16.1
4005174,103016,2025-03-20,Transaction Failure,High,In Progress,18.8
4005175,100393,2025-12-27,Fraud Concern,Medium,Open,15.5
4005176,102844,2025-05-02,General Query,Medium,Resolved,27.6
4005177,100316,2025-10-16,General Query,High,Open,20.7
4005178,100957,2025-01-18,General Query,Medium,Resolved,8.5
4005179,104610,2025-10-30,Fraud Concern,Low,Resolved,6.6
4005180,101729,2025-04-21,Card Issue,High,Resolved,13.1
4005181,101141,2025-03-05,General Query,Low,Resolved,18.0
4005182,104895,2025-08-05,Transaction Failure,Low,Resolved,31.7
4005183,102149,2025-05-25,Account Access,Medium,Resolved,16.3
4005184,101846,2025-08-29,General Query,Medium,Resolved,6.6
4005185,101135,2025-08-03,Card Issue,Low,Open,22.8
4005186,102847,2025-10-16,Transaction Failure,Low,Resolved,39.9
4005187,104199,2025-04-22,Fraud Concern,Medium,Resolved,4.7
4005188,101834,2025-02-28,General Query,Low,Resolved,31.4
4005189,101226,2025-07-26,Payment Dispute,Low,In Progress,10.8
4005190,103516,2025-08-09,Account Access,Medium,Open,1.4
4005191,101557,2025-09-05,Payment Dispute,Medium,In Progress,19.0
4005192,100442,2025-11-19,General Query,Low,Resolved,9.1
4005193,102746,2025-11-29,General Query,Medium,Open,7.4
4005194,103425,2025-04-08,General Query,Medium,Resolved,12.6
4005195,100141,2025-08-31,Card Issue,Critical,Resolved,12.8
4005196,100365,2025-03-26,General Query,High,Resolved,8.0
4005197,104364,2025-01-24,Card Issue,Low,Resolved,8.3
4005198,102008,2025-10-10,Fraud Concern,Medium,Resolved,4.6
4005199,104843,2025-10-20,Payment Dispute,Low,Open,18.6
4005200,100091,2025-04-02,Transaction Failure,High,In Progress,28.4
4005201,104472,2025-09-08,Transaction Failure,Medium,Resolved,17.1
4005202,100218,2025-07-09,General Query,High,Resolved,19.1
4005203,100581,2025-02-02,General Query,High,Resolved,25.0
4005204,104269,2025-01-23,Card Issue,High,In Progress,16.0
4005205,102197,2025-04-13,Transaction Failure,Low,Resolved,30.9
4005206,101245,2025-08-23,ATM Issue,Medium,Resolved,15.3
4005207,103561,2025-01-31,Transaction Failure,Medium,Resolved,9.6
4005208,102837,2025-02-25,Account Access,Medium,Resolved,14.4
4005209,103605,2025-05-21,Payment Dispute,High,Resolved,9.7
4005210,104627,2025-08-02,ATM Issue,Medium,Resolved,11.6
4005211,100608,2025-03-11,Account Access,Low,Resolved,35.9
4005212,100397,2025-10-06,General Query,Medium,Open,6.8
4005213,102414,2025-09-06,General Query,Low,Open,25.5
4005214,102020,2025-03-30,Payment Dispute,High,In Progress,11.2
4005215,101017,2025-02-27,Payment Dispute,Low,Resolved,13.9
4005216,104959,2025-03-25,Transaction Failure,High,Resolved,8.5
4005217,104069,2025-11-03,General Query,Low,Resolved,14.8
4005218,102155,2025-02-06,Fraud Concern,Medium,Resolved,8.0
4005219,100764,2025-11-20,Fraud Concern,Low,Resolved,21.4
4005220,104667,2025-02-24,Card Issue,Medium,Resolved,22.1
4005221,102751,2025-01-14,Payment Dispute,Low,Resolved,14.3
4005222,100120,2025-03-10,Payment Dispute,Medium,Resolved,4.0
4005223,101409,2025-02-19,Transaction Failure,Medium,Resolved,17.1
4005224,101694,2025-05-23,Transaction Failure,Low,Resolved,10.1
4005225,101464,2025-01-23,General Query,Medium,Resolved,62.7
4005226,104882,2025-09-02,Transaction Failure,Medium,Resolved,30.3
4005227,101258,2025-05-09,Card Issue,High,Resolved,26.0
4005228,100129,2025-04-24,Account Access,Low,Resolved,19.2
4005229,101970,2025-11-15,ATM Issue,Medium,Resolved,11.7
4005230,101084,2025-04-11,Fraud Concern,Medium,Resolved,14.1
4005231,102878,2025-06-21,Payment Dispute,Medium,Resolved,16.2
4005232,101630,2025-07-31,Account Access,Low,Resolved,7.9
4005233,100644,2025-12-12,General Query,High,In Progress,28.5
4005234,104859,2025-02-23,Transaction Failure,High,Resolved,7.9
4005235,102629,2025-02-22,Account Access,Low,Resolved,3.6
4005236,100932,2025-11-24,Fraud Concern,Low,Resolved,6.1
4005237,101844,2025-05-15,Card Issue,Low,Resolved,23.3
4005238,104720,2025-05-19,Account Access,High,Resolved,7.1
4005239,102168,2025-07-11,ATM Issue,Medium,Resolved,7.2
4005240,100873,2025-04-13,Fraud Concern,Low,Resolved,10.4
4005241,101519,2025-04-02,Card Issue,Low,Open,22.0
4005242,102552,2025-06-07,Fraud Concern,Low,In Progress,24.3
4005243,104674,2025-05-23,ATM Issue,Medium,Resolved,15.3
4005244,101450,2025-10-11,Account Access,High,Resolved,30.1
4005245,102360,2025-11-01,Transaction Failure,Medium,Resolved,25.8
4005246,100713,2025-07-03,Payment Dispute,Medium,Resolved,22.9
4005247,100347,2025-11-08,Account Access,Medium,Resolved,17.1
4005248,104173,2025-12-21,Card Issue,Medium,Resolved,8.3
4005249,103491,2025-06-07,Fraud Concern,Low,Open,11.2
4005250,104499,2025-09-03,Card Issue,Low,Resolved,14.0
4005251,101142,2025-11-01,General Query,Low,Resolved,44.1
4005252,102251,2025-08-21,Card Issue,Low,Resolved,8.0
4005253,102233,2025-01-06,Payment Dispute,High,In Progress,3.1
4005254,103023,2025-02-12,Account Access,Low,Resolved,7.4
4005255,103068,2025-09-30,ATM Issue,Medium,Resolved,11.8
4005256,101047,2025-04-18,General Query,Low,Resolved,18.1
4005257,101468,2025-05-22,General Query,Medium,Resolved,7.0
4005258,103392,2025-06-03,Card Issue,Medium,Resolved,25.0
4005259,102517,2025-12-31,ATM Issue,Low,Resolved,25.3
4005260,103204,2025-04-30,Card Issue,Medium,Resolved,30.2
4005261,100226,2025-12-21,Transaction Failure,Low,In Progress,47.9
4005262,101184,2025-02-06,Transaction Failure,High,Resolved,13.6
4005263,103823,2025-09-12,Transaction Failure,Medium,Resolved,50.3
4005264,100677,2025-11-28,ATM Issue,Low,Resolved,3.2
4005265,103523,2025-01-22,General Query,Medium,Resolved,9.8
4005266,104758,2025-09-02,ATM Issue,Low,Open,13.0
4005267,100326,2025-04-20,General Query,Low,Resolved,22.4
4005268,103712,2025-06-11,General Query,Low,Resolved,25.8
4005269,101224,2025-04-25,Card Issue,High,Resolved,21.6
4005270,100770,2025-06-08,Transaction Failure,Medium,Resolved,10.6
4005271,101467,2025-03-09,Card Issue,Medium,Open,14.9
4005272,104300,2025-08-08,General Query,Low,Resolved,24.8
4005273,100978,2025-07-06,Transaction Failure,Medium,Resolved,16.0
4005274,100986,2025-06-06,Transaction Failure,Medium,Resolved,17.2
4005275,100373,2025-05-06,Account Access,Medium,Open,10.4
4005276,104124,2025-03-26,Transaction Failure,Medium,Resolved,0.6
4005277,103817,2025-08-22,Payment Dispute,Medium,Resolved,8.6
4005278,104566,2025-06-29,Transaction Failure,Medium,Resolved,16.3
4005279,101208,2025-04-24,Card Issue,Low,Resolved,3.6
4005280,104869,2025-03-18,Fraud Concern,High,Open,5.1
4005281,101006,2025-11-28,General Query,Medium,Resolved,14.3
4005282,102538,2025-01-12,Fraud Concern,Medium,Resolved,29.9
4005283,104201,2025-02-14,ATM Issue,Medium,Resolved,32.2
4005284,103444,2025-03-28,Account Access,Low,Open,1.2
4005285,104090,2025-10-31,General Query,Medium,Resolved,17.3
4005286,104709,2025-06-25,Payment Dispute,Low,Resolved,5.7
4005287,104103,2025-06-30,Transaction Failure,High,Resolved,30.8
4005288,104659,2025-09-06,Payment Dispute,Low,Resolved,10.3
4005289,103201,2025-09-27,Transaction Failure,Critical,Resolved,11.6
4005290,102601,2025-10-26,Payment Dispute,High,Resolved,19.5
4005291,104165,2025-10-07,Transaction Failure,Medium,Resolved,26.2
4005292,104675,2025-03-30,Account Access,Low,Resolved,9.6
4005293,101623,2025-09-18,Account Access,Low,Resolved,12.5
4005294,104335,2025-08-01,General Query,Medium,Resolved,3.6
4005295,103600,2025-05-20,ATM Issue,Medium,Resolved,6.2
4005296,101299,2025-12-28,Transaction Failure,Medium,Resolved,34.0
4005297,102791,2025-12-22,ATM Issue,High,Resolved,2.1
4005298,102106,2025-01-03,ATM Issue,Low,Resolved,34.9
4005299,103556,2025-01-07,Fraud Concern,Medium,Resolved,18.9
4005300,101142,2025-02-25,Card Issue,Medium,Open,17.7
4005301,104489,2025-03-22,Transaction Failure,Medium,Resolved,25.9
4005302,101980,2025-12-07,Card Issue,High,Resolved,11.3
4005303,101661,2025-05-27,Transaction Failure,Medium,Resolved,18.8
4005304,100874,2025-03-09,Account Access,Medium,Resolved,20.1
4005305,103867,2025-12-18,Account Access,Medium,Resolved,33.0
4005306,102730,2025-04-27,Account Access,Medium,Resolved,26.6
4005307,102222,2025-07-18,Transaction Failure,High,Resolved,9.2
4005308,101331,2025-09-25,Card Issue,Low,Resolved,15.4
4005309,104510,2025-09-05,Fraud Concern,Low,Resolved,12.6
4005310,101918,2025-09-28,ATM Issue,Low,Resolved,17.6
4005311,100554,2025-11-17,ATM Issue,Medium,Resolved,16.8
4005312,102948,2025-10-13,ATM Issue,Medium,Open,7.4
4005313,101950,2025-11-18,Payment Dispute,Low,Resolved,11.2
4005314,100419,2025-09-15,ATM Issue,Medium,Resolved,29.8
4005315,100940,2025-11-08,Payment Dispute,Medium,Resolved,23.3
4005316,101470,2025-05-19,Account Access,Critical,Resolved,10.7
4005317,103342,2025-02-24,General Query,Low,Resolved,9.5
4005318,103485,2025-04-01,Card Issue,Low,Resolved,19.4
4005319,103485,2025-02-06,Account Access,High,Open,12.5
4005320,101297,2025-08-13,Payment Dispute,Low,Resolved,23.8
4005321,103061,2025-10-11,ATM Issue,Medium,Resolved,27.5
4005322,104191,2025-11-17,General Query,High,Resolved,37.8
4005323,104226,2025-01-18,Account Access,High,Resolved,28.3
4005324,100515,2025-02-02,Fraud Concern,Low,Resolved,4.8
4005325,102945,2025-11-30,Account Access,High,Resolved,7.6
4005326,100435,2025-04-20,General Query,Low,Resolved,5.0
4005327,102926,2025-09-14,Card Issue,Low,Resolved,13.3
4005328,101356,2025-11-01,Card Issue,Medium,Resolved,1.8
4005329,104202,2025-03-25,Fraud Concern,Low,Resolved,7.4
4005330,103250,2025-11-14,ATM Issue,Medium,Resolved,24.4
4005331,103718,2025-05-08,Transaction Failure,Low,Resolved,1.5
4005332,103480,2025-03-30,Payment Dispute,Low,Open,13.6
4005333,102134,2025-05-19,General Query,Medium,Resolved,17.4
4005334,103127,2025-02-15,General Query,Medium,Resolved,12.0
4005335,102144,2025-12-01,Card Issue,High,Resolved,28.4
4005336,103660,2025-12-15,Fraud Concern,High,In Progress,19.5
4005337,102919,2025-06-12,Payment Dispute,Medium,Resolved,23.2
4005338,101559,2025-02-27,Transaction Failure,Critical,Resolved,20.0
4005339,100941,2025-11-08,Card Issue,Medium,Resolved,20.8
4005340,103015,2025-09-20,Card Issue,Medium,In Progress,46.1
4005341,103278,2025-10-25,ATM Issue,Medium,Open,6.0
4005342,103116,2025-05-27,Account Access,High,Resolved,5.8
4005343,102953,2025-01-29,Account Access,Low,In Progress,27.8
4005344,102560,2025-09-28,Account Access,Medium,Resolved,11.5
4005345,102627,2025-02-15,Payment Dispute,Low,Resolved,19.8
4005346,104474,2025-08-08,General Query,Medium,In Progress,10.7
4005347,104744,2025-10-05,Fraud Concern,High,Open,23.2
4005348,101917,2025-10-08,Card Issue,Low,Resolved,10.4
4005349,102745,2025-05-26,General Query,High,Open,19.7
4005350,100692,2025-10-25,ATM Issue,Low,Resolved,32.9
4005351,100446,2025-11-16,General Query,Low,Resolved,6.2
4005352,100217,2025-07-21,Account Access,Medium,Resolved,21.1
4005353,102740,2025-05-27,General Query,Medium,Resolved,15.3
4005354,100562,2025-03-08,Account Access,Low,Open,48.8
4005355,103613,2025-07-16,General Query,High,Resolved,18.8
4005356,100368,2025-12-02,Fraud Concern,High,Resolved,2.5
4005357,101745,2025-08-13,General Query,Medium,Resolved,14.0
4005358,104727,2025-06-05,General Query,Medium,Open,13.0
4005359,104471,2025-10-13,General Query,Low,Resolved,9.7
4005360,104833,2025-12-29,Fraud Concern,Medium,Resolved,13.2
4005361,103628,2025-01-13,Account Access,Medium,Resolved,11.8
4005362,103508,2025-05-17,Payment Dispute,Low,In Progress,9.6
4005363,100695,2025-11-23,General Query,Low,Resolved,17.7
4005364,101055,2025-11-22,General Query,Low,In Progress,20.4
4005365,101737,2025-02-08,Account Access,Low,Resolved,9.7
4005366,101316,2025-11-28,Card Issue,High,Resolved,7.9
4005367,101114,2025-02-23,Transaction Failure,Medium,Resolved,23.3
4005368,102986,2025-02-14,Account Access,Low,Open,55.6
4005369,100029,2025-11-29,General Query,Low,Resolved,21.9
4005370,101299,2025-04-27,Account Access,Low,Open,1.4
4005371,103195,2025-11-08,ATM Issue,Low,Resolved,20.0
4005372,100590,2025-12-22,ATM Issue,Low,Resolved,54.4
4005373,102568,2025-01-16,Payment Dispute,Medium,Resolved,26.3
4005374,100959,2025-03-06,General Query,Low,Resolved,9.7
4005375,104419,2025-08-11,Fraud Concern,High,Resolved,50.0
4005376,103458,2025-10-22,Transaction Failure,Medium,Resolved,1.7
4005377,100702,2025-06-01,ATM Issue,Medium,Resolved,43.3
4005378,104478,2025-09-04,ATM Issue,Low,Resolved,14.0
4005379,101976,2025-02-13,Transaction Failure,Medium,Resolved,24.8
4005380,100012,2025-08-30,Transaction Failure,Low,Resolved,14.5
4005381,100924,2025-04-15,Transaction Failure,Low,Resolved,32.0
4005382,101377,2025-06-23,General Query,Medium,Resolved,7.2
4005383,100581,2025-03-28,Account Access,Low,Open,16.7
4005384,101690,2025-02-18,ATM Issue,Medium,Resolved,3.8
4005385,104103,2025-07-15,ATM Issue,Low,Resolved,24.9
4005386,104478,2025-09-28,General Query,Medium,Resolved,30.6
4005387,101181,2025-02-21,Payment Dispute,Medium,Open,12.7
4005388,104253,2025-09-29,ATM Issue,Medium,Resolved,12.5
4005389,100739,2025-02-17,Fraud Concern,Medium,Resolved,27.4
4005390,102619,2025-04-03,Card Issue,Medium,Resolved,31.0
4005391,101545,2025-08-12,Transaction Failure,Critical,Open,4.8
4005392,100467,2025-05-14,Card Issue,Medium,In Progress,10.2
4005393,100712,2025-09-12,ATM Issue,Medium,Resolved,12.7
4005394,100740,2025-02-27,Account Access,Low,Resolved,12.1
4005395,104934,2025-07-19,Transaction Failure,High,Resolved,19.4
4005396,104489,2025-07-06,ATM Issue,Low,Resolved,27.4
4005397,100023,2025-01-23,Account Access,Medium,Resolved,26.9
4005398,104579,2025-08-22,Transaction Failure,High,Resolved,6.1
4005399,104376,2025-08-16,Fraud Concern,Medium,In Progress,14.7
4005400,103879,2025-09-11,Transaction Failure,Medium,Resolved,26.1
4005401,103229,2025-09-19,Payment Dispute,High,Resolved,19.4
4005402,103458,2025-07-25,ATM Issue,Critical,Resolved,10.0
4005403,100156,2025-02-28,Card Issue,Critical,Resolved,17.0
4005404,100224,2025-01-29,Account Access,Medium,Resolved,21.3
4005405,101464,2025-11-26,General Query,Low,Resolved,43.1
4005406,101437,2025-11-05,Transaction Failure,High,Resolved,27.4
4005407,104274,2025-08-11,Transaction Failure,Medium,Open,8.7
4005408,103183,2025-06-26,General Query,Medium,Resolved,10.0
4005409,103584,2025-08-08,ATM Issue,Medium,Resolved,24.7
4005410,102337,2025-06-22,Card Issue,Medium,In Progress,1.6
4005411,104158,2025-12-07,Card Issue,Medium,In Progress,35.3
4005412,102356,2025-04-14,Fraud Concern,Medium,Resolved,22.2
4005413,104930,2025-11-27,Transaction Failure,Low,Resolved,6.7
4005414,100129,2025-12-15,Account Access,Low,Resolved,5.6
4005415,102744,2025-10-14,Fraud Concern,Low,Resolved,38.2
4005416,104421,2025-12-30,Account Access,Medium,In Progress,14.2
4005417,102443,2025-02-10,Transaction Failure,Low,Resolved,26.8
4005418,103827,2025-04-28,Transaction Failure,Medium,Resolved,13.1
4005419,103489,2025-01-14,Account Access,Low,Resolved,5.1
4005420,101465,2025-07-15,Fraud Concern,Low,Resolved,21.0
4005421,103603,2025-04-16,General Query,Medium,Resolved,13.0
4005422,101252,2025-06-16,Card Issue,Medium,Resolved,20.3
4005423,100675,2025-04-07,General Query,Low,In Progress,11.1
4005424,100760,2025-06-01,Transaction Failure,Medium,Resolved,13.0
4005425,101170,2025-04-25,General Query,Medium,Resolved,19.6
4005426,100827,2025-01-21,Account Access,Low,In Progress,8.5
4005427,104545,2025-05-16,Card Issue,Low,Resolved,12.3
4005428,104173,2025-01-11,Transaction Failure,Medium,Resolved,18.4
4005429,102669,2025-01-16,Transaction Failure,Medium,Resolved,7.4
4005430,100285,2025-04-24,Fraud Concern,Low,Resolved,54.2
4005431,102917,2025-03-12,Transaction Failure,Low,In Progress,11.8
4005432,100212,2025-12-24,General Query,Low,Resolved,10.0
4005433,102306,2025-01-10,Payment Dispute,Low,In Progress,12.6
4005434,102261,2025-08-12,General Query,Medium,Open,11.3
4005435,102636,2025-04-02,General Query,Critical,Resolved,11.1
4005436,101897,2025-10-18,Payment Dispute,Low,Resolved,8.7
4005437,101135,2025-07-29,ATM Issue,Low,Open,20.7
4005438,100990,2025-07-04,General Query,High,Resolved,19.9
4005439,101711,2025-01-30,General Query,Medium,Resolved,38.8
4005440,102253,2025-08-25,Payment Dispute,Medium,Open,6.1
4005441,100614,2025-05-31,Transaction Failure,High,Resolved,14.5
4005442,104165,2025-04-16,Fraud Concern,Medium,Open,23.0
4005443,103197,2025-10-18,General Query,Medium,Resolved,12.0
4005444,101276,2025-03-29,Transaction Failure,Low,Resolved,8.6
4005445,104059,2025-09-28,Transaction Failure,Low,Resolved,1.3
4005446,104913,2025-06-17,Payment Dispute,Low,Resolved,11.6
4005447,100260,2025-05-05,Transaction Failure,Low,Resolved,13.3
4005448,103712,2025-07-03,Account Access,Medium,Resolved,9.9
4005449,103347,2025-01-10,Transaction Failure,Low,Resolved,63.6
4005450,104843,2025-03-24,Account Access,Medium,Resolved,18.1
4005451,101295,2025-08-13,Account Access,Critical,In Progress,6.4
4005452,101732,2025-04-21,Transaction Failure,Medium,Resolved,17.2
4005453,104832,2025-09-18,Card Issue,Low,Resolved,8.9
4005454,101610,2025-12-31,Transaction Failure,Medium,Resolved,6.7
4005455,104784,2025-01-29,Card Issue,Medium,Resolved,38.6
4005456,102674,2025-05-10,Transaction Failure,Low,In Progress,14.7
4005457,101342,2025-10-27,Card Issue,Medium,Resolved,16.7
4005458,102370,2025-06-03,Transaction Failure,Medium,Open,14.0
4005459,101220,2025-03-14,Transaction Failure,High,Resolved,16.9
4005460,104605,2025-04-25,Card Issue,High,Open,8.3
4005461,101981,2025-05-20,Card Issue,Low,Open,8.0
4005462,102377,2025-01-19,Account Access,Low,In Progress,4.6
4005463,104057,2025-11-16,General Query,Low,Resolved,13.0
4005464,100234,2025-09-11,Payment Dispute,Medium,Resolved,3.5
4005465,103888,2025-02-08,Payment Dispute,Low,Resolved,19.2
4005466,103434,2025-10-07,General Query,High,Resolved,5.6
4005467,104918,2025-09-09,Payment Dispute,Medium,Resolved,12.5
4005468,103581,2025-10-11,Payment Dispute,Critical,Resolved,28.4
4005469,102564,2025-12-24,Transaction Failure,Low,Resolved,19.1
4005470,104369,2025-09-06,Transaction Failure,Medium,Resolved,10.4
4005471,102968,2025-04-19,Card Issue,Medium,Resolved,30.9
4005472,104729,2025-05-20,Transaction Failure,High,In Progress,6.7
4005473,102275,2025-09-30,Fraud Concern,Low,Open,9.2
4005474,101774,2025-01-14,Fraud Concern,High,Resolved,7.2
4005475,100211,2025-11-25,Account Access,Medium,Resolved,15.2
4005476,100534,2025-08-25,Transaction Failure,Low,Resolved,34.5
4005477,103764,2025-08-16,Fraud Concern,Critical,Resolved,29.5
4005478,101090,2025-01-04,Card Issue,Medium,Open,1.1
4005479,101447,2025-04-01,Transaction Failure,Medium,Resolved,15.6
4005480,103923,2025-01-01,General Query,Low,Resolved,23.0
4005481,103672,2025-03-11,Payment Dispute,Medium,Open,5.8
4005482,103805,2025-11-17,Card Issue,Medium,Resolved,42.2
4005483,104271,2025-01-18,Fraud Concern,Medium,Resolved,1.2
4005484,103551,2025-12-21,ATM Issue,Medium,Resolved,20.4
4005485,102152,2025-08-25,Card Issue,Low,Open,15.8
4005486,101450,2025-03-13,Account Access,High,Resolved,28.4
4005487,101689,2025-05-05,General Query,Low,Resolved,36.6
4005488,104222,2025-03-14,General Query,Medium,Resolved,35.5
4005489,100520,2025-01-21,Transaction Failure,Low,Resolved,1.2
4005490,100395,2025-12-02,Account Access,Medium,Resolved,9.3
4005491,104731,2025-10-22,Transaction Failure,Low,Resolved,12.1
4005492,103775,2025-10-08,Transaction Failure,Low,Resolved,23.7
4005493,103182,2025-09-03,Account Access,High,Resolved,18.4
4005494,104220,2025-02-21,Account Access,Low,Resolved,5.4
4005495,104002,2025-03-10,Fraud Concern,Low,Resolved,23.1
4005496,101908,2025-11-12,ATM Issue,Critical,Resolved,12.4
4005497,100202,2025-04-06,Payment Dispute,Medium,Resolved,5.5
4005498,100037,2025-05-07,ATM Issue,Medium,Resolved,18.6
4005499,102630,2025-01-10,General Query,High,Resolved,7.6
4005500,102202,2025-08-04,Payment Dispute,Medium,Resolved,5.6
4005501,100200,2025-04-14,General Query,Medium,In Progress,11.9
4005502,103969,2025-06-26,General Query,Low,Resolved,19.0
4005503,103320,2025-08-04,Fraud Concern,Low,Open,7.9
4005504,100023,2025-07-22,Fraud Concern,Low,Resolved,8.9
4005505,101771,2025-03-03,Transaction Failure,Medium,In Progress,8.4
4005506,102019,2025-12-31,Transaction Failure,High,Resolved,5.2
4005507,100789,2025-08-03,Account Access,Low,Resolved,4.7
4005508,104876,2025-08-25,Fraud Concern,Low,Open,18.0
4005509,101115,2025-04-13,Card Issue,Critical,Resolved,12.4
4005510,100143,2025-02-05,Account Access,Low,Resolved,9.2
4005511,102483,2025-05-16,Payment Dispute,Low,Resolved,35.0
4005512,100373,2025-11-18,Fraud Concern,Low,Open,0.8
4005513,101858,2025-06-15,General Query,Low,Resolved,23.4
4005514,104997,2025-04-29,Payment Dispute,Medium,Resolved,30.6
4005515,104760,2025-10-26,Payment Dispute,Low,In Progress,22.7
4005516,104997,2025-12-12,Payment Dispute,Low,Resolved,9.1
4005517,100946,2025-09-20,Fraud Concern,Medium,Open,16.3
4005518,100691,2025-03-04,Fraud Concern,Medium,Resolved,12.4
4005519,102475,2025-01-25,Card Issue,Medium,Resolved,13.1
4005520,103034,2025-01-17,Transaction Failure,Medium,Resolved,14.3
4005521,100248,2025-03-14,Payment Dispute,Medium,Resolved,19.6
4005522,103112,2025-09-12,ATM Issue,Critical,In Progress,21.8
4005523,100958,2025-08-30,Card Issue,Low,Resolved,8.7
4005524,102263,2025-04-27,Account Access,Critical,Resolved,18.3
4005525,100819,2025-06-05,Transaction Failure,Medium,Resolved,16.3
4005526,101780,2025-09-28,Card Issue,Low,Resolved,12.6
4005527,104427,2025-05-02,Transaction Failure,Medium,Resolved,39.6
4005528,104739,2025-06-03,Transaction Failure,Medium,Resolved,1.7
4005529,100961,2025-11-16,Card Issue,Low,Resolved,27.3
4005530,102552,2025-07-15,ATM Issue,High,Resolved,31.6
4005531,103144,2025-12-23,ATM Issue,High,Open,7.6
4005532,102186,2025-03-01,ATM Issue,Medium,Resolved,8.9
4005533,100510,2025-07-06,Transaction Failure,Low,Resolved,12.8
4005534,104908,2025-09-09,Transaction Failure,Low,Resolved,22.4
4005535,103068,2025-12-20,Account Access,Medium,Resolved,22.5
4005536,100277,2025-04-17,Payment Dispute,Medium,Resolved,14.8
4005537,102402,2025-05-21,Account Access,Medium,Resolved,2.2
4005538,101394,2025-11-22,General Query,Low,Resolved,15.7
4005539,101045,2025-09-03,General Query,High,Resolved,5.2
4005540,103239,2025-09-09,Account Access,High,Open,5.2
4005541,102821,2025-08-27,Transaction Failure,Critical,Resolved,2.4
4005542,104547,2025-06-04,Card Issue,High,Resolved,27.9
4005543,101324,2025-10-29,General Query,Medium,Resolved,5.7
4005544,101891,2025-02-05,Fraud Concern,Medium,Resolved,31.4
4005545,102983,2025-03-09,General Query,Medium,Resolved,5.9
4005546,101221,2025-08-05,Transaction Failure,High,Open,14.9
4005547,100866,2025-12-21,General Query,Low,Resolved,34.8
4005548,100624,2025-02-02,Account Access,High,Resolved,7.0
4005549,102571,2025-12-01,General Query,High,Resolved,10.1
4005550,104876,2025-08-05,Account Access,High,Resolved,3.0
4005551,103353,2025-09-27,Account Access,Low,Resolved,11.6
4005552,103409,2025-06-28,Payment Dispute,Low,Resolved,29.4
4005553,101095,2025-04-12,Transaction Failure,Medium,Resolved,6.4
4005554,103517,2025-01-02,Transaction Failure,Medium,Resolved,11.9
4005555,101975,2025-02-18,Payment Dispute,Low,Resolved,27.0
4005556,100816,2025-07-25,Payment Dispute,Medium,Resolved,24.2
4005557,101944,2025-12-15,Transaction Failure,High,Resolved,37.0
4005558,100036,2025-11-08,General Query,Critical,Resolved,1.9
4005559,104526,2025-07-05,Card Issue,Medium,Resolved,17.9
4005560,102008,2025-04-08,General Query,High,Open,29.9
4005561,102511,2025-07-22,Card Issue,Medium,Resolved,46.3
4005562,101957,2025-11-24,Card Issue,Medium,Resolved,16.2
4005563,100357,2025-04-16,Fraud Concern,Medium,Resolved,7.0
4005564,104634,2025-04-26,Payment Dispute,Low,In Progress,13.6
4005565,103576,2025-09-17,Account Access,Low,Resolved,0.7
4005566,101824,2025-03-12,Transaction Failure,Low,Resolved,6.8
4005567,103771,2025-11-02,General Query,High,Resolved,28.1
4005568,100142,2025-08-27,ATM Issue,Low,Resolved,18.3
4005569,102352,2025-12-19,ATM Issue,High,Resolved,28.1
4005570,103063,2025-05-13,Fraud Concern,Low,Open,7.1
4005571,103726,2025-04-06,Transaction Failure,Medium,Resolved,17.7
4005572,100374,2025-05-29,Payment Dispute,Medium,Resolved,4.8
4005573,100848,2025-12-07,Transaction Failure,Low,Open,15.3
4005574,103372,2025-01-01,ATM Issue,Critical,Resolved,7.7
4005575,101673,2025-07-28,ATM Issue,Low,Resolved,7.4
4005576,104203,2025-02-12,Card Issue,Low,Resolved,23.1
4005577,104055,2025-05-10,ATM Issue,Critical,Resolved,7.9
4005578,104499,2025-10-13,Transaction Failure,Medium,Resolved,16.5
4005579,100629,2025-03-22,Fraud Concern,Medium,Resolved,6.0
4005580,104538,2025-07-30,Account Access,Low,Resolved,14.4
4005581,102497,2025-12-31,Account Access,Low,Resolved,11.7
4005582,103870,2025-05-17,Fraud Concern,Medium,Resolved,29.8
4005583,101996,2025-03-15,Card Issue,Medium,Resolved,22.6
4005584,103169,2025-07-02,ATM Issue,Medium,Resolved,21.3
4005585,100928,2025-11-30,Transaction Failure,Low,Resolved,6.8
4005586,101916,2025-03-28,Payment Dispute,Medium,Resolved,6.0
4005587,101721,2025-05-28,General Query,Medium,In Progress,11.1
4005588,101732,2025-04-08,General Query,Medium,Resolved,10.6
4005589,103613,2025-06-03,Card Issue,High,Open,16.9
4005590,104821,2025-05-01,Card Issue,Medium,Resolved,9.3
4005591,104587,2025-04-10,Account Access,Low,Resolved,10.2
4005592,102487,2025-12-29,ATM Issue,Low,In Progress,12.6
4005593,104779,2025-08-04,ATM Issue,Critical,Open,31.3
4005594,102767,2025-02-22,ATM Issue,Medium,Resolved,15.1
4005595,102199,2025-01-22,General Query,Low,Open,12.6
4005596,104740,2025-01-22,General Query,Medium,Resolved,6.4
4005597,104382,2025-05-11,Fraud Concern,Low,Resolved,26.2
4005598,103032,2025-09-30,Transaction Failure,Medium,Open,6.8
4005599,104262,2025-05-04,Account Access,Medium,Resolved,4.8
4005600,101579,2025-11-05,General Query,Critical,Resolved,12.5
4005601,102048,2025-01-28,Fraud Concern,Medium,Resolved,24.8
4005602,101310,2025-03-24,General Query,Low,In Progress,24.1
4005603,101535,2025-01-12,Transaction Failure,High,Resolved,4.4
4005604,101486,2025-01-20,Transaction Failure,Low,Resolved,24.0
4005605,100514,2025-04-09,General Query,Critical,Resolved,4.1
4005606,101906,2025-02-15,Transaction Failure,Low,In Progress,45.0
4005607,102851,2025-02-23,Transaction Failure,Medium,Resolved,18.4
4005608,104312,2025-03-16,Transaction Failure,Medium,Resolved,9.4
4005609,101305,2025-11-04,General Query,Medium,Resolved,22.9
4005610,102751,2025-06-27,Fraud Concern,Medium,Resolved,16.0
4005611,101913,2025-01-31,Transaction Failure,Low,Resolved,2.5
4005612,101612,2025-05-14,Fraud Concern,High,Resolved,18.2
4005613,101127,2025-10-15,Fraud Concern,Medium,Resolved,14.4
4005614,103795,2025-11-25,Card Issue,Low,Resolved,20.6
4005615,102303,2025-04-10,Account Access,Low,Resolved,15.5
4005616,101198,2025-12-07,Transaction Failure,High,Resolved,9.6
4005617,103903,2025-12-26,Card Issue,Medium,Open,17.5
4005618,100227,2025-08-07,Payment Dispute,Medium,Resolved,14.3
4005619,101625,2025-01-26,Transaction Failure,Low,Resolved,20.7
4005620,101963,2025-04-11,Card Issue,Low,In Progress,15.7
4005621,103999,2025-12-18,General Query,Medium,Resolved,32.2
4005622,104403,2025-09-18,Account Access,Medium,Resolved,6.8
4005623,100077,2025-09-17,Card Issue,High,Resolved,18.1
4005624,100752,2025-07-05,Card Issue,Medium,Resolved,16.7
4005625,102973,2025-06-13,Transaction Failure,Low,In Progress,7.8
4005626,102798,2025-07-06,General Query,Medium,Resolved,14.1
4005627,104247,2025-03-27,General Query,Medium,In Progress,43.4
4005628,103532,2025-10-29,General Query,Medium,Resolved,8.9
4005629,101764,2025-02-25,Transaction Failure,Medium,In Progress,7.1
4005630,104601,2025-11-01,Payment Dispute,Medium,Resolved,3.8
4005631,104758,2025-05-10,Transaction Failure,High,In Progress,17.1
4005632,102060,2025-07-24,Payment Dispute,Medium,Resolved,18.3
4005633,104748,2025-08-30,General Query,Low,Resolved,22.5
4005634,104803,2025-04-27,Transaction Failure,Low,Resolved,1.5
4005635,100654,2025-07-22,Account Access,High,In Progress,7.0
4005636,103685,2025-05-05,Account Access,High,Resolved,7.1
4005637,102628,2025-05-18,ATM Issue,Medium,Resolved,28.6
4005638,100945,2025-08-09,Transaction Failure,Medium,Resolved,4.8
4005639,104907,2025-03-24,Card Issue,Low,Resolved,21.2
4005640,104551,2025-01-20,Card Issue,Low,Resolved,10.1
4005641,103150,2025-05-31,General Query,Low,Resolved,17.0
4005642,104263,2025-05-03,Card Issue,Low,Resolved,39.7
4005643,101817,2025-10-16,General Query,Medium,Resolved,4.6
4005644,100081,2025-07-28,Transaction Failure,Medium,Resolved,27.3
4005645,104038,2025-09-03,Account Access,Low,Resolved,24.2
4005646,104464,2025-02-20,Fraud Concern,Low,Resolved,11.4
4005647,101386,2025-05-17,Fraud Concern,Medium,Resolved,4.9
4005648,102065,2025-06-07,Fraud Concern,Low,In Progress,52.7
4005649,101751,2025-11-25,Transaction Failure,Low,In Progress,31.9
4005650,100418,2025-07-25,ATM Issue,High,Open,18.1
4005651,102996,2025-10-16,Card Issue,Low,Open,4.4
4005652,102672,2025-11-26,General Query,Medium,Resolved,8.0
4005653,100577,2025-06-23,Fraud Concern,High,Resolved,14.0
4005654,101731,2025-07-08,Transaction Failure,Low,Resolved,17.0
4005655,102581,2025-03-27,Account Access,Medium,Resolved,7.9
4005656,103108,2025-04-17,Fraud Concern,Critical,Resolved,20.8
4005657,101867,2025-09-07,Transaction Failure,High,Resolved,14.9
4005658,103563,2025-04-17,ATM Issue,Medium,Resolved,26.7
4005659,104327,2025-03-28,Card Issue,High,Resolved,10.9
4005660,101573,2025-04-03,Payment Dispute,High,Resolved,15.1
4005661,100472,2025-12-22,Account Access,Medium,Resolved,8.0
4005662,100068,2025-11-20,ATM Issue,Medium,Resolved,42.2
4005663,103357,2025-11-09,Payment Dispute,Medium,Resolved,5.4
4005664,102259,2025-11-18,ATM Issue,High,Resolved,18.2
4005665,102249,2025-06-28,Account Access,Medium,Resolved,19.9
4005666,103516,2025-04-23,Transaction Failure,Low,Resolved,9.4
4005667,102163,2025-09-10,Card Issue,Low,Resolved,15.1
4005668,102861,2025-04-24,Account Access,Medium,Open,13.0
4005669,102034,2025-05-24,ATM Issue,Low,Resolved,27.4
4005670,100559,2025-12-25,Transaction Failure,Low,Resolved,23.4
4005671,100965,2025-11-20,Card Issue,High,In Progress,20.1
4005672,100886,2025-09-19,Card Issue,Low,Resolved,25.1
4005673,101450,2025-05-27,Fraud Concern,High,Resolved,12.6
4005674,101252,2025-01-20,General Query,Low,Resolved,22.1
4005675,102663,2025-07-11,ATM Issue,High,Resolved,14.8
4005676,100894,2025-08-30,Transaction Failure,Medium,Resolved,11.9
4005677,101054,2025-02-08,General Query,Medium,Resolved,12.7
4005678,100334,2025-05-18,General Query,High,Resolved,16.1
4005679,103627,2025-03-11,General Query,Medium,Resolved,9.3
4005680,102968,2025-05-08,Transaction Failure,Low,Resolved,14.8
4005681,104165,2025-05-07,Fraud Concern,Medium,Resolved,4.0
4005682,104078,2025-10-08,Card Issue,Low,In Progress,15.9
4005683,101164,2025-03-17,Transaction Failure,Critical,Resolved,9.2
4005684,104264,2025-11-11,Transaction Failure,Medium,Resolved,32.0
4005685,104654,2025-11-21,Fraud Concern,Medium,Resolved,45.8
4005686,103572,2025-03-20,Fraud Concern,Low,Resolved,26.8
4005687,100578,2025-12-27,Card Issue,Medium,Resolved,13.8
4005688,104123,2025-04-24,Card Issue,Medium,Resolved,15.6
4005689,100218,2025-10-18,Card Issue,High,Resolved,7.6
4005690,100650,2025-08-28,General Query,Medium,In Progress,26.6
4005691,101432,2025-01-15,ATM Issue,Medium,Resolved,8.0
4005692,102415,2025-05-20,General Query,Low,Resolved,5.8
4005693,101276,2025-10-11,Account Access,Medium,Open,32.3
4005694,102073,2025-05-27,Fraud Concern,High,Resolved,4.8
4005695,104811,2025-09-16,Account Access,High,Open,22.2
4005696,102633,2025-04-30,Fraud Concern,Critical,Resolved,1.1
4005697,103235,2025-08-31,Fraud Concern,Low,Resolved,12.1
4005698,102015,2025-07-16,General Query,Low,Resolved,17.0
4005699,101680,2025-08-31,Card Issue,Medium,Resolved,2.0
4005700,103511,2025-05-16,Transaction Failure,Critical,Resolved,7.5
4005701,101685,2025-04-29,Fraud Concern,Low,Resolved,38.0
4005702,101824,2025-05-13,Account Access,Low,Resolved,12.4
4005703,100212,2025-02-21,Account Access,Medium,Open,18.3
4005704,100428,2025-04-05,General Query,High,Resolved,6.2
4005705,101313,2025-02-07,General Query,Low,Open,13.3
4005706,103822,2025-11-22,Account Access,Low,Resolved,9.5
4005707,102523,2025-11-21,Payment Dispute,Medium,Resolved,24.2
4005708,101315,2025-06-20,Card Issue,Low,In Progress,11.6
4005709,100294,2025-10-22,Payment Dispute,Medium,Resolved,53.3
4005710,104533,2025-11-04,Account Access,Low,In Progress,9.1
4005711,102553,2025-10-07,Transaction Failure,Low,Resolved,26.0
4005712,103703,2025-11-22,Transaction Failure,Low,Resolved,2.8
4005713,104195,2025-09-29,Fraud Concern,Low,Resolved,43.8
4005714,100835,2025-01-01,Account Access,Medium,Resolved,6.8
4005715,100233,2025-12-17,Account Access,Medium,Resolved,17.8
4005716,101340,2025-03-14,Account Access,Critical,Open,14.7
4005717,103230,2025-04-18,Card Issue,High,Resolved,13.7
4005718,104484,2025-09-16,General Query,Medium,Resolved,11.1
4005719,104861,2025-09-09,Card Issue,Low,Resolved,15.8
4005720,103409,2025-07-30,ATM Issue,Low,Resolved,4.1
4005721,104244,2025-01-20,Transaction Failure,Medium,Open,58.1
4005722,104338,2025-11-21,Card Issue,Low,Resolved,32.5
4005723,104158,2025-12-05,Account Access,Low,Resolved,22.4
4005724,103144,2025-01-31,Fraud Concern,Low,Resolved,17.2
4005725,104134,2025-09-24,Card Issue,Medium,Resolved,13.5
4005726,104707,2025-03-05,Account Access,Medium,Resolved,21.1
4005727,103729,2025-06-16,General Query,Medium,Resolved,25.4
4005728,101306,2025-07-15,Payment Dispute,Medium,Resolved,7.6
4005729,101160,2025-04-25,Transaction Failure,Low,Resolved,24.6
4005730,100240,2025-02-03,Fraud Concern,High,Resolved,21.5
4005731,104536,2025-10-24,Fraud Concern,Medium,Resolved,21.4
4005732,100624,2025-08-24,Account Access,Medium,Open,6.6
4005733,100604,2025-02-27,General Query,Medium,Resolved,6.8
4005734,103922,2025-12-01,Card Issue,Medium,Resolved,11.3
4005735,103077,2025-05-11,Transaction Failure,Low,Resolved,9.4
4005736,101006,2025-09-08,Fraud Concern,Low,In Progress,1.5
4005737,101232,2025-03-16,General Query,Low,Open,7.8
4005738,101170,2025-11-28,Account Access,Low,Resolved,3.2
4005739,102373,2025-06-05,Payment Dispute,Medium,Resolved,11.3
4005740,104060,2025-02-11,Card Issue,Low,Resolved,17.0
4005741,102038,2025-07-01,Transaction Failure,Low,Open,5.0
4005742,104933,2025-03-22,Account Access,Low,Resolved,10.7
4005743,102721,2025-03-15,Fraud Concern,Low,Resolved,17.6
4005744,102948,2025-06-06,General Query,High,In Progress,19.8
4005745,103615,2025-05-14,Account Access,Medium,Open,5.1
4005746,103293,2025-07-13,Account Access,Medium,Resolved,14.8
4005747,101092,2025-07-09,Fraud Concern,Medium,Resolved,8.5
4005748,104989,2025-07-11,Transaction Failure,Medium,Resolved,9.4
4005749,102749,2025-01-04,Payment Dispute,Low,Open,24.6
4005750,103290,2025-04-23,ATM Issue,Medium,Resolved,7.1
4005751,100094,2025-07-29,Payment Dispute,Low,Open,3.2
4005752,100994,2025-08-08,Card Issue,Low,Resolved,52.6
4005753,101370,2025-09-09,ATM Issue,Low,Resolved,22.5
4005754,102698,2025-11-26,General Query,Low,Resolved,24.0
4005755,100329,2025-11-04,General Query,Medium,Resolved,15.7
4005756,104564,2025-09-01,ATM Issue,Medium,Resolved,6.3
4005757,103483,2025-10-18,Account Access,High,Resolved,42.6
4005758,102491,2025-08-26,General Query,Low,Resolved,16.5
4005759,104984,2025-04-18,General Query,Medium,Resolved,4.2
4005760,104477,2025-01-09,General Query,High,Resolved,27.3
4005761,100063,2025-03-14,General Query,Medium,Resolved,52.7
4005762,103381,2025-02-09,Account Access,Medium,Resolved,12.0
4005763,100050,2025-02-01,General Query,Critical,Resolved,8.6
4005764,102298,2025-06-23,Transaction Failure,Medium,Resolved,13.7
4005765,101837,2025-07-02,Card Issue,Low,Open,24.2
4005766,101462,2025-05-29,ATM Issue,Low,Resolved,14.4
4005767,104381,2025-03-11,General Query,Medium,Resolved,21.0
4005768,100725,2025-04-12,Account Access,High,Resolved,31.6
4005769,104382,2025-05-13,General Query,High,Open,19.9
4005770,104820,2025-08-30,General Query,Medium,Resolved,11.9
4005771,101500,2025-09-09,Transaction Failure,Low,Resolved,35.3
4005772,103733,2025-06-26,Payment Dispute,Critical,Resolved,25.3
4005773,101756,2025-11-27,Transaction Failure,Low,Open,3.6
4005774,100545,2025-12-22,General Query,Critical,Resolved,21.3
4005775,104666,2025-10-18,Payment Dispute,Low,Resolved,15.1
4005776,101899,2025-01-09,Transaction Failure,Medium,In Progress,6.0
4005777,100495,2025-03-27,Payment Dispute,Medium,Resolved,13.6
4005778,104812,2025-09-29,Account Access,Medium,Resolved,6.7
4005779,104004,2025-12-23,General Query,High,Resolved,18.8
4005780,101285,2025-08-19,Transaction Failure,Low,Resolved,18.4
4005781,100174,2025-08-19,Fraud Concern,Low,Resolved,8.8
4005782,102227,2025-12-20,Transaction Failure,Low,Resolved,14.5
4005783,101279,2025-03-04,Fraud Concern,Medium,Open,5.7
4005784,102638,2025-10-03,ATM Issue,Medium,Resolved,31.3
4005785,102322,2025-01-16,Transaction Failure,Critical,Resolved,14.8
4005786,104018,2025-05-15,General Query,Low,Resolved,22.8
4005787,100376,2025-04-20,ATM Issue,Low,Resolved,7.6
4005788,100029,2025-08-09,Card Issue,Medium,Resolved,23.2
4005789,104466,2025-10-09,Account Access,Medium,Resolved,6.6
4005790,102942,2025-09-28,Transaction Failure,Critical,Resolved,41.1
4005791,103900,2025-08-03,ATM Issue,High,Resolved,13.6
4005792,104022,2025-05-15,Account Access,Low,Resolved,30.9
4005793,104315,2025-07-31,Card Issue,Medium,Resolved,6.6
4005794,100026,2025-02-05,Transaction Failure,Low,Resolved,20.6
4005795,101670,2025-09-28,Card Issue,Low,Resolved,7.8
4005796,103785,2025-07-28,Account Access,High,Resolved,20.6
4005797,103709,2025-07-16,General Query,High,Resolved,9.1
4005798,103421,2025-12-03,Fraud Concern,Medium,Open,30.9
4005799,104443,2025-06-21,General Query,Medium,Resolved,6.4
4005800,103593,2025-07-31,General Query,Critical,Resolved,10.7
4005801,103514,2025-04-02,Account Access,Low,Resolved,9.2
4005802,102403,2025-06-28,ATM Issue,Medium,Open,30.2
4005803,104280,2025-01-31,General Query,Low,Resolved,20.4
4005804,101271,2025-05-08,General Query,Low,Open,48.4
4005805,103115,2025-02-26,Fraud Concern,High,Resolved,31.7
4005806,104809,2025-05-02,Transaction Failure,Critical,Open,11.2
4005807,103551,2025-09-04,Card Issue,High,Resolved,16.3
4005808,102871,2025-10-26,Transaction Failure,Low,Open,8.8
4005809,104291,2025-09-12,Card Issue,Low,Resolved,22.1
4005810,100557,2025-11-28,Account Access,High,Resolved,0.5
4005811,101077,2025-08-05,ATM Issue,High,Resolved,8.2
4005812,102975,2025-02-01,Account Access,Low,Resolved,6.1
4005813,100856,2025-07-22,General Query,Medium,In Progress,51.1
4005814,101802,2025-05-16,General Query,Medium,Resolved,10.8
4005815,103126,2025-05-14,Payment Dispute,Medium,Resolved,28.7
4005816,103728,2025-08-05,Transaction Failure,High,Resolved,6.6
4005817,102086,2025-05-07,Transaction Failure,Low,Resolved,11.9
4005818,101887,2025-06-11,Account Access,High,Resolved,1.5
4005819,102109,2025-08-12,Account Access,Low,Resolved,29.9
4005820,103861,2025-12-14,General Query,Low,In Progress,22.6
4005821,102638,2025-07-03,ATM Issue,Low,Resolved,25.8
4005822,103173,2025-06-14,Fraud Concern,Low,Resolved,4.9
4005823,103639,2025-07-23,Transaction Failure,Low,Resolved,13.1
4005824,103891,2025-04-23,Card Issue,High,Resolved,17.9
4005825,101802,2025-05-08,General Query,Medium,Resolved,24.8
4005826,101156,2025-12-21,Payment Dispute,High,Resolved,2.6
4005827,100044,2025-01-09,Card Issue,Medium,Open,5.9
4005828,102723,2025-11-28,Account Access,High,Resolved,12.6
4005829,101499,2025-09-13,Fraud Concern,Low,Resolved,13.5
4005830,103616,2025-09-20,General Query,Low,Resolved,5.2
4005831,103002,2025-01-19,General Query,Medium,In Progress,9.3
4005832,101893,2025-10-21,Fraud Concern,Medium,Resolved,22.9
4005833,100410,2025-02-08,General Query,Medium,Resolved,10.5
4005834,101344,2025-01-02,Fraud Concern,Critical,Resolved,26.5
4005835,102482,2025-05-26,Transaction Failure,High,Resolved,14.6
4005836,101487,2025-08-10,General Query,Low,Resolved,25.0
4005837,101242,2025-02-18,General Query,Medium,Resolved,9.2
4005838,102074,2025-09-06,Account Access,Medium,Resolved,27.5
4005839,103916,2025-07-02,ATM Issue,Low,Open,22.1
4005840,103024,2025-09-04,Account Access,Medium,Resolved,8.4
4005841,104737,2025-11-16,Transaction Failure,Low,Resolved,12.8
4005842,103944,2025-08-18,Account Access,Medium,Resolved,4.7
4005843,104593,2025-07-21,Fraud Concern,Medium,Resolved,14.2
4005844,102277,2025-04-13,Payment Dispute,Medium,Resolved,10.2
4005845,102320,2025-04-30,Account Access,Medium,In Progress,11.0
4005846,100592,2025-12-03,Fraud Concern,High,Open,2.9
4005847,104167,2025-07-16,Payment Dispute,Medium,Resolved,8.3
4005848,104463,2025-07-26,Payment Dispute,Medium,Open,6.4
4005849,103915,2025-02-19,Fraud Concern,Medium,Resolved,18.4
4005850,101571,2025-03-08,Transaction Failure,Low,Resolved,22.7
4005851,104483,2025-10-31,ATM Issue,Medium,Resolved,3.8
4005852,103616,2025-05-27,ATM Issue,Medium,Resolved,20.1
4005853,100434,2025-07-09,Account Access,High,Resolved,12.7
4005854,102686,2025-08-24,General Query,Medium,Resolved,9.4
4005855,104780,2025-03-26,General Query,Low,Open,8.8
4005856,103682,2025-03-28,General Query,Low,Resolved,27.9
4005857,104089,2025-09-20,General Query,Low,Resolved,4.6
4005858,100850,2025-04-25,General Query,High,Resolved,22.1
4005859,101450,2025-04-06,Account Access,Low,Resolved,1.6
4005860,101306,2025-12-19,Transaction Failure,Medium,Resolved,37.9
4005861,103233,2025-04-20,ATM Issue,Low,Resolved,8.7
4005862,101308,2025-09-19,General Query,Low,Resolved,19.9
4005863,100686,2025-02-17,Payment Dispute,High,Resolved,6.8
4005864,103654,2025-08-14,Transaction Failure,Low,Resolved,23.2
4005865,103832,2025-04-01,Transaction Failure,Medium,Resolved,16.7
4005866,104711,2025-09-06,Payment Dispute,Low,Resolved,18.3
4005867,102514,2025-08-29,General Query,High,Resolved,1.9
4005868,103623,2025-08-13,Account Access,High,Resolved,24.5
4005869,104675,2025-12-13,Account Access,Medium,Resolved,4.7
4005870,103802,2025-06-21,Card Issue,Medium,Resolved,16.5
4005871,101248,2025-06-02,Payment Dispute,Medium,Resolved,10.4
4005872,100086,2025-12-27,General Query,Low,Open,4.2
4005873,103371,2025-07-30,Transaction Failure,Medium,Resolved,3.6
4005874,100153,2025-12-18,Account Access,Medium,Resolved,9.6
4005875,103371,2025-04-29,Fraud Concern,Medium,Resolved,9.4
4005876,100549,2025-04-20,Payment Dispute,Medium,Resolved,17.0
4005877,101130,2025-08-06,Payment Dispute,Medium,Resolved,14.6
4005878,101018,2025-12-02,General Query,High,Resolved,3.8
4005879,102714,2025-07-10,Fraud Concern,Medium,Resolved,25.9
4005880,103376,2025-03-11,ATM Issue,Medium,Open,36.5
4005881,103730,2025-04-26,Fraud Concern,Medium,Resolved,17.8
4005882,101223,2025-06-07,General Query,Low,Resolved,40.1
4005883,104641,2025-08-04,Fraud Concern,Medium,Resolved,15.1
4005884,102753,2025-05-01,General Query,Low,Resolved,9.0
4005885,102889,2025-11-06,Transaction Failure,Medium,Resolved,12.9
4005886,103265,2025-02-22,Transaction Failure,Low,Open,13.6
4005887,101615,2025-10-22,Transaction Failure,Critical,Resolved,12.5
4005888,102352,2025-03-15,Transaction Failure,Medium,Resolved,35.3
4005889,101661,2025-11-13,Account Access,High,Open,12.5
4005890,101206,2025-11-17,Transaction Failure,Low,Resolved,16.0
4005891,101583,2025-08-26,Card Issue,Low,Resolved,29.0
4005892,100121,2025-08-01,Transaction Failure,Low,Resolved,11.3
4005893,101770,2025-07-27,Payment Dispute,Low,In Progress,65.3
4005894,103962,2025-04-27,ATM Issue,Medium,Resolved,23.9
4005895,101625,2025-10-27,Account Access,Low,Resolved,5.0
4005896,104294,2025-09-21,Account Access,Medium,Resolved,18.2
4005897,103202,2025-03-10,Fraud Concern,Low,In Progress,13.7
4005898,103795,2025-12-20,Fraud Concern,Medium,Resolved,21.8
4005899,103526,2025-08-27,ATM Issue,Medium,Resolved,15.4
4005900,102907,2025-08-04,Account Access,Medium,Resolved,6.1
4005901,102595,2025-05-05,Payment Dispute,Low,Open,29.2
4005902,104239,2025-10-29,Card Issue,Low,Resolved,37.7
4005903,100932,2025-12-25,Card Issue,High,Resolved,23.4
4005904,104258,2025-07-11,General Query,Medium,Resolved,6.2
4005905,104838,2025-09-11,Card Issue,Medium,Resolved,50.0
4005906,100378,2025-03-07,ATM Issue,High,Resolved,6.7
4005907,102268,2025-02-01,ATM Issue,Medium,Resolved,8.4
4005908,100068,2025-01-21,Payment Dispute,Low,Resolved,8.7
4005909,103165,2025-07-12,ATM Issue,Low,Resolved,9.6
4005910,104233,2025-10-03,Account Access,High,Resolved,8.9
4005911,104061,2025-08-24,Card Issue,High,Resolved,7.4
4005912,103121,2025-04-22,Payment Dispute,Low,Resolved,11.8
4005913,102598,2025-03-22,General Query,High,Resolved,14.8
4005914,102654,2025-01-16,Transaction Failure,Medium,Resolved,25.7
4005915,102429,2025-11-24,Account Access,High,Resolved,32.5
4005916,104304,2025-02-28,General Query,Low,Resolved,16.1
4005917,100858,2025-11-05,Payment Dispute,Low,In Progress,26.4
4005918,102977,2025-04-18,Account Access,High,Resolved,11.3
4005919,101284,2025-06-20,Transaction Failure,Low,Resolved,21.2
4005920,103287,2025-11-09,Account Access,Low,Resolved,11.2
4005921,102408,2025-01-11,Payment Dispute,Low,In Progress,16.9
4005922,104801,2025-09-14,General Query,Medium,Resolved,4.7
4005923,104867,2025-03-13,Payment Dispute,High,Resolved,21.7
4005924,102637,2025-01-16,ATM Issue,Low,Resolved,19.6
4005925,102329,2025-09-04,Card Issue,Critical,Resolved,23.6
4005926,104678,2025-05-11,Transaction Failure,High,Resolved,32.9
4005927,103172,2025-07-05,Fraud Concern,Low,Resolved,4.2
4005928,100033,2025-04-24,General Query,Critical,Resolved,0.8
4005929,100116,2025-06-16,General Query,Low,Resolved,11.1
4005930,100584,2025-07-09,General Query,Low,Open,1.4
4005931,102382,2025-11-05,Transaction Failure,High,Resolved,18.1
4005932,101093,2025-03-22,Account Access,Medium,Resolved,29.9
4005933,104600,2025-04-30,Payment Dispute,Medium,Resolved,10.2
4005934,104119,2025-06-05,Transaction Failure,Low,Open,10.7
4005935,101095,2025-05-10,Transaction Failure,Low,Resolved,22.4
4005936,102735,2025-08-21,Account Access,Low,Resolved,29.6
4005937,104166,2025-06-24,Account Access,Low,Resolved,10.0
4005938,102430,2025-07-28,Fraud Concern,Medium,In Progress,37.8
4005939,100855,2025-04-02,Account Access,Medium,Resolved,11.6
4005940,100552,2025-11-02,Account Access,High,Resolved,23.8
4005941,103968,2025-10-29,Transaction Failure,High,Resolved,17.6
4005942,101765,2025-03-23,Account Access,High,Resolved,16.2
4005943,100867,2025-06-25,Transaction Failure,Medium,Resolved,9.2
4005944,102202,2025-03-02,General Query,Low,Open,57.9
4005945,103305,2025-05-17,ATM Issue,High,In Progress,10.9
4005946,103800,2025-05-06,Payment Dispute,High,Resolved,18.6
4005947,102078,2025-01-04,General Query,Medium,Resolved,17.0
4005948,102376,2025-09-19,ATM Issue,High,Resolved,13.3
4005949,100492,2025-03-02,Transaction Failure,Low,Open,13.0
4005950,100397,2025-10-18,ATM Issue,High,Resolved,5.7
4005951,102561,2025-11-26,General Query,Low,Resolved,5.2
4005952,104454,2025-03-24,General Query,Medium,Resolved,2.6
4005953,104428,2025-07-10,Card Issue,High,Resolved,17.0
4005954,100310,2025-06-09,General Query,Medium,Open,7.9
4005955,102814,2025-01-17,Account Access,Medium,Resolved,15.9
4005956,102931,2025-11-02,Transaction Failure,Low,Resolved,25.2
4005957,102449,2025-04-09,Fraud Concern,High,Resolved,11.3
4005958,102454,2025-04-24,General Query,Medium,Resolved,4.1
4005959,100564,2025-12-23,Payment Dispute,Low,Resolved,19.1
4005960,102219,2025-07-12,Card Issue,Medium,Resolved,3.1
4005961,102339,2025-06-30,Payment Dispute,Medium,Open,20.8
4005962,103644,2025-10-15,Fraud Concern,Medium,Open,10.5
4005963,103523,2025-12-27,Fraud Concern,Medium,Resolved,14.9
4005964,102929,2025-11-04,General Query,High,Resolved,35.9
4005965,103040,2025-02-13,Transaction Failure,Low,Resolved,6.5
4005966,102367,2025-09-05,Transaction Failure,Low,Resolved,14.2
4005967,100639,2025-05-20,Fraud Concern,Medium,Resolved,27.5
4005968,103750,2025-04-09,Card Issue,Medium,Resolved,19.7
4005969,101090,2025-11-04,Fraud Concern,Medium,Resolved,9.4
4005970,102763,2025-04-26,Transaction Failure,Medium,Resolved,34.2
4005971,102944,2025-08-05,Card Issue,Low,Resolved,14.7
4005972,104070,2025-03-24,General Query,Low,Open,13.7
4005973,102495,2025-07-16,Payment Dispute,High,Resolved,1.6
4005974,102570,2025-05-02,Fraud Concern,High,Resolved,32.7
4005975,100927,2025-07-28,Transaction Failure,Low,Resolved,11.9
4005976,102493,2025-10-12,Account Access,Low,Open,16.4
4005977,101368,2025-04-05,Payment Dispute,High,Resolved,22.6
4005978,101124,2025-10-13,Card Issue,Medium,In Progress,7.3
4005979,104145,2025-05-21,Account Access,Low,Resolved,26.1
4005980,102103,2025-05-01,Transaction Failure,Low,Resolved,2.6
4005981,101195,2025-11-16,Fraud Concern,High,Resolved,5.1
4005982,102480,2025-02-10,ATM Issue,Low,Resolved,11.1
4005983,100269,2025-05-18,ATM Issue,Critical,Resolved,14.5
4005984,101578,2025-10-04,General Query,Medium,Resolved,16.9
4005985,103053,2025-06-01,General Query,Medium,Resolved,13.2
4005986,103216,2025-12-19,Fraud Concern,Medium,In Progress,10.3
4005987,101175,2025-10-04,ATM Issue,High,Resolved,18.1
4005988,102338,2025-11-04,ATM Issue,High,Open,18.3
4005989,101739,2025-10-08,ATM Issue,Medium,Resolved,11.5
4005990,101645,2025-04-30,General Query,Low,Resolved,3.3
4005991,100939,2025-03-23,Fraud Concern,Medium,Resolved,13.4
4005992,100414,2025-11-18,Transaction Failure,Medium,Resolved,37.0
4005993,103144,2025-07-25,Transaction Failure,High,Resolved,20.7
4005994,101211,2025-11-09,Card Issue,Low,Resolved,14.3
4005995,100561,2025-12-21,Transaction Failure,Low,Resolved,4.5
4005996,100592,2025-06-14,General Query,Low,Resolved,29.3
4005997,104278,2025-02-22,Card Issue,High,Resolved,9.8
4005998,104493,2025-02-03,General Query,Low,Resolved,23.6
4005999,102155,2025-01-05,Transaction Failure,Low,Resolved,2.5
4006000,102662,2025-11-02,ATM Issue,Low,Open,23.7
4006001,100487,2025-08-13,Card Issue,Critical,In Progress,22.1
4006002,104237,2025-10-11,Fraud Concern,Medium,Resolved,21.2
4006003,101811,2025-02-15,Payment Dispute,Low,Resolved,25.7
4006004,104867,2025-04-02,Payment Dispute,Medium,Resolved,3.6
4006005,104115,2025-03-01,Account Access,Low,Resolved,15.7
4006006,102610,2025-09-19,Transaction Failure,Medium,In Progress,25.1
4006007,100646,2025-11-24,ATM Issue,Medium,Resolved,12.5
4006008,103453,2025-11-19,Fraud Concern,Medium,Resolved,12.5
4006009,103635,2025-12-14,Transaction Failure,Medium,Resolved,18.7
4006010,104632,2025-09-12,ATM Issue,High,Resolved,6.6
4006011,100668,2025-06-19,Transaction Failure,Medium,Resolved,26.5
4006012,100328,2025-03-31,Payment Dispute,Low,Open,41.5
4006013,101674,2025-04-22,Fraud Concern,High,Resolved,23.5
4006014,100408,2025-02-15,Transaction Failure,Low,Open,24.7
4006015,101761,2025-10-06,ATM Issue,Low,Resolved,23.2
4006016,100627,2025-12-05,Transaction Failure,Low,Open,9.9
4006017,102872,2025-01-10,Fraud Concern,High,Resolved,14.7
4006018,101821,2025-03-03,Payment Dispute,Medium,Resolved,23.2
4006019,100511,2025-10-03,Transaction Failure,Medium,Resolved,32.9
4006020,100587,2025-01-26,Account Access,Medium,Resolved,7.6
4006021,103787,2025-11-09,General Query,Medium,Resolved,21.8
4006022,104258,2025-01-12,Transaction Failure,Medium,Resolved,14.4
4006023,104522,2025-08-03,Card Issue,Medium,In Progress,26.9
4006024,104880,2025-06-04,Card Issue,Low,Resolved,17.3
4006025,102830,2025-01-25,Payment Dispute,Low,Resolved,4.6
4006026,101103,2025-04-26,Fraud Concern,Low,Resolved,20.3
4006027,100292,2025-06-05,Fraud Concern,Low,Resolved,14.8
4006028,101540,2025-02-15,Transaction Failure,Medium,Resolved,6.4
4006029,100505,2025-04-21,Transaction Failure,Medium,Resolved,8.1
4006030,103713,2025-05-27,Fraud Concern,Medium,Resolved,14.5
4006031,104833,2025-02-04,Transaction Failure,Low,Resolved,10.6
4006032,102021,2025-11-06,Transaction Failure,High,Resolved,14.1
4006033,100298,2025-06-03,General Query,Medium,Open,4.6
4006034,101331,2025-04-15,Fraud Concern,Medium,Resolved,15.2
4006035,103481,2025-01-23,Card Issue,Low,Resolved,7.8
4006036,102925,2025-12-15,Payment Dispute,Low,Resolved,12.4
4006037,104977,2025-01-26,Transaction Failure,High,Resolved,27.7
4006038,100730,2025-02-20,Fraud Concern,Low,Resolved,19.3
4006039,102699,2025-04-22,ATM Issue,Medium,Resolved,7.0
4006040,103375,2025-07-07,ATM Issue,Low,Resolved,32.6
4006041,102196,2025-10-03,Account Access,Medium,Resolved,18.9
4006042,104469,2025-06-06,Transaction Failure,High,Resolved,3.5
4006043,104690,2025-01-16,General Query,Medium,Resolved,18.0
4006044,100951,2025-04-08,Payment Dispute,Low,Resolved,8.9
4006045,101410,2025-09-13,Fraud Concern,Medium,Open,12.9
4006046,101875,2025-08-13,Fraud Concern,Low,Open,5.3
4006047,100307,2025-12-16,Transaction Failure,Low,Resolved,5.5
4006048,102557,2025-11-08,Card Issue,Low,In Progress,5.9
4006049,101930,2025-03-26,General Query,Critical,Resolved,30.5
4006050,101216,2025-04-14,Card Issue,Low,Resolved,32.3
4006051,101037,2025-10-28,Transaction Failure,High,Resolved,12.5
4006052,102328,2025-05-15,Card Issue,Medium,Open,18.4
4006053,100104,2025-02-21,Transaction Failure,Medium,Open,15.2
4006054,102971,2025-07-28,General Query,Low,Resolved,16.6
4006055,102925,2025-02-25,General Query,Low,Resolved,8.4
4006056,101399,2025-06-25,ATM Issue,High,In Progress,13.9
4006057,102588,2025-04-17,Account Access,Low,Resolved,4.7
4006058,101338,2025-08-26,Card Issue,Low,Resolved,8.5
4006059,100988,2025-07-05,Transaction Failure,Low,Open,2.5
4006060,103934,2025-03-08,Transaction Failure,Medium,Resolved,10.8
4006061,100292,2025-09-09,Account Access,Medium,Resolved,2.8
4006062,101344,2025-07-11,Transaction Failure,Low,Open,11.7
4006063,103419,2025-01-12,Transaction Failure,High,Resolved,12.7
4006064,103448,2025-07-20,Account Access,Medium,Resolved,18.3
4006065,102947,2025-06-28,Fraud Concern,High,Resolved,28.4
4006066,102804,2025-05-17,Fraud Concern,Low,Open,2.7
4006067,102825,2025-08-02,Account Access,Low,Resolved,16.9
4006068,102408,2025-05-21,Card Issue,Low,Resolved,13.3
4006069,101975,2025-07-06,General Query,Medium,Open,3.3
4006070,102152,2025-10-19,Fraud Concern,Medium,Resolved,20.8
4006071,101276,2025-04-21,Payment Dispute,Medium,Resolved,22.7
4006072,103595,2025-06-10,Account Access,High,Resolved,10.2
4006073,102784,2025-03-29,Payment Dispute,Medium,Open,10.4
4006074,101028,2025-02-10,Transaction Failure,High,Open,11.2
4006075,103402,2025-12-03,Card Issue,Critical,Resolved,11.7
4006076,101423,2025-10-02,Card Issue,Low,Resolved,1.7
4006077,103210,2025-03-06,Payment Dispute,Medium,Resolved,6.1
4006078,101579,2025-07-24,Account Access,Medium,In Progress,15.4
4006079,101547,2025-05-28,Transaction Failure,High,Resolved,14.4
4006080,101727,2025-11-16,Fraud Concern,High,Resolved,20.9
4006081,102829,2025-04-16,General Query,Medium,Resolved,4.2
4006082,103362,2025-03-23,Transaction Failure,Medium,Resolved,8.8
4006083,100944,2025-05-15,Card Issue,Medium,In Progress,17.2
4006084,100232,2025-06-10,Fraud Concern,Medium,Resolved,12.7
4006085,101086,2025-09-14,Account Access,Medium,Resolved,20.4
4006086,100191,2025-06-19,Account Access,Medium,Resolved,21.4
4006087,104405,2025-01-23,General Query,Low,Open,0.8
4006088,102121,2025-10-22,Card Issue,Critical,Resolved,18.0
4006089,101459,2025-08-20,Card Issue,High,Resolved,14.1
4006090,104746,2025-06-18,Fraud Concern,Medium,Resolved,7.6
4006091,100813,2025-04-21,Transaction Failure,Low,Resolved,17.0
4006092,101910,2025-10-25,General Query,Medium,Resolved,12.2
4006093,102824,2025-06-28,Transaction Failure,Medium,Resolved,13.5
4006094,102818,2025-06-13,General Query,High,Resolved,19.7
4006095,100449,2025-11-06,Card Issue,Medium,Resolved,5.4
4006096,104107,2025-07-31,Card Issue,Low,In Progress,3.4
4006097,103589,2025-12-19,General Query,Low,Resolved,18.7
4006098,102098,2025-01-13,ATM Issue,Low,Resolved,19.6
4006099,104046,2025-04-09,ATM Issue,Medium,Resolved,3.3
4006100,102266,2025-04-12,Card Issue,Low,Resolved,5.4
4006101,103819,2025-01-27,Card Issue,Low,Resolved,28.6
4006102,102872,2025-03-27,Fraud Concern,Medium,Resolved,6.5
4006103,103761,2025-11-21,Payment Dispute,Medium,Resolved,7.1
4006104,101074,2025-07-18,Account Access,High,Resolved,27.0
4006105,103043,2025-05-27,Payment Dispute,Medium,In Progress,33.8
4006106,100157,2025-06-30,General Query,Medium,Resolved,2.7
4006107,104937,2025-09-20,Fraud Concern,Medium,Resolved,18.5
4006108,102941,2025-11-25,Payment Dispute,Low,Resolved,3.5
4006109,103754,2025-01-22,Payment Dispute,Low,Resolved,7.3
4006110,100724,2025-12-09,Fraud Concern,Low,Resolved,17.8
4006111,104562,2025-01-17,Transaction Failure,Low,Resolved,30.3
4006112,103022,2025-05-24,ATM Issue,Medium,Resolved,14.2
4006113,100464,2025-01-30,Account Access,Medium,Resolved,15.0
4006114,100555,2025-10-13,Account Access,Critical,Resolved,9.7
4006115,101587,2025-05-23,General Query,Medium,Resolved,10.8
4006116,101009,2025-02-26,Transaction Failure,Critical,Resolved,10.2
4006117,102988,2025-03-29,Card Issue,Low,Resolved,5.7
4006118,104666,2025-05-21,Transaction Failure,Medium,Resolved,13.8
4006119,100624,2025-12-30,Payment Dispute,Low,Resolved,8.8
4006120,101719,2025-05-29,Transaction Failure,Medium,Resolved,18.9
4006121,103269,2025-05-07,Transaction Failure,Low,In Progress,27.4
4006122,101637,2025-03-12,Account Access,High,Resolved,18.6
4006123,100701,2025-09-22,Card Issue,Medium,Resolved,9.0
4006124,101457,2025-07-19,Transaction Failure,High,Resolved,20.5
4006125,101041,2025-05-13,ATM Issue,Medium,Open,17.3
4006126,101095,2025-05-09,General Query,Low,Resolved,33.8
4006127,101302,2025-03-14,ATM Issue,Medium,In Progress,23.2
4006128,100261,2025-05-13,Account Access,Medium,Resolved,18.9
4006129,101396,2025-10-31,Card Issue,Low,Resolved,29.5
4006130,103562,2025-05-16,Account Access,Low,In Progress,14.6
4006131,101457,2025-08-26,Card Issue,Medium,In Progress,17.7
4006132,101671,2025-01-21,Transaction Failure,Medium,Resolved,5.7
4006133,103985,2025-03-04,Fraud Concern,Medium,Resolved,6.5
4006134,101919,2025-03-24,Card Issue,Medium,Resolved,28.7
4006135,100162,2025-09-28,Card Issue,Medium,Resolved,11.4
4006136,101723,2025-12-27,ATM Issue,Medium,Resolved,8.2
4006137,102223,2025-10-10,Account Access,Medium,Resolved,25.7
4006138,101433,2025-03-13,Fraud Concern,Low,Resolved,23.0
4006139,104975,2025-12-14,Account Access,High,Resolved,16.2
4006140,104826,2025-04-18,Transaction Failure,High,Resolved,6.1
4006141,103727,2025-03-26,Card Issue,Medium,Resolved,38.5
4006142,102734,2025-07-12,Fraud Concern,High,Resolved,6.9
4006143,102483,2025-12-03,Payment Dispute,High,Resolved,9.2
4006144,103270,2025-08-29,Payment Dispute,High,Resolved,10.8
4006145,103694,2025-09-01,Account Access,High,Resolved,4.7
4006146,103689,2025-06-02,Account Access,Low,Resolved,21.7
4006147,101692,2025-08-19,Transaction Failure,Low,Open,19.7
4006148,102491,2025-08-08,Payment Dispute,Low,Resolved,0.7
4006149,101347,2025-11-11,Card Issue,Medium,Resolved,12.2
4006150,100179,2025-11-01,Account Access,Low,Resolved,14.7
4006151,100009,2025-01-07,ATM Issue,Medium,Resolved,27.6
4006152,104044,2025-01-14,Account Access,Low,Open,4.8
4006153,100419,2025-11-07,General Query,Medium,Resolved,15.4
4006154,100567,2025-11-25,Card Issue,Low,Resolved,19.2
4006155,104220,2025-02-25,General Query,High,Resolved,6.8
4006156,103088,2025-04-11,Account Access,Critical,Resolved,20.1
4006157,103030,2025-12-12,ATM Issue,Low,Resolved,18.5
4006158,102503,2025-08-02,Account Access,Medium,Resolved,6.5
4006159,101630,2025-01-12,Fraud Concern,Medium,Resolved,27.9
4006160,104105,2025-12-30,Transaction Failure,High,Resolved,28.8
4006161,102312,2025-12-06,Card Issue,Low,Resolved,10.1
4006162,104992,2025-07-03,Fraud Concern,Low,Resolved,14.2
4006163,104301,2025-09-14,Payment Dispute,Medium,Resolved,12.2
4006164,101456,2025-12-31,Transaction Failure,Medium,Resolved,6.3
4006165,104273,2025-03-07,Card Issue,Medium,Resolved,13.1
4006166,103585,2025-01-09,Card Issue,Low,Resolved,14.2
4006167,103240,2025-08-21,Fraud Concern,Medium,Resolved,2.2
4006168,104903,2025-09-29,Account Access,Low,Resolved,35.9
4006169,104570,2025-01-16,Transaction Failure,Low,Open,9.3
4006170,101237,2025-02-24,Payment Dispute,High,Resolved,9.6
4006171,102385,2025-09-21,Payment Dispute,High,Resolved,7.5
4006172,104268,2025-11-03,Transaction Failure,Medium,Resolved,21.8
4006173,100537,2025-10-09,Card Issue,Low,Resolved,28.4
4006174,101899,2025-11-14,Transaction Failure,Low,Resolved,7.8
4006175,102942,2025-03-30,Payment Dispute,Medium,Resolved,14.0
4006176,102452,2025-04-21,Transaction Failure,Low,In Progress,11.4
4006177,101070,2025-01-23,Payment Dispute,Low,Resolved,3.2
4006178,100853,2025-10-09,Transaction Failure,High,Resolved,39.1
4006179,100642,2025-01-05,Card Issue,Low,Resolved,6.2
4006180,101687,2025-05-21,Account Access,Medium,Resolved,32.6
4006181,102398,2025-03-11,Payment Dispute,Low,Resolved,3.1
4006182,100874,2025-05-12,Transaction Failure,Medium,Open,19.8
4006183,102593,2025-06-17,General Query,Medium,Resolved,10.9
4006184,104670,2025-03-04,Account Access,Low,Resolved,20.4
4006185,100641,2025-07-03,General Query,Medium,Resolved,11.5
4006186,102423,2025-07-14,Transaction Failure,Medium,Resolved,15.8
4006187,103841,2025-10-31,Card Issue,High,Resolved,10.9
4006188,102446,2025-07-05,Transaction Failure,High,Resolved,15.8
4006189,104614,2025-03-03,Fraud Concern,Low,Resolved,21.3
4006190,102394,2025-08-06,General Query,Medium,Resolved,20.1
4006191,102998,2025-04-22,General Query,High,Resolved,21.8
4006192,100955,2025-01-20,ATM Issue,Low,Resolved,17.0
4006193,100565,2025-03-15,ATM Issue,Medium,Resolved,5.9
4006194,104485,2025-09-28,General Query,Low,Resolved,32.4
4006195,102651,2025-08-24,Fraud Concern,Medium,Resolved,13.9
4006196,103231,2025-03-06,Account Access,Medium,Resolved,7.9
4006197,104089,2025-03-28,Account Access,High,Resolved,29.5
4006198,101252,2025-11-12,General Query,Medium,Resolved,14.1
4006199,103149,2025-06-24,Account Access,Low,Resolved,11.1
4006200,102498,2025-01-31,Card Issue,Low,Resolved,10.9
4006201,103516,2025-06-02,General Query,Critical,Open,31.4
4006202,103247,2025-04-29,Transaction Failure,Low,Resolved,5.0
4006203,103839,2025-08-23,General Query,Medium,Resolved,1.2
4006204,102289,2025-08-25,ATM Issue,Low,Resolved,1.6
4006205,101455,2025-09-07,General Query,Low,Resolved,10.1
4006206,104955,2025-08-19,General Query,Medium,Resolved,7.7
4006207,100433,2025-04-21,Account Access,Medium,Resolved,7.0
4006208,101277,2025-06-10,Payment Dispute,Low,Open,31.5
4006209,103556,2025-05-22,General Query,Medium,Resolved,12.8
4006210,100123,2025-04-03,ATM Issue,Low,Resolved,7.8
4006211,100126,2025-12-20,Account Access,Low,In Progress,17.8
4006212,103551,2025-02-22,Payment Dispute,Medium,Resolved,29.4
4006213,104619,2025-07-31,ATM Issue,Medium,Resolved,14.0
4006214,103667,2025-02-21,Card Issue,Low,Resolved,4.4
4006215,102637,2025-03-27,ATM Issue,Medium,Resolved,17.5
4006216,100438,2025-03-21,Account Access,Low,Resolved,14.3
4006217,101986,2025-06-07,General Query,Low,Resolved,55.3
4006218,103244,2025-11-08,Transaction Failure,Low,Resolved,38.2
4006219,100625,2025-07-04,Transaction Failure,Medium,Resolved,26.9
4006220,104548,2025-10-09,Transaction Failure,Low,Resolved,21.5
4006221,104386,2025-12-19,Account Access,Low,Resolved,6.4
4006222,104336,2025-03-05,Account Access,Medium,Open,46.6
4006223,103539,2025-10-23,General Query,Low,Resolved,8.2
4006224,103005,2025-07-03,Fraud Concern,Medium,Resolved,11.6
4006225,100230,2025-07-19,Fraud Concern,Low,Resolved,9.1
4006226,103863,2025-03-14,Transaction Failure,Medium,Resolved,1.4
4006227,101863,2025-04-28,ATM Issue,Low,Resolved,39.8
4006228,100391,2025-02-21,Account Access,Low,In Progress,24.8
4006229,101290,2025-02-11,Account Access,Medium,Resolved,10.1
4006230,101395,2025-01-14,Transaction Failure,Medium,Resolved,8.0
4006231,103731,2025-11-14,Transaction Failure,Medium,Resolved,18.1
4006232,102175,2025-05-03,ATM Issue,Low,Resolved,14.5
4006233,101634,2025-01-02,Account Access,High,Resolved,10.8
4006234,102654,2025-04-29,Card Issue,Low,Resolved,27.9
4006235,100731,2025-02-12,Card Issue,Low,Open,18.3
4006236,104923,2025-09-20,Fraud Concern,Low,Resolved,25.7
4006237,104795,2025-12-24,Transaction Failure,Low,Resolved,52.1
4006238,102337,2025-02-05,General Query,Medium,Resolved,20.2
4006239,104220,2025-08-01,Account Access,Medium,Resolved,3.2
4006240,102685,2025-05-08,Card Issue,Low,Resolved,7.7
4006241,100614,2025-10-13,Fraud Concern,Critical,Resolved,16.6
4006242,102714,2025-04-05,Account Access,Medium,Resolved,12.9
4006243,100637,2025-01-10,Account Access,Medium,Resolved,15.9
4006244,102379,2025-05-22,General Query,Medium,Resolved,26.1
4006245,100290,2025-02-06,Card Issue,Low,Resolved,4.8
4006246,102219,2025-10-03,Transaction Failure,Medium,Resolved,50.9
4006247,100114,2025-05-09,Transaction Failure,Low,Resolved,10.5
4006248,103628,2025-12-25,General Query,Medium,Resolved,8.3
4006249,104236,2025-11-29,General Query,Medium,Resolved,6.0
4006250,103794,2025-06-10,General Query,High,In Progress,26.5
4006251,103059,2025-07-18,Fraud Concern,Medium,In Progress,25.3
4006252,100354,2025-01-12,Transaction Failure,Critical,Resolved,43.0
4006253,101404,2025-09-14,General Query,Critical,Resolved,9.0
4006254,100247,2025-07-27,General Query,Medium,Open,9.4
4006255,103604,2025-05-31,Transaction Failure,Low,Resolved,13.0
4006256,103745,2025-10-27,Payment Dispute,Low,Resolved,16.0
4006257,104136,2025-04-14,Card Issue,Low,Resolved,28.5
4006258,101842,2025-04-01,Card Issue,High,Resolved,27.1
4006259,103769,2025-03-16,Fraud Concern,Critical,Resolved,6.6
4006260,103678,2025-06-01,Account Access,Medium,Open,4.9
4006261,100599,2025-10-18,Transaction Failure,Low,Resolved,25.5
4006262,104229,2025-07-19,Payment Dispute,Medium,Open,6.8
4006263,104859,2025-09-10,General Query,Medium,In Progress,2.7
4006264,101434,2025-12-30,ATM Issue,Low,Resolved,15.9
4006265,102196,2025-03-11,Account Access,Low,Resolved,15.3
4006266,104729,2025-05-22,Payment Dispute,Medium,Resolved,36.8
4006267,101902,2025-12-24,General Query,High,Resolved,6.9
4006268,103419,2025-01-08,Card Issue,Medium,Resolved,28.1
4006269,104483,2025-09-01,Payment Dispute,Low,Resolved,9.4
4006270,100612,2025-10-03,General Query,Low,Resolved,12.2
4006271,101991,2025-07-09,Account Access,Low,Open,34.5
4006272,101293,2025-05-24,ATM Issue,High,Resolved,40.5
4006273,101323,2025-12-01,General Query,High,Resolved,26.8
4006274,101460,2025-07-08,Card Issue,Low,Resolved,10.8
4006275,103198,2025-04-07,Card Issue,Low,Resolved,10.6
4006276,104353,2025-09-25,Payment Dispute,Medium,Resolved,8.8
4006277,102368,2025-08-01,Payment Dispute,Medium,Resolved,10.6
4006278,103715,2025-05-08,Transaction Failure,Low,In Progress,33.0
4006279,102250,2025-09-13,Transaction Failure,Low,Open,6.7
4006280,102530,2025-11-11,Account Access,Low,Open,46.4
4006281,101766,2025-11-15,Transaction Failure,Medium,Resolved,36.2
4006282,100020,2025-08-06,Account Access,Medium,In Progress,4.3
4006283,104388,2025-08-22,Card Issue,Medium,Resolved,20.4
4006284,100088,2025-10-11,Transaction Failure,Medium,Resolved,9.6
4006285,100263,2025-02-21,Card Issue,Low,Resolved,22.6
4006286,104059,2025-01-10,Card Issue,High,In Progress,7.7
4006287,100692,2025-01-24,General Query,Low,In Progress,15.6
4006288,103013,2025-06-18,General Query,Low,Resolved,4.1
4006289,103166,2025-03-02,General Query,Medium,In Progress,11.1
4006290,100627,2025-07-05,Card Issue,Medium,Resolved,4.2
4006291,100853,2025-12-16,Card Issue,Medium,Open,37.2
4006292,103423,2025-02-28,Account Access,Medium,Resolved,12.1
4006293,100183,2025-09-09,Payment Dispute,Medium,Resolved,17.4
4006294,102969,2025-08-14,Fraud Concern,Medium,Resolved,13.8
4006295,100872,2025-06-25,General Query,Low,Resolved,39.8
4006296,104034,2025-08-06,ATM Issue,Low,Resolved,26.2
4006297,102050,2025-01-08,General Query,High,Resolved,9.8
4006298,101562,2025-12-12,Transaction Failure,Medium,Resolved,17.9
4006299,101219,2025-10-11,General Query,High,Resolved,10.6
4006300,100847,2025-10-01,Transaction Failure,Medium,Resolved,27.4
4006301,103914,2025-03-02,Fraud Concern,Medium,Open,9.3
4006302,102362,2025-10-29,ATM Issue,Medium,Resolved,38.1
4006303,103018,2025-05-23,Card Issue,Low,Resolved,9.1
4006304,104185,2025-04-09,Payment Dispute,Medium,Resolved,1.8
4006305,103540,2025-01-24,Transaction Failure,Medium,Resolved,51.9
4006306,101266,2025-04-21,Account Access,Low,Resolved,17.2
4006307,102925,2025-05-06,Transaction Failure,High,In Progress,10.8
4006308,100035,2025-12-14,Payment Dispute,Critical,In Progress,23.9
4006309,100035,2025-09-13,Payment Dispute,Medium,Resolved,8.4
4006310,102708,2025-07-25,General Query,Medium,Resolved,11.6
4006311,102403,2025-04-13,Fraud Concern,Medium,Open,23.0
4006312,100143,2025-02-28,Card Issue,Low,Resolved,18.0
4006313,101926,2025-09-03,General Query,Medium,Resolved,29.7
4006314,100190,2025-03-15,General Query,Low,Resolved,12.1
4006315,101258,2025-11-10,General Query,High,Resolved,22.1
4006316,102999,2025-11-18,Account Access,Medium,Resolved,20.1
4006317,102317,2025-07-16,Fraud Concern,Low,Resolved,3.4
4006318,103464,2025-11-26,Transaction Failure,Low,Resolved,8.3
4006319,101792,2025-01-09,Payment Dispute,Medium,Resolved,18.6
4006320,102766,2025-04-26,Account Access,High,Resolved,8.1
4006321,102830,2025-02-20,Account Access,Medium,Resolved,12.4
4006322,100164,2025-08-26,General Query,Medium,Open,20.2
4006323,100843,2025-05-09,Transaction Failure,Medium,In Progress,15.7
4006324,103415,2025-02-12,Account Access,Medium,Resolved,11.1
4006325,104352,2025-07-20,ATM Issue,Low,Resolved,19.4
4006326,103257,2025-04-11,Card Issue,Medium,Open,18.5
4006327,103970,2025-06-16,Payment Dispute,Low,Resolved,28.7
4006328,103803,2025-01-07,Account Access,Low,Open,19.9
4006329,102302,2025-05-24,Transaction Failure,High,Resolved,15.2
4006330,100555,2025-10-21,Transaction Failure,Medium,Resolved,13.9
4006331,104532,2025-06-06,ATM Issue,Critical,Resolved,37.2
4006332,102307,2025-03-06,Account Access,High,Resolved,5.6
4006333,102692,2025-07-13,Account Access,Critical,Resolved,16.9
4006334,102731,2025-05-04,ATM Issue,Medium,Resolved,27.2
4006335,101557,2025-07-05,Transaction Failure,Low,Resolved,10.1
4006336,103078,2025-05-12,Transaction Failure,Low,Resolved,13.5
4006337,100947,2025-06-30,Transaction Failure,Low,Resolved,34.1
4006338,102400,2025-07-16,Card Issue,High,Open,7.5
4006339,100002,2025-01-02,General Query,Critical,Resolved,4.2
4006340,101021,2025-03-30,Fraud Concern,Low,Resolved,11.9
4006341,102806,2025-04-09,Card Issue,Low,Resolved,5.2
4006342,102888,2025-04-01,Fraud Concern,Medium,Resolved,8.4
4006343,103827,2025-11-25,Account Access,High,Resolved,21.5
4006344,101419,2025-11-16,Account Access,Medium,Open,0.8
4006345,103718,2025-05-02,Payment Dispute,Medium,Resolved,15.1
4006346,102301,2025-05-09,Transaction Failure,Low,Resolved,46.0
4006347,102223,2025-02-12,Payment Dispute,Low,Resolved,9.3
4006348,100592,2025-01-17,General Query,Low,Resolved,17.1
4006349,100296,2025-08-24,Transaction Failure,Low,Resolved,14.4
4006350,100240,2025-06-23,Card Issue,High,Open,10.6
4006351,103252,2025-10-28,General Query,High,Resolved,20.0
4006352,104810,2025-10-11,General Query,Medium,Resolved,10.2
4006353,104238,2025-08-24,Card Issue,Low,Open,17.2
4006354,104291,2025-06-29,Fraud Concern,Medium,Resolved,28.7
4006355,104157,2025-01-03,Account Access,Medium,Resolved,25.2
4006356,104313,2025-04-20,Transaction Failure,Low,Resolved,9.3
4006357,104682,2025-06-02,Account Access,Medium,Resolved,12.3
4006358,102029,2025-08-05,General Query,Low,Resolved,27.7
4006359,102693,2025-12-04,Account Access,High,Resolved,5.4
4006360,102699,2025-10-14,Card Issue,Low,Resolved,35.9
4006361,101913,2025-09-24,ATM Issue,Low,Resolved,48.3
4006362,101646,2025-03-11,General Query,Low,Resolved,17.4
4006363,101117,2025-09-17,Payment Dispute,Low,Resolved,10.6
4006364,104597,2025-04-11,Payment Dispute,Low,Resolved,12.0
4006365,104441,2025-08-19,General Query,Low,Resolved,17.0
4006366,103480,2025-08-14,Card Issue,Low,In Progress,20.3
4006367,100938,2025-02-17,General Query,Medium,In Progress,9.1
4006368,102548,2025-10-08,Account Access,Low,Resolved,16.3
4006369,102141,2025-10-16,Payment Dispute,Low,Resolved,18.3
4006370,100489,2025-06-21,Payment Dispute,Medium,Open,24.5
4006371,101484,2025-11-12,Card Issue,Medium,Resolved,9.6
4006372,103649,2025-10-17,General Query,High,Resolved,12.6
4006373,103487,2025-01-18,ATM Issue,Low,Resolved,29.6
4006374,104168,2025-10-03,Payment Dispute,Medium,Resolved,14.6
4006375,104746,2025-04-09,ATM Issue,High,Resolved,30.1
4006376,100162,2025-05-21,ATM Issue,Medium,Resolved,14.0
4006377,101421,2025-11-18,ATM Issue,Medium,In Progress,15.6
4006378,102951,2025-06-25,General Query,Medium,Resolved,11.0
4006379,102574,2025-03-28,Card Issue,Low,Resolved,13.1
4006380,101315,2025-11-25,Card Issue,Medium,In Progress,30.8
4006381,101735,2025-03-10,ATM Issue,Medium,Resolved,20.2
4006382,101586,2025-05-21,General Query,Medium,In Progress,25.3
4006383,103320,2025-12-25,General Query,Low,Resolved,8.5
4006384,104342,2025-04-20,Transaction Failure,Medium,Resolved,12.5
4006385,100858,2025-01-01,Card Issue,Low,Open,14.3
4006386,104668,2025-07-04,Fraud Concern,Low,Open,61.2
4006387,103622,2025-01-25,Transaction Failure,High,Resolved,22.7
4006388,100400,2025-12-08,Card Issue,Low,Resolved,21.3
4006389,101391,2025-05-17,Transaction Failure,High,Resolved,10.1
4006390,100658,2025-10-20,General Query,Low,Resolved,9.9
4006391,102517,2025-05-17,General Query,High,Resolved,10.7
4006392,104446,2025-12-04,Payment Dispute,Low,In Progress,15.7
4006393,100762,2025-11-12,Payment Dispute,Critical,Open,9.2
4006394,103812,2025-04-11,Account Access,Medium,Resolved,13.9
4006395,104738,2025-12-13,Transaction Failure,Low,Open,20.5
4006396,101531,2025-09-24,General Query,Low,In Progress,9.2
4006397,100313,2025-04-28,General Query,Low,Resolved,16.2
4006398,104988,2025-06-04,Account Access,Medium,Resolved,25.7
4006399,100825,2025-03-05,Fraud Concern,Low,Open,13.6
4006400,101066,2025-09-20,Transaction Failure,Low,Resolved,35.6
4006401,101347,2025-01-08,Payment Dispute,Medium,Resolved,15.4
4006402,103869,2025-10-08,Payment Dispute,Medium,Resolved,16.2
4006403,103236,2025-02-06,ATM Issue,Medium,Resolved,10.1
4006404,103488,2025-12-23,Account Access,High,Open,34.2
4006405,100234,2025-03-21,Account Access,Low,Open,12.7
4006406,103843,2025-09-06,Card Issue,Low,Resolved,29.5
4006407,102779,2025-12-02,Fraud Concern,Low,Open,9.1
4006408,102239,2025-02-08,General Query,Medium,Resolved,8.5
4006409,102791,2025-07-12,General Query,Low,Resolved,23.1
4006410,101404,2025-04-24,Account Access,Low,Resolved,10.6
4006411,100991,2025-07-03,General Query,Low,In Progress,13.1
4006412,104266,2025-10-21,Account Access,High,Open,13.0
4006413,103860,2025-09-23,General Query,Low,In Progress,23.4
4006414,102070,2025-11-20,Fraud Concern,Low,Resolved,22.7
4006415,100542,2025-08-08,Account Access,Medium,Resolved,12.6
4006416,101267,2025-07-29,Fraud Concern,High,Resolved,24.2
4006417,100663,2025-12-18,Payment Dispute,Low,In Progress,23.0
4006418,103961,2025-06-12,Transaction Failure,Medium,Resolved,9.8
4006419,100314,2025-08-31,Card Issue,High,Resolved,22.0
4006420,103298,2025-02-02,Account Access,High,Resolved,16.5
4006421,102399,2025-08-10,Card Issue,Low,Resolved,4.0
4006422,102169,2025-12-17,Payment Dispute,Low,Resolved,10.0
4006423,100287,2025-05-19,Fraud Concern,Medium,Open,33.8
4006424,100844,2025-03-13,Payment Dispute,Medium,Resolved,17.9
4006425,104760,2025-05-04,General Query,Low,Resolved,17.9
4006426,103112,2025-06-15,Fraud Concern,Medium,Resolved,2.6
4006427,102780,2025-12-22,General Query,Medium,Resolved,9.8
4006428,103190,2025-04-19,General Query,Low,Open,17.4
4006429,101477,2025-04-06,Card Issue,Low,Resolved,2.8
4006430,100608,2025-04-13,Fraud Concern,Low,Resolved,3.2
4006431,104236,2025-09-30,Account Access,High,Resolved,9.3
4006432,101152,2025-12-31,Fraud Concern,High,Resolved,7.5
4006433,100080,2025-03-07,Account Access,Medium,Resolved,1.7
4006434,100955,2025-05-30,Payment Dispute,Medium,Resolved,5.6
4006435,100621,2025-06-29,General Query,Low,Resolved,25.2
4006436,101156,2025-10-18,Card Issue,Medium,Resolved,6.8
4006437,100480,2025-12-25,Account Access,Medium,Resolved,38.8
4006438,101773,2025-08-11,Fraud Concern,Low,Resolved,34.1
4006439,100171,2025-07-01,General Query,High,Resolved,13.4
4006440,102756,2025-09-01,Fraud Concern,Low,Open,9.0
4006441,102779,2025-08-01,Fraud Concern,Low,Open,8.5
4006442,103570,2025-09-01,Transaction Failure,Low,Open,17.1
4006443,102897,2025-11-02,Account Access,Low,Resolved,4.2
4006444,100404,2025-04-10,Transaction Failure,Critical,Resolved,13.1
4006445,100108,2025-07-04,General Query,Low,Resolved,19.1
4006446,102454,2025-01-26,General Query,Low,Resolved,21.5
4006447,102545,2025-10-18,Account Access,Low,Resolved,13.8
4006448,104996,2025-09-17,Payment Dispute,Medium,Resolved,11.9
4006449,100309,2025-12-27,ATM Issue,High,Open,53.5
4006450,103662,2025-12-21,Transaction Failure,Low,Resolved,33.9
4006451,103296,2025-07-03,Fraud Concern,Low,Resolved,22.5
4006452,102602,2025-11-09,Payment Dispute,Medium,Resolved,22.0
4006453,101436,2025-02-14,Card Issue,Medium,Resolved,7.9
4006454,100277,2025-07-19,Payment Dispute,Medium,Resolved,11.6
4006455,100859,2025-04-17,Account Access,Medium,Resolved,14.5
4006456,104703,2025-12-31,Fraud Concern,Medium,Resolved,11.9
4006457,104479,2025-03-15,ATM Issue,Medium,Resolved,12.8
4006458,101633,2025-08-02,Transaction Failure,High,Resolved,14.0
4006459,100018,2025-08-13,ATM Issue,Medium,Resolved,13.7
4006460,102861,2025-10-03,Card Issue,Medium,Resolved,6.3
4006461,101319,2025-07-03,Transaction Failure,Low,Resolved,8.8
4006462,104743,2025-05-08,ATM Issue,Low,Resolved,33.2
4006463,101356,2025-04-09,Transaction Failure,High,Resolved,16.7
4006464,103244,2025-06-08,Fraud Concern,Low,Resolved,28.8
4006465,101392,2025-10-25,Transaction Failure,Low,Resolved,3.9
4006466,104726,2025-07-07,Fraud Concern,Medium,In Progress,35.6
4006467,101574,2025-10-19,General Query,Medium,In Progress,28.0
4006468,102532,2025-04-29,Transaction Failure,High,Resolved,10.0
4006469,102089,2025-05-14,General Query,High,Resolved,6.0
4006470,101615,2025-08-02,Transaction Failure,High,Resolved,5.2
4006471,104936,2025-08-09,Payment Dispute,Medium,Open,0.9
4006472,103610,2025-06-12,General Query,Low,Resolved,22.8
4006473,101738,2025-10-15,ATM Issue,Medium,Resolved,5.8
4006474,101013,2025-02-19,Fraud Concern,Low,Resolved,24.2
4006475,104027,2025-05-18,Fraud Concern,Medium,Resolved,11.5
4006476,103635,2025-02-18,General Query,Low,Resolved,8.2
4006477,100206,2025-05-10,Card Issue,Medium,In Progress,18.1
4006478,102680,2025-02-18,Transaction Failure,Medium,Resolved,15.2
4006479,103845,2025-06-18,Transaction Failure,Low,Resolved,63.5
4006480,102622,2025-03-27,Payment Dispute,High,Resolved,18.3
4006481,103950,2025-05-14,Fraud Concern,Low,Resolved,20.9
4006482,101269,2025-05-26,General Query,Medium,Resolved,11.6
4006483,100116,2025-01-30,General Query,Low,In Progress,12.8
4006484,101976,2025-08-10,General Query,Medium,Resolved,20.2
4006485,104429,2025-11-05,Payment Dispute,Low,Resolved,17.8
4006486,104676,2025-05-17,General Query,Low,Resolved,5.1
4006487,100309,2025-03-21,Payment Dispute,Medium,Open,26.8
4006488,104579,2025-06-19,Transaction Failure,Low,Resolved,5.7
4006489,103791,2025-12-08,Transaction Failure,Medium,Resolved,23.4
4006490,102222,2025-06-26,Transaction Failure,Low,Resolved,11.2
4006491,104260,2025-02-20,Fraud Concern,Medium,In Progress,16.4
4006492,104236,2025-11-14,Account Access,Medium,Resolved,5.2
4006493,103235,2025-07-28,Payment Dispute,Low,Resolved,13.3
4006494,102412,2025-06-22,Fraud Concern,Low,Open,12.8
4006495,103045,2025-05-29,Account Access,High,In Progress,17.3
4006496,101254,2025-12-28,Transaction Failure,Low,Resolved,16.0
4006497,103804,2025-05-31,ATM Issue,Medium,Resolved,6.2
4006498,104911,2025-11-23,General Query,Critical,Open,14.3
4006499,102775,2025-08-21,Fraud Concern,Medium,Resolved,32.8
4006500,103398,2025-11-05,Transaction Failure,Medium,Resolved,15.7
4006501,102338,2025-04-19,Account Access,Low,Resolved,6.8
4006502,104386,2025-12-14,General Query,Medium,Resolved,12.8
4006503,100027,2025-02-11,General Query,Low,In Progress,4.6
4006504,101261,2025-06-17,Transaction Failure,Medium,Resolved,7.6
4006505,103505,2025-11-16,General Query,Low,Resolved,4.9
4006506,103584,2025-04-28,Fraud Concern,Low,Resolved,11.0
4006507,104227,2025-09-04,Account Access,Medium,Resolved,30.7
4006508,102968,2025-05-13,Transaction Failure,High,Resolved,13.5
4006509,103708,2025-03-29,Card Issue,High,Resolved,6.4
4006510,102000,2025-01-10,Card Issue,Low,Resolved,5.7
4006511,104511,2025-07-07,Account Access,Low,Resolved,16.0
4006512,102966,2025-07-31,ATM Issue,High,Resolved,11.6
4006513,100596,2025-03-15,ATM Issue,Low,Resolved,22.7
4006514,102280,2025-01-25,Fraud Concern,Low,Resolved,6.5
4006515,103483,2025-12-12,Transaction Failure,Medium,Resolved,6.3
4006516,104156,2025-07-20,Fraud Concern,High,Resolved,14.3
4006517,102479,2025-02-10,Fraud Concern,Medium,Resolved,2.4
4006518,103580,2025-03-04,Card Issue,Low,Resolved,24.4
4006519,102160,2025-06-17,Transaction Failure,Low,Resolved,11.1
4006520,101961,2025-05-01,Transaction Failure,Medium,Resolved,9.4
4006521,100359,2025-06-21,ATM Issue,Medium,Resolved,7.1
4006522,104879,2025-06-24,General Query,High,Open,17.6
4006523,102097,2025-05-31,Transaction Failure,Medium,Resolved,3.8
4006524,104251,2025-10-04,General Query,Low,Resolved,8.7
4006525,101011,2025-06-30,Account Access,Medium,Resolved,6.5
4006526,101857,2025-12-27,General Query,Medium,Resolved,2.2
4006527,103821,2025-10-31,Payment Dispute,High,Resolved,38.4
4006528,101916,2025-05-11,Account Access,Low,Resolved,28.8
4006529,100180,2025-09-02,Fraud Concern,High,Resolved,19.8
4006530,103816,2025-11-19,Transaction Failure,Low,Resolved,27.4
4006531,104946,2025-07-17,Account Access,Low,Resolved,18.6
4006532,102029,2025-08-22,Transaction Failure,Medium,Resolved,5.1
4006533,103397,2025-02-20,Card Issue,Low,Resolved,4.3
4006534,102202,2025-07-19,Transaction Failure,Low,In Progress,14.8
4006535,104871,2025-10-03,Fraud Concern,Medium,Resolved,12.0
4006536,102245,2025-02-23,Account Access,Low,Resolved,10.2
4006537,102054,2025-03-12,Card Issue,Medium,In Progress,28.8
4006538,102525,2025-03-13,Card Issue,Medium,Resolved,23.8
4006539,103638,2025-11-17,Card Issue,Critical,Resolved,17.0
4006540,100666,2025-03-28,Account Access,Medium,Resolved,8.3
4006541,102732,2025-02-17,Card Issue,Medium,Open,11.1
4006542,101943,2025-07-01,Transaction Failure,Medium,Resolved,18.8
4006543,100698,2025-09-20,Fraud Concern,Low,Resolved,30.1
4006544,104524,2025-03-19,Fraud Concern,Low,Open,10.9
4006545,102681,2025-11-16,Card Issue,Low,Resolved,3.6
4006546,102792,2025-06-30,Account Access,Medium,Resolved,5.8
4006547,100761,2025-01-28,ATM Issue,High,In Progress,5.0
4006548,104366,2025-09-12,Transaction Failure,Low,Open,9.1
4006549,104877,2025-09-11,ATM Issue,Low,Resolved,22.6
4006550,100291,2025-11-30,Fraud Concern,Low,Resolved,9.9
4006551,102233,2025-07-15,ATM Issue,Medium,Resolved,32.5
4006552,104501,2025-11-22,Transaction Failure,Medium,Resolved,12.9
4006553,103556,2025-01-12,ATM Issue,Low,Resolved,12.4
4006554,102789,2025-04-08,Payment Dispute,High,Resolved,16.0
4006555,101433,2025-07-27,Account Access,Medium,In Progress,7.9
4006556,104867,2025-10-09,General Query,Low,Resolved,25.4
4006557,103759,2025-06-29,General Query,Low,Resolved,6.8
4006558,103544,2025-07-08,Payment Dispute,Low,Open,8.5
4006559,101670,2025-09-19,Card Issue,Medium,Resolved,6.2
4006560,101175,2025-07-10,Account Access,High,Resolved,16.9
4006561,102979,2025-09-14,General Query,Low,Resolved,4.5
4006562,101690,2025-12-22,Account Access,Medium,Resolved,26.5
4006563,102320,2025-09-30,General Query,Low,Resolved,76.5
4006564,102198,2025-08-16,Payment Dispute,High,Resolved,13.0
4006565,102962,2025-09-21,Payment Dispute,Low,Resolved,2.0
4006566,101066,2025-01-03,Card Issue,Medium,In Progress,22.8
4006567,103405,2025-09-17,Payment Dispute,Low,Open,14.0
4006568,104317,2025-11-01,Transaction Failure,Low,Resolved,10.4
4006569,101630,2025-06-20,General Query,Low,Resolved,15.2
4006570,101823,2025-01-16,Payment Dispute,Low,Resolved,11.1
4006571,102003,2025-01-27,Fraud Concern,Medium,Resolved,14.7
4006572,100847,2025-08-23,Card Issue,Medium,Resolved,2.2
4006573,101692,2025-09-12,Account Access,Medium,Resolved,18.6
4006574,101979,2025-09-29,ATM Issue,Medium,Open,32.6
4006575,103657,2025-06-15,Account Access,High,Resolved,13.0
4006576,103529,2025-10-22,Account Access,Low,Resolved,5.9
4006577,100689,2025-06-25,General Query,Medium,Resolved,15.4
4006578,102010,2025-02-09,Account Access,Medium,Resolved,27.0
4006579,103969,2025-08-30,Account Access,Low,Resolved,14.3
4006580,102411,2025-06-16,Account Access,Medium,In Progress,20.5
4006581,101994,2025-03-31,Card Issue,Medium,Open,18.8
4006582,102595,2025-12-09,ATM Issue,High,In Progress,45.8
4006583,104331,2025-12-14,Card Issue,High,Open,6.9
4006584,102475,2025-06-25,Fraud Concern,High,Resolved,29.0
4006585,104027,2025-12-15,Transaction Failure,Medium,Resolved,16.2
4006586,102165,2025-07-11,Transaction Failure,Medium,Open,12.7
4006587,101762,2025-02-27,Transaction Failure,Medium,In Progress,24.6
4006588,103253,2025-04-05,Transaction Failure,High,Resolved,6.6
4006589,101042,2025-06-12,Transaction Failure,Low,Resolved,21.9
4006590,102821,2025-08-23,Card Issue,Critical,Open,17.3
4006591,100136,2025-12-27,Card Issue,Medium,Resolved,4.6
4006592,103046,2025-02-07,Transaction Failure,Low,Resolved,29.3
4006593,103482,2025-07-17,Transaction Failure,Low,Resolved,22.4
4006594,102324,2025-06-22,ATM Issue,Low,Resolved,12.7
4006595,102796,2025-10-17,Card Issue,Critical,Resolved,7.4
4006596,104658,2025-08-06,Payment Dispute,Low,Resolved,15.3
4006597,104318,2025-05-06,General Query,High,Resolved,9.4
4006598,102475,2025-05-05,General Query,Medium,Resolved,18.2
4006599,100183,2025-01-14,Fraud Concern,Low,Resolved,4.1
4006600,104013,2025-06-15,Transaction Failure,High,Resolved,8.5
4006601,102595,2025-07-05,Card Issue,Low,Resolved,26.1
4006602,104713,2025-03-22,Payment Dispute,Medium,Resolved,21.3
4006603,103565,2025-12-23,General Query,Medium,Resolved,20.2
4006604,103112,2025-03-30,Payment Dispute,Critical,Resolved,35.8
4006605,103374,2025-12-21,Account Access,High,Resolved,68.8
4006606,104002,2025-09-27,General Query,Medium,In Progress,6.6
4006607,102698,2025-10-22,Card Issue,Low,Resolved,31.1
4006608,104277,2025-05-15,ATM Issue,High,Resolved,41.1
4006609,104957,2025-04-24,Account Access,Medium,Resolved,39.1
4006610,103489,2025-09-24,Payment Dispute,High,Resolved,12.3
4006611,100310,2025-07-13,Transaction Failure,High,Open,20.0
4006612,104247,2025-03-09,Card Issue,High,Resolved,21.8
4006613,100689,2025-05-08,Fraud Concern,Low,Resolved,7.0
4006614,104501,2025-04-27,General Query,Medium,Resolved,8.0
4006615,101390,2025-10-31,Payment Dispute,Medium,Resolved,17.7
4006616,100556,2025-10-15,Account Access,Medium,Resolved,35.6
4006617,104662,2025-02-25,Transaction Failure,Low,Resolved,1.3
4006618,102648,2025-03-19,Payment Dispute,Medium,Resolved,10.6
4006619,100663,2025-01-12,Transaction Failure,Medium,Resolved,20.0
4006620,100462,2025-10-02,Account Access,Low,Resolved,14.5
4006621,102433,2025-01-31,Transaction Failure,Low,Open,35.6
4006622,103561,2025-08-13,Transaction Failure,Medium,Resolved,7.4
4006623,104098,2025-06-29,Transaction Failure,Medium,Resolved,22.2
4006624,100424,2025-09-10,Payment Dispute,High,In Progress,7.1
4006625,100977,2025-12-05,Fraud Concern,Medium,Resolved,12.3
4006626,101272,2025-10-05,ATM Issue,Low,Resolved,20.6
4006627,103091,2025-02-14,Fraud Concern,High,In Progress,8.1
4006628,103060,2025-02-13,General Query,Medium,In Progress,58.6
4006629,100490,2025-09-25,Fraud Concern,Low,Resolved,7.6
4006630,100181,2025-01-27,Account Access,Medium,Resolved,4.0
4006631,104617,2025-11-26,General Query,Low,In Progress,28.0
4006632,102830,2025-11-20,Account Access,High,Resolved,16.8
4006633,101823,2025-11-22,General Query,High,Resolved,4.8
4006634,102116,2025-01-28,ATM Issue,Medium,Open,23.7
4006635,101753,2025-08-10,General Query,Medium,Resolved,5.1
4006636,104991,2025-09-29,Payment Dispute,Medium,Resolved,9.0
4006637,101180,2025-06-22,Payment Dispute,Medium,Resolved,29.1
4006638,100344,2025-01-25,Payment Dispute,Low,Resolved,21.7
4006639,104607,2025-04-06,Fraud Concern,Low,Open,7.6
4006640,101645,2025-07-14,Card Issue,High,In Progress,1.6
4006641,101065,2025-04-14,Account Access,Low,Resolved,14.6
4006642,101964,2025-06-05,Card Issue,Low,Resolved,0.8
4006643,102727,2025-06-04,Fraud Concern,Medium,Open,23.2
4006644,104850,2025-11-22,Account Access,High,Resolved,28.3
4006645,103041,2025-12-23,Payment Dispute,Low,Resolved,21.2
4006646,100065,2025-07-01,General Query,High,Resolved,19.8
4006647,104411,2025-08-20,Transaction Failure,Critical,Resolved,13.5
4006648,104717,2025-05-03,Account Access,Low,Resolved,23.6
4006649,103960,2025-11-07,Payment Dispute,Medium,Open,16.0
4006650,102649,2025-06-30,Transaction Failure,Low,Resolved,7.6
4006651,102211,2025-06-17,Fraud Concern,Low,Resolved,40.1
4006652,102086,2025-09-16,Transaction Failure,Low,Resolved,20.0
4006653,101038,2025-09-26,Transaction Failure,Low,Open,27.7
4006654,102925,2025-07-17,Transaction Failure,Medium,Open,5.4
4006655,100631,2025-10-24,Account Access,Low,Resolved,17.0
4006656,102182,2025-03-04,Card Issue,Low,Resolved,21.0
4006657,102984,2025-10-13,Transaction Failure,Low,Resolved,20.7
4006658,102863,2025-02-08,Payment Dispute,Low,Resolved,4.5
4006659,104920,2025-05-21,ATM Issue,Medium,Resolved,8.0
4006660,102163,2025-06-28,ATM Issue,Low,Resolved,19.7
4006661,100114,2025-08-04,Transaction Failure,Critical,Open,20.1
4006662,100155,2025-04-21,Card Issue,Low,Open,8.7
4006663,100839,2025-06-02,Fraud Concern,Medium,Resolved,4.2
4006664,100387,2025-08-22,Transaction Failure,Low,Resolved,48.3
4006665,102202,2025-01-23,General Query,Low,Resolved,6.7
4006666,102463,2025-11-26,Transaction Failure,Low,Resolved,32.3
4006667,100497,2025-10-29,Payment Dispute,Low,Resolved,19.1
4006668,102113,2025-10-10,Transaction Failure,Low,Open,47.3
4006669,101212,2025-09-29,Transaction Failure,Low,Resolved,15.4
4006670,101850,2025-10-05,General Query,Low,Resolved,12.1
4006671,104694,2025-02-13,Fraud Concern,Critical,Resolved,5.8
4006672,102307,2025-07-09,Account Access,High,Resolved,73.8
4006673,100721,2025-04-09,General Query,Medium,Resolved,29.6
4006674,102896,2025-01-07,General Query,High,Resolved,28.2
4006675,101485,2025-12-18,Transaction Failure,High,Resolved,5.1
4006676,100157,2025-01-04,Transaction Failure,Medium,Resolved,32.2
4006677,104934,2025-04-13,General Query,Medium,Resolved,20.7
4006678,102152,2025-06-08,General Query,Medium,Resolved,26.6
4006679,103397,2025-07-28,Payment Dispute,Low,Resolved,7.4
4006680,103397,2025-08-23,General Query,Low,In Progress,21.5
4006681,102980,2025-01-23,Transaction Failure,Low,Resolved,17.7
4006682,102802,2025-08-24,Transaction Failure,Low,Resolved,14.1
4006683,101639,2025-01-26,Fraud Concern,Medium,Resolved,5.2
4006684,102957,2025-02-14,General Query,High,Resolved,21.7
4006685,100750,2025-08-04,General Query,Medium,Resolved,5.2
4006686,104428,2025-11-28,Fraud Concern,Low,Resolved,16.0
4006687,100566,2025-12-23,General Query,Low,Resolved,57.0
4006688,103934,2025-11-24,Card Issue,Medium,Resolved,4.2
4006689,102268,2025-08-20,General Query,High,Resolved,20.5
4006690,103843,2025-12-23,ATM Issue,Low,Resolved,36.8
4006691,104273,2025-02-22,ATM Issue,Medium,Resolved,18.8
4006692,104822,2025-03-06,Transaction Failure,High,Resolved,17.7
4006693,101161,2025-01-08,Fraud Concern,Medium,Resolved,5.8
4006694,104154,2025-08-18,ATM Issue,Critical,Resolved,4.2
4006695,103082,2025-11-01,Payment Dispute,High,Resolved,2.7
4006696,103395,2025-04-06,Account Access,Low,Resolved,28.4
4006697,103440,2025-10-16,Transaction Failure,Low,Resolved,0.9
4006698,103498,2025-05-23,Transaction Failure,Critical,Resolved,53.4
4006699,104631,2025-12-26,General Query,Low,Resolved,7.9
4006700,103498,2025-10-14,Payment Dispute,Medium,Resolved,19.5
4006701,102601,2025-01-29,Fraud Concern,Critical,Resolved,20.3
4006702,102996,2025-11-01,Account Access,Low,Resolved,6.9
4006703,104584,2025-06-17,ATM Issue,Low,Resolved,6.1
4006704,104799,2025-07-21,Payment Dispute,Medium,Resolved,25.1
4006705,103382,2025-01-13,General Query,Low,In Progress,11.9
4006706,103900,2025-11-17,General Query,High,Open,7.3
4006707,103969,2025-02-27,General Query,Low,Resolved,57.1
4006708,104309,2025-03-05,Transaction Failure,Medium,Resolved,12.5
4006709,100860,2025-02-27,Account Access,Low,Resolved,10.5
4006710,101527,2025-04-30,Card Issue,Low,Resolved,22.2
4006711,102307,2025-01-25,Card Issue,Medium,In Progress,29.5
4006712,101478,2025-03-10,General Query,Medium,Resolved,7.1
4006713,100174,2025-11-15,Transaction Failure,Medium,In Progress,37.0
4006714,102796,2025-01-24,Fraud Concern,High,Resolved,19.6
4006715,100244,2025-04-04,Transaction Failure,Low,Resolved,11.4
4006716,104368,2025-10-16,Card Issue,Low,Resolved,15.1
4006717,103077,2025-10-09,Transaction Failure,Low,Resolved,12.5
4006718,101192,2025-05-24,Account Access,Medium,Resolved,9.0
4006719,102513,2025-03-30,Payment Dispute,Low,In Progress,21.1
4006720,100608,2025-12-01,Card Issue,Medium,Resolved,5.7
4006721,103200,2025-05-29,ATM Issue,Low,Resolved,24.7
4006722,103083,2025-11-07,Account Access,Medium,Resolved,45.9
4006723,102667,2025-11-26,General Query,Low,Open,7.4
4006724,104012,2025-06-24,ATM Issue,Medium,Open,13.7
4006725,100907,2025-08-01,General Query,High,Resolved,26.7
4006726,102751,2025-11-19,Fraud Concern,High,Resolved,2.4
4006727,104600,2025-11-25,ATM Issue,Medium,Resolved,15.1
4006728,102098,2025-11-11,Account Access,High,Resolved,5.6
4006729,102647,2025-01-29,ATM Issue,Low,Resolved,19.2
4006730,104907,2025-06-29,General Query,Medium,In Progress,9.4
4006731,104719,2025-06-11,General Query,High,Resolved,5.5
4006732,103368,2025-09-28,General Query,High,Resolved,5.4
4006733,104494,2025-11-27,ATM Issue,Medium,Resolved,27.6
4006734,103529,2025-11-28,Account Access,Medium,Resolved,14.4
4006735,101813,2025-11-20,Fraud Concern,Medium,Resolved,13.4
4006736,104172,2025-02-03,Transaction Failure,Low,Resolved,21.9
4006737,101156,2025-02-17,Fraud Concern,Low,Resolved,26.3
4006738,103725,2025-05-13,Fraud Concern,Low,Open,12.6
4006739,104291,2025-11-06,General Query,Low,Resolved,8.7
4006740,101847,2025-05-27,Card Issue,Low,Resolved,9.8
4006741,104619,2025-10-09,ATM Issue,Low,Resolved,9.9
4006742,102274,2025-10-14,General Query,Low,Resolved,7.3
4006743,100172,2025-12-09,Transaction Failure,Medium,Resolved,24.2
4006744,103120,2025-01-25,Transaction Failure,Low,Resolved,10.6
4006745,104763,2025-10-29,General Query,Medium,Resolved,5.6
4006746,102243,2025-11-30,Transaction Failure,Low,Resolved,3.4
4006747,100039,2025-05-22,Payment Dispute,Critical,Resolved,20.9
4006748,102912,2025-05-23,Fraud Concern,High,Resolved,14.6
4006749,103125,2025-07-28,Payment Dispute,Medium,Resolved,2.4
4006750,104106,2025-02-10,Fraud Concern,Low,Resolved,9.1
4006751,102903,2025-09-11,Transaction Failure,Low,Resolved,26.0
4006752,104627,2025-10-28,Fraud Concern,Low,Open,17.9
4006753,103683,2025-11-29,Payment Dispute,Low,Resolved,20.0
4006754,101281,2025-01-12,General Query,Medium,Resolved,16.2
4006755,102992,2025-07-04,Fraud Concern,Medium,Resolved,10.2
4006756,103871,2025-06-23,Payment Dispute,High,Resolved,11.1
4006757,104691,2025-06-28,ATM Issue,Medium,Resolved,22.0
4006758,100046,2025-08-31,Transaction Failure,Low,Open,43.0
4006759,100315,2025-05-15,Account Access,Medium,Resolved,37.8
4006760,100253,2025-12-21,ATM Issue,High,Resolved,8.2
4006761,104616,2025-07-01,General Query,Low,Resolved,14.9
4006762,101080,2025-10-19,General Query,Medium,Resolved,7.7
4006763,104820,2025-07-03,Card Issue,High,Open,16.8
4006764,102842,2025-09-08,General Query,Medium,Resolved,15.0
4006765,101456,2025-10-13,General Query,Low,Resolved,29.0
4006766,102527,2025-10-07,Card Issue,Low,Resolved,74.8
4006767,104952,2025-02-24,General Query,Low,Resolved,6.1
4006768,103038,2025-09-08,Account Access,Low,Resolved,34.6
4006769,103892,2025-08-25,Fraud Concern,Medium,Resolved,2.1
4006770,103691,2025-03-13,General Query,Medium,Resolved,25.4
4006771,102659,2025-06-29,Card Issue,Low,Resolved,14.4
4006772,103607,2025-11-25,Card Issue,Medium,Resolved,15.7
4006773,104982,2025-12-26,General Query,Low,Resolved,12.3
4006774,101099,2025-04-28,Account Access,Low,Open,48.8
4006775,103430,2025-01-03,Payment Dispute,Medium,Resolved,19.4
4006776,103188,2025-08-16,Fraud Concern,Medium,Resolved,9.8
4006777,100352,2025-10-27,Account Access,Low,Resolved,8.0
4006778,100580,2025-12-01,ATM Issue,Medium,Resolved,23.2
4006779,102472,2025-06-18,Transaction Failure,Medium,Resolved,34.7
4006780,102684,2025-08-27,Fraud Concern,Low,Resolved,8.5
4006781,102887,2025-12-24,Card Issue,High,Resolved,7.2
4006782,100191,2025-01-31,ATM Issue,Low,Resolved,39.9
4006783,102809,2025-10-15,General Query,Low,Resolved,30.8
4006784,103176,2025-04-01,Payment Dispute,Medium,Resolved,2.9
4006785,104073,2025-08-22,Account Access,Medium,Resolved,5.3
4006786,103361,2025-09-08,Fraud Concern,Low,Resolved,68.6
4006787,102667,2025-06-17,ATM Issue,Low,Resolved,13.1
4006788,101895,2025-12-20,ATM Issue,Low,Resolved,13.1
4006789,103743,2025-01-12,Transaction Failure,Medium,Resolved,12.0
4006790,100256,2025-04-21,Transaction Failure,Medium,Resolved,25.1
4006791,104911,2025-07-13,Account Access,Medium,Resolved,12.5
4006792,101076,2025-06-03,Account Access,High,Resolved,12.1
4006793,103660,2025-01-22,Card Issue,Medium,Resolved,36.2
4006794,100528,2025-07-02,Payment Dispute,Medium,Resolved,23.2
4006795,104194,2025-03-14,Transaction Failure,Low,In Progress,8.2
4006796,101466,2025-09-22,Fraud Concern,Medium,Resolved,13.2
4006797,103337,2025-05-17,ATM Issue,Medium,Resolved,7.7
4006798,102709,2025-11-01,General Query,Medium,In Progress,14.4
4006799,100268,2025-02-07,Card Issue,Medium,Resolved,21.6
4006800,104510,2025-01-02,Payment Dispute,Medium,Resolved,26.4
4006801,104125,2025-08-22,General Query,High,Resolved,5.0
4006802,100715,2025-01-26,Card Issue,Medium,Resolved,15.9
4006803,101412,2025-10-12,Fraud Concern,Medium,Resolved,13.5
4006804,102020,2025-06-09,General Query,Medium,Resolved,13.0
4006805,103061,2025-11-29,Payment Dispute,Medium,Resolved,9.6
4006806,102509,2025-07-17,Fraud Concern,Low,Resolved,10.1
4006807,103391,2025-03-07,Account Access,Low,In Progress,38.4
4006808,101249,2025-06-08,General Query,Medium,Resolved,11.7
4006809,103856,2025-10-09,Transaction Failure,Medium,Resolved,12.8
4006810,101366,2025-07-04,Account Access,Low,Resolved,68.7
4006811,100557,2025-01-08,Fraud Concern,Low,Resolved,30.9
4006812,102825,2025-05-31,Payment Dispute,High,Resolved,13.6
4006813,100174,2025-01-16,Account Access,Medium,Resolved,20.5
4006814,101351,2025-05-24,ATM Issue,Medium,Resolved,35.2
4006815,102704,2025-09-10,Transaction Failure,Critical,Resolved,31.4
4006816,100566,2025-01-22,Card Issue,Critical,Resolved,6.8
4006817,101921,2025-06-23,General Query,Low,Resolved,8.9
4006818,100221,2025-05-04,Card Issue,High,Resolved,10.6
4006819,103108,2025-09-11,Fraud Concern,Medium,Resolved,21.7
4006820,100664,2025-12-29,ATM Issue,Medium,Resolved,24.3
4006821,101833,2025-02-18,Account Access,Low,Resolved,45.9
4006822,103870,2025-02-04,General Query,Medium,Resolved,24.7
4006823,104193,2025-06-22,Account Access,Low,Resolved,8.1
4006824,103746,2025-11-11,Payment Dispute,Low,In Progress,18.5
4006825,103535,2025-10-06,Transaction Failure,High,Resolved,31.3
4006826,100329,2025-02-27,Payment Dispute,Low,Resolved,23.5
4006827,100781,2025-12-23,Fraud Concern,Medium,Resolved,10.3
4006828,100853,2025-07-30,Fraud Concern,Low,Open,44.9
4006829,102744,2025-11-01,General Query,Low,Resolved,5.8
4006830,100974,2025-01-25,Account Access,High,Resolved,29.3
4006831,103022,2025-02-15,Card Issue,Low,In Progress,24.9
4006832,101068,2025-08-01,Transaction Failure,Low,Resolved,32.0
4006833,100407,2025-08-22,Fraud Concern,Low,Open,20.0
4006834,100118,2025-03-03,Fraud Concern,Medium,Resolved,8.8
4006835,100863,2025-06-21,Account Access,Low,Open,14.6
4006836,102093,2025-06-09,General Query,Medium,Resolved,10.2
4006837,103471,2025-11-13,ATM Issue,Medium,Resolved,22.1
4006838,103809,2025-07-09,Account Access,Low,Resolved,31.2
4006839,101539,2025-10-02,Account Access,Low,Resolved,17.6
4006840,104017,2025-01-14,Card Issue,Low,Resolved,24.4
4006841,103278,2025-06-06,General Query,Low,Resolved,25.9
4006842,100856,2025-05-24,ATM Issue,Medium,Open,26.7
4006843,104452,2025-12-15,Card Issue,Low,Resolved,21.5
4006844,104932,2025-09-01,Fraud Concern,Medium,In Progress,15.1
4006845,104678,2025-01-16,Payment Dispute,Medium,Resolved,15.1
4006846,104562,2025-10-07,Fraud Concern,Low,Resolved,3.9
4006847,101028,2025-06-30,Transaction Failure,Medium,Resolved,12.7
4006848,101677,2025-08-16,Payment Dispute,High,Resolved,15.3
4006849,100036,2025-03-25,General Query,High,Open,23.1
4006850,103810,2025-12-01,ATM Issue,Medium,Resolved,13.1
4006851,103345,2025-01-15,ATM Issue,Low,Resolved,6.4
4006852,101672,2025-11-16,ATM Issue,Low,Resolved,30.7
4006853,104994,2025-01-29,General Query,Medium,Resolved,49.9
4006854,103788,2025-05-04,General Query,Low,Resolved,26.7
4006855,104674,2025-05-13,General Query,Medium,Resolved,25.7
4006856,101908,2025-10-03,General Query,Low,Resolved,4.0
4006857,101408,2025-11-19,General Query,Low,Resolved,11.3
4006858,101959,2025-01-12,Payment Dispute,Medium,In Progress,3.0
4006859,100463,2025-01-15,Fraud Concern,Critical,Resolved,9.6
4006860,104476,2025-02-21,Transaction Failure,Critical,In Progress,33.5
4006861,101332,2025-01-29,ATM Issue,Medium,Resolved,10.0
4006862,100065,2025-10-31,Fraud Concern,Low,Resolved,23.2
4006863,100796,2025-09-15,General Query,Medium,Resolved,8.4
4006864,102430,2025-05-05,Account Access,Low,Resolved,37.8
4006865,103120,2025-06-13,Account Access,Medium,Resolved,27.9
4006866,103530,2025-02-16,Transaction Failure,Medium,Resolved,30.7
4006867,100005,2025-08-12,Transaction Failure,Low,In Progress,19.9
4006868,100202,2025-09-23,Transaction Failure,Low,Resolved,42.9
4006869,101316,2025-03-20,Transaction Failure,Medium,Resolved,11.9
4006870,101221,2025-11-30,Account Access,Medium,Open,10.8
4006871,100373,2025-10-03,Payment Dispute,Low,Resolved,15.6
4006872,104692,2025-10-11,General Query,High,Resolved,18.6
4006873,100712,2025-05-21,Card Issue,Medium,Resolved,32.0
4006874,101577,2025-06-19,Transaction Failure,Critical,Resolved,16.8
4006875,104898,2025-09-21,ATM Issue,High,Resolved,6.8
4006876,103953,2025-09-04,General Query,High,Resolved,11.9
4006877,100956,2025-12-28,Fraud Concern,Low,Open,14.0
4006878,101423,2025-12-13,Fraud Concern,High,Resolved,41.3
4006879,101755,2025-02-07,Transaction Failure,Low,Resolved,12.4
4006880,102747,2025-09-20,ATM Issue,High,Resolved,15.3
4006881,102210,2025-06-01,ATM Issue,Medium,Resolved,22.7
4006882,104542,2025-02-10,Card Issue,Low,Resolved,1.7
4006883,101010,2025-06-08,Payment Dispute,Medium,Resolved,22.8
4006884,104708,2025-12-25,Transaction Failure,Low,Resolved,16.7
4006885,101252,2025-08-08,Card Issue,High,Resolved,6.4
4006886,102062,2025-03-26,Transaction Failure,Critical,Resolved,9.5
4006887,104391,2025-12-30,ATM Issue,Medium,Resolved,38.5
4006888,100066,2025-04-02,Fraud Concern,Medium,Resolved,15.3
4006889,103405,2025-06-21,Payment Dispute,High,In Progress,11.5
4006890,103817,2025-06-06,Card Issue,Medium,Resolved,15.2
4006891,102882,2025-02-04,Fraud Concern,Medium,Resolved,24.4
4006892,102217,2025-05-30,Fraud Concern,Medium,Resolved,37.3
4006893,103151,2025-06-15,Card Issue,Medium,Resolved,21.2
4006894,102640,2025-05-09,Fraud Concern,Low,Resolved,8.8
4006895,101929,2025-02-20,Payment Dispute,Low,Resolved,11.8
4006896,104194,2025-04-11,Payment Dispute,Medium,Resolved,29.7
4006897,103291,2025-06-24,Card Issue,Low,Resolved,18.8
4006898,103935,2025-12-21,Account Access,Low,Resolved,7.0
4006899,101580,2025-02-23,Transaction Failure,Low,Resolved,17.3
4006900,103575,2025-01-20,ATM Issue,Low,Resolved,20.8
4006901,101113,2025-06-27,General Query,Low,Resolved,18.0
4006902,102749,2025-06-10,Fraud Concern,Medium,Resolved,17.1
4006903,101501,2025-12-01,Transaction Failure,Medium,Open,7.0
4006904,100775,2025-07-18,ATM Issue,Medium,Resolved,2.7
4006905,102269,2025-07-29,ATM Issue,Low,Resolved,7.0
4006906,100827,2025-11-24,ATM Issue,Low,Resolved,29.3
4006907,104860,2025-08-24,Account Access,Low,Resolved,25.5
4006908,100181,2025-09-01,Transaction Failure,Medium,Resolved,10.0
4006909,102340,2025-09-20,ATM Issue,Medium,Resolved,7.4
4006910,102327,2025-05-03,Transaction Failure,High,In Progress,10.8
4006911,101544,2025-08-13,General Query,Medium,In Progress,67.2
4006912,102499,2025-06-04,General Query,Low,Resolved,15.1
4006913,100436,2025-03-02,General Query,Medium,Resolved,3.7
4006914,100752,2025-03-09,Payment Dispute,Medium,Resolved,36.7
4006915,103059,2025-09-23,General Query,High,In Progress,11.1
4006916,104511,2025-04-09,General Query,Medium,Resolved,9.7
4006917,104475,2025-06-07,General Query,Low,Resolved,32.6
4006918,101162,2025-10-08,General Query,Critical,Resolved,22.0
4006919,102958,2025-10-19,Account Access,Low,Resolved,11.0
4006920,104905,2025-06-27,Transaction Failure,Medium,Resolved,19.7
4006921,101112,2025-03-15,General Query,Low,Open,9.1
4006922,101496,2025-05-04,Account Access,Medium,Resolved,9.9
4006923,104369,2025-10-28,Fraud Concern,High,Resolved,21.5
4006924,101011,2025-12-08,ATM Issue,Medium,Resolved,12.0
4006925,103239,2025-03-19,Account Access,Medium,Resolved,47.1
4006926,101891,2025-07-27,Account Access,Medium,Resolved,27.4
4006927,101036,2025-07-17,Card Issue,Medium,Resolved,2.8
4006928,100672,2025-02-10,Account Access,Low,Resolved,18.2
4006929,100757,2025-08-28,Payment Dispute,Medium,Resolved,3.7
4006930,102776,2025-06-11,Transaction Failure,High,In Progress,33.3
4006931,104585,2025-10-08,General Query,Low,Resolved,22.1
4006932,103253,2025-03-10,ATM Issue,Medium,Resolved,4.1
4006933,104602,2025-09-22,Account Access,Medium,Resolved,15.0
4006934,102347,2025-11-17,Transaction Failure,Medium,Resolved,35.0
4006935,104656,2025-10-27,Card Issue,High,Resolved,13.7
4006936,101858,2025-07-05,Fraud Concern,Low,Resolved,6.4
4006937,103575,2025-12-13,Transaction Failure,High,Resolved,3.4
4006938,104070,2025-08-24,Account Access,Medium,Resolved,15.7
4006939,103573,2025-09-02,Card Issue,Medium,Resolved,19.2
4006940,102713,2025-12-12,Account Access,High,Resolved,21.6
4006941,103025,2025-08-12,ATM Issue,Medium,Resolved,4.4
4006942,103526,2025-07-26,Payment Dispute,Low,Resolved,13.3
4006943,100242,2025-12-04,Account Access,Medium,Resolved,8.1
4006944,101993,2025-03-10,Account Access,Low,Resolved,6.6
4006945,104415,2025-11-10,Payment Dispute,Low,Resolved,7.6
4006946,103477,2025-02-19,ATM Issue,High,Resolved,8.3
4006947,100023,2025-09-28,Account Access,Critical,Resolved,25.7
4006948,100516,2025-07-08,Account Access,Low,Resolved,20.7
4006949,104003,2025-06-08,General Query,Low,Resolved,14.4
4006950,100101,2025-07-04,Card Issue,Low,Open,6.1
4006951,101796,2025-05-03,Payment Dispute,High,Resolved,12.8
4006952,103559,2025-10-02,Account Access,Low,Open,9.0
4006953,104289,2025-11-30,Transaction Failure,High,Resolved,33.6
4006954,100056,2025-02-10,General Query,Low,Resolved,31.1
4006955,103733,2025-05-23,General Query,Medium,Resolved,24.3
4006956,104417,2025-08-25,ATM Issue,Low,Open,10.4
4006957,102978,2025-10-16,Payment Dispute,Low,Resolved,19.0
4006958,103497,2025-04-15,Payment Dispute,Medium,Resolved,3.5
4006959,101504,2025-02-08,Transaction Failure,Medium,Resolved,21.3
4006960,102002,2025-12-11,Card Issue,High,Resolved,26.5
4006961,104971,2025-08-04,General Query,Medium,Open,6.5
4006962,100113,2025-07-29,Fraud Concern,High,Resolved,20.6
4006963,101413,2025-11-30,General Query,Critical,Resolved,32.7
4006964,104363,2025-12-16,General Query,Low,Open,15.7
4006965,102151,2025-03-13,General Query,Low,Resolved,11.2
4006966,102357,2025-01-08,Transaction Failure,Low,Resolved,64.0
4006967,104736,2025-04-24,ATM Issue,High,Resolved,16.2
4006968,104638,2025-02-14,Fraud Concern,Low,Resolved,11.1
4006969,100797,2025-07-02,Card Issue,High,Resolved,7.6
4006970,104574,2025-04-03,General Query,Low,Resolved,34.0
4006971,100302,2025-05-08,Card Issue,Low,Resolved,11.9
4006972,101992,2025-09-02,Transaction Failure,Low,In Progress,5.7
4006973,100143,2025-06-30,Card Issue,Medium,Resolved,16.6
4006974,101571,2025-04-24,Account Access,Medium,Resolved,18.6
4006975,104729,2025-10-26,Transaction Failure,Medium,Resolved,17.2
4006976,102051,2025-12-31,Transaction Failure,High,Resolved,21.4
4006977,102544,2025-09-02,Card Issue,Medium,Open,9.9
4006978,104319,2025-08-12,Payment Dispute,Medium,Resolved,17.0
4006979,100272,2025-11-30,Account Access,High,Resolved,7.8
4006980,103299,2025-09-08,General Query,Low,In Progress,9.9
4006981,103418,2025-01-26,Card Issue,Medium,Resolved,31.5
4006982,103783,2025-07-19,Transaction Failure,Low,Resolved,24.5
4006983,101546,2025-09-11,General Query,Medium,Resolved,17.1
4006984,103091,2025-08-17,Payment Dispute,Low,Resolved,12.0
4006985,102609,2025-12-09,ATM Issue,High,Resolved,7.7
4006986,104454,2025-01-31,Transaction Failure,Low,Resolved,3.5
4006987,104140,2025-05-15,Card Issue,Medium,Open,36.2
4006988,101972,2025-04-01,Account Access,High,Resolved,11.4
4006989,100319,2025-09-16,Account Access,Low,Resolved,9.1
4006990,103908,2025-03-01,General Query,Low,Resolved,27.1
4006991,102761,2025-01-18,ATM Issue,Low,Resolved,13.9
4006992,102014,2025-09-19,General Query,Low,Resolved,9.6
4006993,101152,2025-10-02,General Query,Low,Open,8.0
4006994,104910,2025-07-28,Payment Dispute,Low,Resolved,17.2
4006995,102385,2025-10-13,Card Issue,Medium,Resolved,4.9
4006996,101956,2025-04-28,Account Access,Medium,Resolved,16.6
4006997,104061,2025-05-25,Card Issue,Low,Resolved,16.9
4006998,100669,2025-05-14,Account Access,Low,Resolved,9.5
4006999,104206,2025-11-01,General Query,Low,Resolved,16.2
4007000,101444,2025-02-10,Transaction Failure,Low,Resolved,9.6
4007001,103209,2025-02-07,Card Issue,Medium,Open,5.7
4007002,100363,2025-04-08,ATM Issue,Critical,Resolved,18.0
4007003,104199,2025-10-27,ATM Issue,High,Resolved,14.6
4007004,101596,2025-12-19,General Query,Medium,Resolved,11.6
4007005,104007,2025-03-19,Transaction Failure,Low,Resolved,27.3
4007006,102161,2025-07-30,Transaction Failure,Low,Resolved,2.3
4007007,100687,2025-07-29,General Query,Low,Resolved,4.7
4007008,100425,2025-04-15,ATM Issue,High,Resolved,25.7
4007009,100521,2025-11-22,General Query,Low,Resolved,29.2
4007010,101255,2025-02-14,Transaction Failure,Low,Resolved,12.8
4007011,104774,2025-09-12,Fraud Concern,Medium,Resolved,22.5
4007012,104648,2025-01-03,General Query,Low,Resolved,7.4
4007013,104059,2025-04-23,Fraud Concern,Medium,Resolved,24.0
4007014,102142,2025-02-15,Account Access,Low,Resolved,13.5
4007015,103471,2025-01-02,ATM Issue,Low,Resolved,11.3
4007016,103710,2025-02-03,Transaction Failure,Low,Resolved,26.7
4007017,104658,2025-10-22,Card Issue,Low,Resolved,12.3
4007018,104608,2025-08-22,Transaction Failure,Critical,Resolved,38.2
4007019,100206,2025-10-02,General Query,Low,Resolved,4.0
4007020,101233,2025-03-09,Payment Dispute,Medium,Resolved,3.9
4007021,101551,2025-02-02,Account Access,Low,Open,9.4
4007022,104313,2025-05-19,General Query,High,Resolved,9.2
4007023,102516,2025-02-18,Transaction Failure,High,Resolved,13.8
4007024,100917,2025-11-16,Card Issue,Medium,Resolved,26.0
4007025,102072,2025-03-14,ATM Issue,Low,Resolved,16.0
4007026,102850,2025-06-02,Transaction Failure,Low,Resolved,9.1
4007027,101326,2025-05-25,Payment Dispute,Low,Open,25.0
4007028,104787,2025-09-13,ATM Issue,High,In Progress,9.4
4007029,103092,2025-08-28,Transaction Failure,Low,Resolved,7.9
4007030,101709,2025-06-29,General Query,Low,In Progress,6.0
4007031,104434,2025-12-01,Card Issue,Low,Resolved,16.0
4007032,101843,2025-09-10,Payment Dispute,Low,Resolved,18.0
4007033,101115,2025-05-29,Transaction Failure,Low,Resolved,8.4
4007034,101814,2025-12-24,Transaction Failure,Medium,Resolved,12.8
4007035,103155,2025-08-10,Transaction Failure,High,In Progress,22.7
4007036,101103,2025-09-29,Account Access,Critical,In Progress,28.4
4007037,100250,2025-06-25,General Query,Medium,In Progress,2.7
4007038,101906,2025-09-22,General Query,Low,Resolved,14.1
4007039,100765,2025-07-29,General Query,Low,Open,12.0
4007040,102657,2025-09-20,Card Issue,Medium,Open,11.7
4007041,100460,2025-04-18,Payment Dispute,Medium,Resolved,5.9
4007042,101477,2025-02-28,Transaction Failure,High,Resolved,25.0
4007043,104809,2025-09-13,General Query,Medium,Resolved,26.8
4007044,103093,2025-05-11,Card Issue,Medium,Resolved,11.8
4007045,103291,2025-10-10,Account Access,Medium,Resolved,34.0
4007046,100619,2025-01-22,Account Access,Medium,Resolved,14.8
4007047,101169,2025-10-02,ATM Issue,High,Resolved,22.9
4007048,103400,2025-07-27,Fraud Concern,Low,Resolved,13.6
4007049,102898,2025-03-17,Transaction Failure,Medium,Resolved,1.0
4007050,101445,2025-01-22,General Query,Low,Resolved,15.8
4007051,102165,2025-07-13,Card Issue,Low,Resolved,31.9
4007052,102031,2025-09-25,General Query,Low,Resolved,5.1
4007053,103934,2025-01-06,Fraud Concern,High,Resolved,6.1
4007054,100375,2025-06-23,General Query,Low,Resolved,4.3
4007055,102620,2025-06-22,General Query,High,Resolved,7.3
4007056,101777,2025-08-10,General Query,Medium,Resolved,9.2
4007057,101689,2025-12-13,Payment Dispute,Medium,Resolved,6.6
4007058,103219,2025-02-22,Transaction Failure,Medium,Resolved,6.4
4007059,102574,2025-10-02,Payment Dispute,High,In Progress,14.7
4007060,101419,2025-10-03,ATM Issue,High,Resolved,11.6
4007061,104341,2025-04-25,Fraud Concern,High,Open,10.9
4007062,102280,2025-11-22,Fraud Concern,Medium,Resolved,27.3
4007063,103579,2025-11-12,General Query,Medium,Resolved,16.8
4007064,103353,2025-12-03,Fraud Concern,Medium,Resolved,11.5
4007065,103505,2025-10-02,Card Issue,High,Resolved,21.0
4007066,102456,2025-08-07,Transaction Failure,Low,Resolved,9.7
4007067,100830,2025-03-02,Account Access,Low,Resolved,7.9
4007068,103683,2025-06-14,Fraud Concern,High,Open,23.0
4007069,101779,2025-05-28,General Query,Low,Open,46.8
4007070,104821,2025-05-19,Account Access,Low,Resolved,19.4
4007071,103492,2025-07-06,Account Access,Medium,Resolved,12.5
4007072,102560,2025-12-11,General Query,Medium,Resolved,6.9
4007073,100343,2025-10-29,General Query,Low,Resolved,9.2
4007074,103662,2025-12-01,General Query,Medium,In Progress,29.3
4007075,103386,2025-12-18,Card Issue,Medium,In Progress,30.4
4007076,103787,2025-10-13,Card Issue,Medium,Resolved,23.2
4007077,103335,2025-12-22,Account Access,High,Resolved,17.1
4007078,103675,2025-09-05,General Query,High,Resolved,23.3
4007079,101808,2025-12-03,Payment Dispute,Critical,In Progress,7.4
4007080,102316,2025-12-31,ATM Issue,Low,Resolved,10.8
4007081,101329,2025-12-18,Transaction Failure,Medium,Resolved,10.0
4007082,104173,2025-08-24,Card Issue,Medium,Resolved,34.3
4007083,101131,2025-12-18,Fraud Concern,Medium,Resolved,7.9
4007084,100122,2025-09-21,ATM Issue,Low,Open,9.5
4007085,102317,2025-06-05,Account Access,High,Resolved,31.5
4007086,101257,2025-08-25,General Query,Medium,Resolved,7.8
4007087,103730,2025-05-19,Transaction Failure,Medium,Resolved,13.7
4007088,103162,2025-12-15,General Query,Medium,Resolved,16.1
4007089,103721,2025-04-16,Account Access,Low,Open,13.7
4007090,101279,2025-01-10,Transaction Failure,Low,In Progress,5.6
4007091,101697,2025-12-20,ATM Issue,Medium,Resolved,17.8
4007092,102867,2025-12-10,General Query,Medium,Resolved,9.0
4007093,101945,2025-12-21,Transaction Failure,Low,Resolved,17.3
4007094,100946,2025-07-26,Account Access,Low,Resolved,6.7
4007095,102284,2025-10-06,ATM Issue,Medium,Resolved,33.6
4007096,102361,2025-07-14,General Query,Medium,Resolved,11.4
4007097,102025,2025-09-27,Transaction Failure,Low,Resolved,9.8
4007098,101709,2025-10-03,Account Access,Medium,Resolved,3.8
4007099,103142,2025-01-15,General Query,High,Open,6.6
4007100,102481,2025-10-27,Payment Dispute,Low,Resolved,41.2
4007101,102295,2025-01-05,Transaction Failure,High,Resolved,23.2
4007102,100536,2025-01-22,General Query,Low,Resolved,25.2
4007103,102840,2025-04-21,General Query,Medium,Resolved,12.5
4007104,100192,2025-02-14,Fraud Concern,Low,Resolved,16.1
4007105,103319,2025-11-27,Account Access,Medium,Resolved,25.1
4007106,103437,2025-10-17,Transaction Failure,Low,Resolved,9.6
4007107,100943,2025-03-17,Payment Dispute,Medium,Resolved,14.3
4007108,101091,2025-04-15,ATM Issue,Low,Resolved,2.8
4007109,102725,2025-07-15,General Query,Medium,Resolved,13.6
4007110,100615,2025-03-20,General Query,High,Resolved,8.3
4007111,100863,2025-02-16,Transaction Failure,Low,Resolved,3.1
4007112,102538,2025-03-15,ATM Issue,High,Resolved,14.8
4007113,100296,2025-03-30,Payment Dispute,High,Resolved,21.0
4007114,102552,2025-02-19,Transaction Failure,Medium,Resolved,14.0
4007115,104813,2025-02-24,Payment Dispute,Low,Resolved,4.3
4007116,100003,2025-05-11,Account Access,Critical,Resolved,14.6
4007117,100474,2025-10-04,Fraud Concern,High,Resolved,9.0
4007118,104928,2025-03-08,Transaction Failure,Low,Resolved,37.1
4007119,102664,2025-01-28,ATM Issue,High,In Progress,21.4
4007120,104081,2025-03-10,Fraud Concern,Medium,Resolved,15.4
4007121,102138,2025-11-25,Payment Dispute,Low,Resolved,24.5
4007122,101398,2025-03-20,Account Access,Low,Resolved,0.5
4007123,103978,2025-03-29,Account Access,Low,Resolved,8.6
4007124,104248,2025-12-25,Transaction Failure,Critical,Resolved,12.3
4007125,100380,2025-12-16,Card Issue,Low,In Progress,12.0
4007126,100971,2025-02-26,Fraud Concern,Low,In Progress,10.3
4007127,104918,2025-10-06,Account Access,Medium,Resolved,13.7
4007128,104354,2025-11-29,Fraud Concern,High,Resolved,18.7
4007129,101479,2025-05-31,Transaction Failure,Low,Resolved,10.4
4007130,104206,2025-10-23,Card Issue,Low,Resolved,12.1
4007131,100630,2025-10-10,Transaction Failure,High,Resolved,13.0
4007132,101334,2025-08-05,Account Access,High,Resolved,10.5
4007133,103466,2025-09-15,General Query,Medium,Resolved,21.7
4007134,103316,2025-07-07,Account Access,Low,Resolved,45.8
4007135,103095,2025-07-21,Fraud Concern,Medium,Open,7.1
4007136,102025,2025-02-19,Account Access,Critical,In Progress,16.0
4007137,101626,2025-07-23,General Query,Low,Resolved,10.8
4007138,101177,2025-03-18,General Query,Medium,Resolved,34.9
4007139,103142,2025-07-12,Fraud Concern,High,Resolved,8.0
4007140,103369,2025-05-29,Payment Dispute,Low,Resolved,13.9
4007141,103358,2025-05-19,Transaction Failure,High,Open,59.8
4007142,101623,2025-02-03,General Query,Medium,Resolved,10.1
4007143,102836,2025-04-22,Card Issue,Medium,Resolved,16.0
4007144,104275,2025-03-31,Transaction Failure,Low,Resolved,30.9
4007145,104265,2025-05-30,Transaction Failure,Low,Resolved,23.1
4007146,103129,2025-06-22,Card Issue,Critical,Open,5.0
4007147,101483,2025-04-20,Payment Dispute,High,Resolved,14.1
4007148,100713,2025-12-15,Card Issue,Medium,Resolved,3.2
4007149,100589,2025-09-03,Card Issue,Low,Resolved,23.3
4007150,103356,2025-12-01,ATM Issue,Medium,Resolved,4.5
4007151,104339,2025-10-07,Fraud Concern,Critical,Resolved,23.8
4007152,104357,2025-11-12,Card Issue,Medium,Resolved,28.6
4007153,102215,2025-03-30,General Query,Medium,Resolved,12.8
4007154,103716,2025-10-14,Transaction Failure,Medium,Resolved,17.2
4007155,102775,2025-06-30,Card Issue,Critical,Resolved,16.8
4007156,101968,2025-09-15,General Query,Low,Resolved,20.8
4007157,100549,2025-09-18,Transaction Failure,Low,Resolved,6.8
4007158,103537,2025-07-28,Transaction Failure,Low,Open,31.9
4007159,104671,2025-04-05,ATM Issue,Medium,Resolved,8.9
4007160,104539,2025-12-26,General Query,Medium,Resolved,18.4
4007161,104630,2025-04-03,Account Access,Medium,Resolved,18.8
4007162,103568,2025-07-30,Account Access,Medium,Resolved,13.6
4007163,101459,2025-10-13,Account Access,Medium,Resolved,29.0
4007164,101241,2025-09-30,Payment Dispute,Low,In Progress,40.4
4007165,104524,2025-11-10,Account Access,Medium,Open,15.8
4007166,101957,2025-07-21,General Query,Low,Resolved,16.2
4007167,100236,2025-02-13,General Query,Medium,Resolved,15.9
4007168,100696,2025-08-24,ATM Issue,Low,Resolved,10.4
4007169,102210,2025-08-09,Payment Dispute,Medium,Resolved,14.0
4007170,104502,2025-05-31,Transaction Failure,Low,Resolved,13.5
4007171,100632,2025-11-25,Fraud Concern,Low,Resolved,13.4
4007172,104243,2025-05-27,Card Issue,Medium,Open,33.1
4007173,102667,2025-04-22,Transaction Failure,High,Open,27.6
4007174,102870,2025-10-28,Fraud Concern,Medium,Resolved,47.2
4007175,104833,2025-05-27,Card Issue,Medium,Resolved,16.5
4007176,100973,2025-11-01,General Query,Low,Resolved,54.3
4007177,103152,2025-07-17,Transaction Failure,Low,Resolved,4.0
4007178,104048,2025-06-01,Card Issue,Low,Resolved,15.8
4007179,101589,2025-04-16,Payment Dispute,Critical,Resolved,25.6
4007180,103678,2025-03-23,Fraud Concern,Medium,Resolved,26.0
4007181,100321,2025-02-20,Card Issue,Medium,Open,28.8
4007182,100781,2025-05-14,Payment Dispute,Medium,Resolved,4.1
4007183,102682,2025-03-04,Account Access,Medium,Resolved,31.7
4007184,100081,2025-09-25,Card Issue,High,Resolved,31.7
4007185,102027,2025-01-31,Fraud Concern,Low,Resolved,2.2
4007186,103160,2025-11-09,Fraud Concern,Critical,Resolved,41.7
4007187,100753,2025-01-05,Payment Dispute,Medium,Resolved,8.1
4007188,103813,2025-01-19,ATM Issue,Medium,Open,18.1
4007189,100189,2025-09-01,General Query,Low,Resolved,12.6
4007190,100102,2025-07-08,Account Access,Low,Resolved,10.0
4007191,101811,2025-08-30,Payment Dispute,Medium,Resolved,41.6
4007192,100856,2025-10-29,ATM Issue,High,Resolved,27.9
4007193,101372,2025-10-13,Fraud Concern,Low,Resolved,5.9
4007194,102115,2025-09-08,Transaction Failure,High,Resolved,36.5
4007195,103034,2025-01-07,Card Issue,Critical,Open,1.3
4007196,102754,2025-04-05,Payment Dispute,Low,Resolved,9.6
4007197,100206,2025-08-13,ATM Issue,Medium,Resolved,21.3
4007198,100749,2025-10-09,Card Issue,Medium,Resolved,2.4
4007199,104274,2025-12-30,Fraud Concern,High,Resolved,28.1
4007200,100643,2025-08-19,ATM Issue,Medium,Open,6.1
4007201,104690,2025-12-22,Payment Dispute,Low,Resolved,2.8
4007202,101856,2025-09-05,Account Access,Medium,Resolved,10.1
4007203,101331,2025-01-12,Account Access,Low,In Progress,10.8
4007204,100259,2025-06-09,Payment Dispute,Low,Resolved,28.1
4007205,104512,2025-12-26,General Query,Medium,Resolved,21.7
4007206,103245,2025-01-23,General Query,Medium,Resolved,27.0
4007207,102739,2025-08-10,Payment Dispute,Medium,Open,4.6
4007208,100214,2025-12-15,Transaction Failure,Medium,Resolved,20.0
4007209,102429,2025-12-19,General Query,Medium,Open,2.7
4007210,102465,2025-02-15,Card Issue,Medium,Resolved,12.1
4007211,103336,2025-07-23,Transaction Failure,Low,In Progress,20.8
4007212,100349,2025-04-18,Transaction Failure,Low,Resolved,29.8
4007213,103849,2025-03-07,General Query,Low,Resolved,8.7
4007214,103343,2025-11-01,Transaction Failure,Medium,Resolved,36.0
4007215,102244,2025-04-14,General Query,Medium,Resolved,28.2
4007216,100584,2025-07-17,Transaction Failure,Medium,Resolved,8.3
4007217,103902,2025-12-08,Payment Dispute,High,Resolved,37.1
4007218,104906,2025-10-23,Transaction Failure,High,Resolved,9.8
4007219,101292,2025-06-07,General Query,Medium,Resolved,23.9
4007220,104700,2025-09-13,Card Issue,Low,Open,19.0
4007221,103363,2025-10-14,Fraud Concern,Medium,Resolved,29.6
4007222,101883,2025-01-24,Fraud Concern,Low,Resolved,2.4
4007223,103385,2025-02-08,ATM Issue,Low,Resolved,24.7
4007224,101373,2025-07-26,Payment Dispute,Low,Resolved,44.1
4007225,102518,2025-08-11,Transaction Failure,Low,Resolved,14.0
4007226,101779,2025-06-01,General Query,Low,Open,13.0
4007227,103113,2025-06-18,General Query,Medium,Open,18.4
4007228,101657,2025-06-01,Account Access,High,Resolved,19.3
4007229,101224,2025-10-08,ATM Issue,Critical,Resolved,37.0
4007230,100124,2025-07-09,Card Issue,Low,Resolved,10.3
4007231,101655,2025-09-05,ATM Issue,Low,Resolved,8.6
4007232,100352,2025-08-18,Payment Dispute,Medium,Resolved,17.1
4007233,100368,2025-11-10,Fraud Concern,Low,Resolved,4.2
4007234,102254,2025-02-24,ATM Issue,Low,Resolved,12.6
4007235,100728,2025-04-27,Payment Dispute,Low,In Progress,37.6
4007236,102635,2025-10-14,General Query,Low,Resolved,11.4
4007237,101440,2025-10-01,General Query,Medium,Resolved,13.9
4007238,104331,2025-09-15,Card Issue,Medium,Resolved,12.9
4007239,103174,2025-01-05,Card Issue,Medium,Resolved,18.2
4007240,103320,2025-06-30,Fraud Concern,High,In Progress,31.1
4007241,103680,2025-06-05,ATM Issue,Medium,Resolved,16.6
4007242,101899,2025-12-14,Card Issue,Low,Resolved,23.8
4007243,104724,2025-05-19,General Query,Low,Resolved,14.4
4007244,102542,2025-11-25,Transaction Failure,Critical,Open,9.2
4007245,104963,2025-08-15,ATM Issue,Medium,Resolved,8.1
4007246,103718,2025-09-08,Payment Dispute,Low,Resolved,20.3
4007247,101605,2025-03-09,Account Access,Low,Resolved,22.9
4007248,104312,2025-10-05,Fraud Concern,Medium,Resolved,16.0
4007249,103643,2025-01-05,Transaction Failure,High,Resolved,13.1
4007250,104883,2025-01-12,Transaction Failure,Low,Resolved,9.8
4007251,101077,2025-04-14,General Query,High,Open,5.2
4007252,104816,2025-05-27,Card Issue,Low,Resolved,26.2
4007253,104492,2025-07-07,General Query,Low,Resolved,2.0
4007254,104131,2025-11-14,Payment Dispute,Low,In Progress,10.2
4007255,101535,2025-02-26,General Query,High,Resolved,5.8
4007256,100288,2025-09-04,General Query,Medium,Resolved,18.2
4007257,104010,2025-10-13,Transaction Failure,Medium,Resolved,5.5
4007258,101174,2025-10-23,Payment Dispute,Medium,Resolved,11.1
4007259,103679,2025-03-31,ATM Issue,Medium,Resolved,13.6
4007260,103256,2025-04-19,Account Access,Medium,Resolved,32.0
4007261,101926,2025-10-08,Transaction Failure,Critical,Open,12.4
4007262,101140,2025-04-18,Fraud Concern,Medium,Resolved,61.0
4007263,104802,2025-01-17,Account Access,Low,Resolved,4.6
4007264,101775,2025-12-07,Payment Dispute,Medium,Resolved,29.3
4007265,101569,2025-10-16,General Query,Medium,Resolved,7.5
4007266,103645,2025-09-23,Transaction Failure,Low,Resolved,35.7
4007267,100533,2025-05-20,Account Access,Medium,In Progress,15.6
4007268,102169,2025-12-17,Card Issue,High,Resolved,7.8
4007269,101475,2025-04-17,Card Issue,High,Resolved,7.8
4007270,103276,2025-05-12,Account Access,Medium,Resolved,11.8
4007271,103558,2025-04-08,General Query,High,Resolved,0.9
4007272,102836,2025-05-31,ATM Issue,Low,Resolved,23.1
4007273,101263,2025-08-13,General Query,Medium,Resolved,20.3
4007274,102989,2025-02-21,Account Access,High,Resolved,13.3
4007275,100237,2025-04-06,Account Access,Medium,Resolved,15.1
4007276,103918,2025-12-24,Fraud Concern,High,In Progress,11.7
4007277,104206,2025-07-09,General Query,Low,Resolved,20.9
4007278,100259,2025-01-22,Account Access,Medium,Resolved,2.5
4007279,104367,2025-03-28,General Query,Medium,In Progress,16.2
4007280,103864,2025-01-01,Account Access,Medium,Resolved,13.2
4007281,104898,2025-01-19,Card Issue,High,Resolved,59.1
4007282,100513,2025-01-27,Payment Dispute,Medium,Open,19.6
4007283,101529,2025-10-31,General Query,Medium,Open,10.4
4007284,102121,2025-03-06,Transaction Failure,Low,Resolved,16.9
4007285,103064,2025-11-20,Account Access,Medium,Resolved,12.8
4007286,100985,2025-04-25,Payment Dispute,High,Resolved,6.1
4007287,102050,2025-10-28,Fraud Concern,Low,Resolved,12.0
4007288,104392,2025-08-30,Account Access,High,In Progress,23.2
4007289,104695,2025-01-08,General Query,Low,Open,28.1
4007290,102192,2025-03-30,Fraud Concern,Medium,Resolved,64.4
4007291,101179,2025-04-27,Card Issue,Low,Resolved,35.8
4007292,103812,2025-08-09,General Query,Medium,Resolved,14.6
4007293,104555,2025-06-02,ATM Issue,High,Resolved,16.0
4007294,101790,2025-05-19,Fraud Concern,Medium,Resolved,20.4
4007295,101340,2025-01-31,Account Access,Medium,Resolved,3.4
4007296,100128,2025-05-05,Payment Dispute,High,Resolved,31.5
4007297,103973,2025-11-23,Transaction Failure,Medium,Resolved,6.4
4007298,103765,2025-12-13,Payment Dispute,Medium,Resolved,16.3
4007299,103875,2025-08-15,General Query,Low,Resolved,19.8
4007300,100035,2025-04-02,Transaction Failure,Medium,Resolved,26.7
4007301,101351,2025-12-09,Payment Dispute,Low,Resolved,6.4
4007302,101824,2025-02-17,General Query,Medium,Resolved,11.2
4007303,100288,2025-09-21,Payment Dispute,Medium,Resolved,15.0
4007304,102715,2025-08-17,General Query,High,Resolved,21.2
4007305,103311,2025-03-20,Transaction Failure,Low,In Progress,3.3
4007306,103045,2025-02-27,General Query,Low,Resolved,7.8
4007307,104770,2025-10-02,Account Access,Low,Resolved,16.9
4007308,100820,2025-11-20,Fraud Concern,High,Resolved,24.5
4007309,100710,2025-07-31,Fraud Concern,Medium,Resolved,28.8
4007310,101836,2025-09-17,General Query,Medium,Resolved,28.3
4007311,102897,2025-07-08,Transaction Failure,Low,Open,10.2
4007312,104134,2025-12-18,Account Access,Medium,Open,6.7
4007313,100979,2025-11-24,Fraud Concern,High,Resolved,19.2
4007314,100883,2025-11-02,ATM Issue,Medium,Resolved,20.0
4007315,100109,2025-01-18,Transaction Failure,Low,Open,17.7
4007316,100816,2025-03-25,Transaction Failure,Low,Resolved,48.3
4007317,103713,2025-01-01,Transaction Failure,Critical,Resolved,4.3
4007318,104943,2025-03-10,Fraud Concern,Medium,Resolved,27.7
4007319,100455,2025-12-21,General Query,Medium,Resolved,3.9
4007320,104009,2025-08-27,Transaction Failure,Medium,Resolved,2.4
4007321,104205,2025-09-05,General Query,Medium,Resolved,29.5
4007322,104294,2025-09-13,Payment Dispute,Low,Resolved,10.0
4007323,102677,2025-05-17,General Query,Low,Resolved,17.4
4007324,101927,2025-05-28,ATM Issue,Low,Resolved,7.2
4007325,100986,2025-01-19,Transaction Failure,Medium,Resolved,21.2
4007326,100123,2025-02-04,ATM Issue,Low,Resolved,27.8
4007327,101690,2025-05-12,Card Issue,Medium,Resolved,13.9
4007328,101196,2025-03-27,Card Issue,High,Resolved,20.3
4007329,104656,2025-10-26,Card Issue,Medium,Resolved,15.7
4007330,100509,2025-05-13,General Query,Low,Resolved,7.9
4007331,100883,2025-07-07,General Query,Low,Resolved,9.5
4007332,103294,2025-01-05,General Query,Low,Resolved,17.5
4007333,100559,2025-12-17,General Query,Low,Open,24.4
4007334,100583,2025-02-22,General Query,High,Resolved,4.7
4007335,101177,2025-12-28,Card Issue,Medium,Resolved,19.9
4007336,103847,2025-06-12,Account Access,Low,Resolved,33.1
4007337,101830,2025-05-13,General Query,Low,Resolved,17.7
4007338,101580,2025-04-27,Payment Dispute,Low,Resolved,56.5
4007339,100706,2025-09-11,Account Access,High,Resolved,5.1
4007340,102647,2025-01-08,ATM Issue,High,Resolved,10.9
4007341,101127,2025-11-24,General Query,Medium,Resolved,11.3
4007342,102151,2025-07-17,ATM Issue,Low,Resolved,37.3
4007343,101638,2025-02-10,Account Access,Medium,Resolved,28.3
4007344,101071,2025-01-09,ATM Issue,High,Resolved,5.1
4007345,104504,2025-12-27,Payment Dispute,Low,Resolved,14.2
4007346,104292,2025-03-18,Account Access,Low,Resolved,22.4
4007347,101960,2025-08-11,Card Issue,Low,Resolved,4.2
4007348,101898,2025-03-22,ATM Issue,Low,Resolved,11.6
4007349,101901,2025-07-05,General Query,Low,Resolved,4.5
4007350,100602,2025-11-12,ATM Issue,Medium,Resolved,8.7
4007351,102567,2025-05-04,General Query,Medium,Open,23.2
4007352,101075,2025-12-01,Account Access,Low,Resolved,5.2
4007353,103132,2025-06-06,ATM Issue,Medium,Resolved,5.0
4007354,101788,2025-06-01,Fraud Concern,Low,Resolved,6.6
4007355,104937,2025-04-09,General Query,Low,Resolved,19.0
4007356,102378,2025-09-03,Payment Dispute,Medium,Resolved,10.9
4007357,104467,2025-08-01,Card Issue,Low,Resolved,12.7
4007358,101888,2025-12-20,Transaction Failure,Critical,Resolved,49.9
4007359,103997,2025-07-13,Transaction Failure,High,Resolved,13.0
4007360,104763,2025-04-05,General Query,Medium,Resolved,20.0
4007361,101732,2025-12-21,Account Access,Medium,Resolved,19.4
4007362,100632,2025-06-30,ATM Issue,Medium,Resolved,17.0
4007363,100618,2025-01-07,General Query,Low,Resolved,15.1
4007364,104456,2025-11-14,Payment Dispute,High,Resolved,75.2
4007365,104763,2025-04-12,General Query,Medium,Resolved,37.8
4007366,104472,2025-09-02,Card Issue,High,Resolved,19.7
4007367,103543,2025-02-23,Transaction Failure,Low,Resolved,37.8
4007368,100282,2025-11-15,Card Issue,High,Resolved,15.1
4007369,101194,2025-12-20,Account Access,Medium,Resolved,13.7
4007370,100626,2025-05-14,Card Issue,Low,Resolved,15.3
4007371,101388,2025-03-07,Card Issue,Low,Resolved,24.7
4007372,100083,2025-04-13,Fraud Concern,Low,Resolved,15.5
4007373,101444,2025-09-22,Transaction Failure,Low,Resolved,15.3
4007374,100030,2025-01-28,ATM Issue,High,Resolved,28.0
4007375,101885,2025-06-26,General Query,Low,Open,10.0
4007376,100532,2025-09-16,Fraud Concern,Low,Resolved,5.2
4007377,101989,2025-03-15,Card Issue,Critical,Resolved,13.2
4007378,102405,2025-10-25,Account Access,Low,Resolved,14.3
4007379,100131,2025-02-16,Account Access,Critical,Resolved,8.5
4007380,100318,2025-07-12,Transaction Failure,Critical,Resolved,17.6
4007381,100205,2025-11-22,ATM Issue,Low,Open,8.2
4007382,104527,2025-07-23,Transaction Failure,Medium,Resolved,5.6
4007383,101492,2025-04-04,Account Access,High,Resolved,21.4
4007384,103111,2025-08-16,ATM Issue,Low,Resolved,23.9
4007385,102265,2025-12-07,Payment Dispute,Low,Resolved,14.7
4007386,103731,2025-07-24,Card Issue,Low,In Progress,22.2
4007387,102142,2025-03-14,Account Access,Low,Resolved,11.1
4007388,101332,2025-05-22,Card Issue,Medium,Resolved,15.1
4007389,104401,2025-10-08,Account Access,High,Resolved,2.3
4007390,104477,2025-07-12,Fraud Concern,Medium,Resolved,6.7
4007391,102506,2025-10-01,Fraud Concern,Low,Resolved,14.5
4007392,102446,2025-08-26,Account Access,High,Resolved,29.9
4007393,100425,2025-03-22,Fraud Concern,Low,Resolved,9.6
4007394,102415,2025-02-14,General Query,High,Resolved,38.0
4007395,101228,2025-06-21,Account Access,Low,Open,20.0
4007396,102442,2025-07-25,Transaction Failure,Low,Resolved,2.7
4007397,103990,2025-06-09,Transaction Failure,Low,Resolved,3.5
4007398,102260,2025-08-30,Account Access,Low,Resolved,7.1
4007399,100256,2025-01-09,General Query,Medium,Resolved,9.1
4007400,100279,2025-09-11,General Query,High,Resolved,29.2
4007401,100015,2025-12-07,General Query,High,Resolved,14.7
4007402,101452,2025-04-14,General Query,Low,Resolved,6.2
4007403,103970,2025-06-18,Account Access,Medium,Resolved,8.3
4007404,103088,2025-11-14,Account Access,Medium,Resolved,8.6
4007405,102756,2025-10-06,Account Access,Medium,Resolved,13.4
4007406,100860,2025-11-18,General Query,High,Resolved,25.4
4007407,103772,2025-07-19,General Query,Low,Resolved,49.0
4007408,100254,2025-05-27,ATM Issue,Medium,Resolved,56.6
4007409,100545,2025-02-25,Account Access,Low,Resolved,17.7
4007410,104857,2025-11-14,Fraud Concern,Medium,Resolved,16.9
4007411,101829,2025-02-26,Card Issue,Medium,Resolved,31.9
4007412,103798,2025-06-25,General Query,Low,Open,7.0
4007413,101165,2025-06-28,Card Issue,Critical,Resolved,10.0
4007414,104542,2025-08-06,Payment Dispute,Medium,Resolved,4.3
4007415,104728,2025-10-19,General Query,High,Resolved,13.7
4007416,104016,2025-04-30,Transaction Failure,Low,Resolved,28.5
4007417,103634,2025-02-22,Account Access,High,Resolved,12.3
4007418,101479,2025-09-22,Account Access,Low,Resolved,19.5
4007419,102207,2025-09-03,ATM Issue,Low,Resolved,8.9
4007420,101920,2025-06-30,ATM Issue,Low,In Progress,7.6
4007421,102971,2025-10-19,General Query,Low,Resolved,18.1
4007422,100150,2025-09-07,Account Access,High,In Progress,2.4
4007423,102143,2025-04-11,Fraud Concern,Low,Resolved,14.9
4007424,104744,2025-12-16,Payment Dispute,Medium,Resolved,4.8
4007425,104745,2025-03-11,Transaction Failure,High,Open,6.5
4007426,100515,2025-01-27,Transaction Failure,Low,Resolved,9.1
4007427,104764,2025-07-08,Transaction Failure,High,In Progress,3.3
4007428,103632,2025-09-23,Transaction Failure,High,In Progress,11.5
4007429,103569,2025-03-14,Card Issue,High,In Progress,26.2
4007430,100293,2025-03-02,Payment Dispute,Medium,Resolved,37.3
4007431,101343,2025-03-01,Fraud Concern,High,Resolved,15.7
4007432,103137,2025-10-13,ATM Issue,High,Open,8.4
4007433,104708,2025-07-09,General Query,Medium,Resolved,17.7
4007434,101428,2025-05-12,Fraud Concern,Low,In Progress,9.8
4007435,103610,2025-08-25,Transaction Failure,Low,Resolved,7.3
4007436,100617,2025-03-30,General Query,Low,Resolved,9.3
4007437,102467,2025-08-13,ATM Issue,Medium,In Progress,20.1
4007438,100522,2025-05-24,General Query,Low,In Progress,11.3
4007439,101154,2025-03-23,General Query,High,In Progress,31.2
4007440,102305,2025-04-22,Card Issue,Medium,In Progress,28.8
4007441,104376,2025-03-01,General Query,Low,Open,3.2
4007442,101922,2025-03-20,ATM Issue,High,Resolved,26.3
4007443,102921,2025-01-08,Transaction Failure,Low,Resolved,4.2
4007444,100688,2025-12-30,Payment Dispute,Low,Resolved,14.9
4007445,100503,2025-06-19,Transaction Failure,Low,Resolved,13.7
4007446,103476,2025-08-13,Transaction Failure,Low,Resolved,7.7
4007447,101021,2025-01-18,ATM Issue,Critical,Resolved,3.5
4007448,104150,2025-09-07,Fraud Concern,Low,Resolved,34.7
4007449,101368,2025-09-06,Card Issue,Medium,Resolved,15.0
4007450,101495,2025-04-12,Transaction Failure,Medium,Resolved,4.8
4007451,100927,2025-02-17,General Query,Low,Resolved,3.4
4007452,104231,2025-06-21,Account Access,Low,Resolved,7.3
4007453,103369,2025-08-29,Account Access,High,Resolved,20.3
4007454,100195,2025-05-01,ATM Issue,Low,Resolved,10.4
4007455,102283,2025-09-11,Transaction Failure,Low,Open,10.6
4007456,101709,2025-03-15,ATM Issue,Low,Resolved,17.5
4007457,102893,2025-10-15,Fraud Concern,High,In Progress,24.3
4007458,101835,2025-11-05,Transaction Failure,Medium,Resolved,12.0
4007459,103526,2025-06-02,Fraud Concern,Medium,Resolved,18.2
4007460,102440,2025-06-22,ATM Issue,Medium,Resolved,3.7
4007461,102995,2025-06-08,Payment Dispute,Low,Open,16.5
4007462,103948,2025-01-28,ATM Issue,Low,Open,19.6
4007463,101185,2025-08-08,Payment Dispute,Low,Resolved,28.2
4007464,101373,2025-12-27,Transaction Failure,Low,Open,14.1
4007465,100114,2025-12-05,Transaction Failure,Medium,Resolved,45.7
4007466,103070,2025-12-17,ATM Issue,Low,Open,25.5
4007467,101124,2025-04-21,Fraud Concern,Low,Resolved,24.2
4007468,101595,2025-04-09,Account Access,High,In Progress,10.8
4007469,101902,2025-05-09,Account Access,High,Resolved,3.7
4007470,102663,2025-11-29,ATM Issue,Medium,Resolved,12.5
4007471,102514,2025-01-30,Transaction Failure,Low,Resolved,11.6
4007472,100674,2025-03-12,Transaction Failure,Medium,Resolved,14.5
4007473,100633,2025-08-27,Fraud Concern,Low,Resolved,4.8
4007474,100037,2025-02-26,Account Access,Medium,Open,9.7
4007475,102758,2025-05-02,Payment Dispute,Low,Resolved,4.6
4007476,104429,2025-08-05,Card Issue,High,Resolved,9.1
4007477,102178,2025-12-26,Card Issue,Medium,Resolved,6.2
4007478,102495,2025-09-13,Transaction Failure,Medium,In Progress,21.4
4007479,101101,2025-10-02,General Query,Low,Resolved,5.1
4007480,103729,2025-11-05,Fraud Concern,Low,Open,34.5
4007481,102381,2025-09-25,Transaction Failure,Low,Resolved,17.7
4007482,102172,2025-08-29,Fraud Concern,Low,Resolved,16.1
4007483,103801,2025-12-05,General Query,Critical,Resolved,49.3
4007484,103228,2025-02-10,ATM Issue,Medium,Resolved,14.3
4007485,103780,2025-05-06,Payment Dispute,Medium,Resolved,15.5
4007486,104063,2025-05-29,Card Issue,Low,Resolved,23.7
4007487,100687,2025-02-03,General Query,Medium,Resolved,9.0
4007488,102709,2025-12-29,Card Issue,High,Resolved,8.7
4007489,101921,2025-07-27,Card Issue,Low,Resolved,8.5
4007490,100455,2025-01-13,Card Issue,Low,Resolved,15.0
4007491,104652,2025-08-31,Payment Dispute,High,Resolved,31.3
4007492,100469,2025-09-17,Account Access,Medium,Resolved,15.7
4007493,102264,2025-10-29,Fraud Concern,Low,Resolved,22.3
4007494,100033,2025-03-17,Payment Dispute,Low,Resolved,14.9
4007495,104653,2025-02-26,Account Access,High,Resolved,4.3
4007496,101289,2025-07-01,Account Access,Medium,Resolved,10.1
4007497,101542,2025-06-10,Transaction Failure,Critical,Resolved,1.3
4007498,103794,2025-03-06,Card Issue,Medium,Resolved,6.1
4007499,104090,2025-06-17,Fraud Concern,Low,Resolved,7.0
4007500,103928,2025-08-28,Payment Dispute,Medium,Resolved,8.1
4007501,101805,2025-03-15,General Query,Medium,Resolved,7.3
4007502,104677,2025-01-26,Card Issue,Medium,Resolved,39.5
4007503,101295,2025-05-24,Payment Dispute,Medium,Resolved,53.5
4007504,100073,2025-09-21,Fraud Concern,Critical,Resolved,28.1
4007505,101015,2025-01-29,Transaction Failure,Low,Open,16.3
4007506,102664,2025-05-15,Card Issue,Medium,Resolved,13.2
4007507,102068,2025-03-11,ATM Issue,High,Resolved,12.8
4007508,102929,2025-08-11,General Query,Low,Resolved,27.6
4007509,102791,2025-04-03,Transaction Failure,Medium,Resolved,22.2
4007510,104302,2025-07-24,Card Issue,Low,Resolved,15.2
4007511,103337,2025-11-21,Payment Dispute,Low,Resolved,12.5
4007512,104641,2025-12-14,Payment Dispute,Medium,Resolved,10.3
4007513,101842,2025-06-27,Account Access,High,Resolved,6.4
4007514,104863,2025-04-11,Transaction Failure,High,Resolved,44.0
4007515,101320,2025-01-11,General Query,Low,Resolved,10.1
4007516,101648,2025-07-04,General Query,Low,Resolved,4.9
4007517,104539,2025-11-12,ATM Issue,Low,Resolved,6.4
4007518,104521,2025-05-01,Card Issue,Medium,Resolved,16.9
4007519,104827,2025-08-02,Payment Dispute,Medium,Resolved,5.5
4007520,104592,2025-03-04,Account Access,High,Open,23.2
4007521,104732,2025-03-12,Transaction Failure,Low,Resolved,6.8
4007522,103763,2025-04-27,Account Access,High,In Progress,10.0
4007523,100829,2025-06-16,Payment Dispute,Medium,Resolved,37.0
4007524,101212,2025-06-20,ATM Issue,Low,Resolved,11.2
4007525,102229,2025-12-22,Card Issue,Medium,Resolved,17.4
4007526,104324,2025-10-31,General Query,Low,Resolved,6.0
4007527,103681,2025-11-08,General Query,High,In Progress,31.1
4007528,104867,2025-04-02,General Query,Low,Resolved,8.7
4007529,103475,2025-11-24,Card Issue,Medium,Resolved,20.9
4007530,101660,2025-08-02,Card Issue,Low,Resolved,22.3
4007531,104412,2025-04-11,Account Access,Low,In Progress,9.4
4007532,104360,2025-03-08,Fraud Concern,Low,Open,38.8
4007533,102771,2025-06-25,General Query,Medium,Resolved,12.7
4007534,100260,2025-03-23,Transaction Failure,Medium,Resolved,5.9
4007535,104530,2025-12-03,Card Issue,Medium,Resolved,40.7
4007536,104926,2025-11-02,General Query,Low,Resolved,18.9
4007537,103270,2025-10-05,Transaction Failure,Low,Resolved,25.6
4007538,104260,2025-08-29,Fraud Concern,Low,In Progress,11.7
4007539,101997,2025-01-23,Fraud Concern,Low,Resolved,44.9
4007540,100709,2025-12-19,General Query,Low,Resolved,21.3
4007541,104420,2025-03-02,Fraud Concern,Critical,Open,18.9
4007542,102881,2025-06-27,General Query,Medium,Resolved,21.4
4007543,102902,2025-04-04,Card Issue,High,Resolved,10.0
4007544,100253,2025-07-08,Account Access,High,Resolved,6.1
4007545,103420,2025-09-05,General Query,Medium,Open,9.8
4007546,102629,2025-06-27,Account Access,Medium,Resolved,17.7
4007547,104467,2025-07-22,General Query,Medium,Resolved,1.7
4007548,102941,2025-07-03,Fraud Concern,Medium,Resolved,5.0
4007549,104460,2025-05-27,Fraud Concern,High,Resolved,18.2
4007550,101690,2025-02-02,Account Access,Low,Resolved,9.3
4007551,103993,2025-04-03,Payment Dispute,Low,Resolved,40.1
4007552,103147,2025-02-19,Payment Dispute,Medium,Resolved,23.3
4007553,101140,2025-05-05,Payment Dispute,Low,Resolved,18.3
4007554,101313,2025-12-06,General Query,Low,Resolved,15.2
4007555,104850,2025-01-20,General Query,Low,Resolved,15.2
4007556,101543,2025-11-12,Account Access,Low,Resolved,6.8
4007557,101140,2025-06-08,Payment Dispute,Low,Resolved,17.1
4007558,103641,2025-03-12,Payment Dispute,Medium,Open,23.7
4007559,102164,2025-12-15,Transaction Failure,High,Resolved,1.9
4007560,100938,2025-07-18,Fraud Concern,Low,Resolved,35.2
4007561,104001,2025-11-03,General Query,Low,Resolved,11.9
4007562,101205,2025-09-18,Transaction Failure,Low,Resolved,5.9
4007563,100272,2025-11-30,Fraud Concern,Low,Resolved,14.7
4007564,103896,2025-08-11,Payment Dispute,Medium,Resolved,10.3
4007565,102147,2025-03-24,Fraud Concern,Low,Resolved,8.4
4007566,103373,2025-08-21,Fraud Concern,Low,Resolved,4.7
4007567,104500,2025-05-21,Account Access,Medium,Resolved,22.7
4007568,100894,2025-01-30,Transaction Failure,High,Resolved,29.0
4007569,102407,2025-03-23,Card Issue,Low,Resolved,22.9
4007570,104380,2025-04-12,General Query,Medium,Resolved,26.4
4007571,104540,2025-02-07,Transaction Failure,Low,Resolved,9.8
4007572,104913,2025-10-09,General Query,Low,In Progress,10.8
4007573,102855,2025-02-22,Transaction Failure,Medium,Resolved,30.5
4007574,103993,2025-11-15,Card Issue,Low,Resolved,13.8
4007575,102102,2025-11-21,Payment Dispute,Low,Resolved,8.2
4007576,101271,2025-01-12,Account Access,Medium,Resolved,8.4
4007577,104748,2025-10-07,Card Issue,Low,Resolved,10.8
4007578,100824,2025-12-29,Payment Dispute,High,Resolved,4.2
4007579,103028,2025-05-25,General Query,Medium,Resolved,15.2
4007580,100165,2025-10-23,Account Access,High,Resolved,16.7
4007581,101042,2025-06-23,Card Issue,High,Resolved,10.8
4007582,104970,2025-07-29,Account Access,High,Resolved,37.4
4007583,102522,2025-01-08,Card Issue,High,Resolved,12.9
4007584,103619,2025-10-25,Transaction Failure,Low,Resolved,7.6
4007585,103732,2025-02-08,Account Access,Medium,Resolved,25.1
4007586,100899,2025-08-24,Account Access,Medium,Resolved,15.1
4007587,104846,2025-12-15,Account Access,Medium,Resolved,15.0
4007588,101958,2025-11-04,Transaction Failure,Medium,Resolved,25.0
4007589,100244,2025-12-24,Fraud Concern,Low,Resolved,39.8
4007590,102336,2025-01-09,Account Access,Medium,Resolved,28.4
4007591,100068,2025-08-26,Transaction Failure,High,Resolved,19.3
4007592,103550,2025-10-27,Payment Dispute,Low,Resolved,11.0
4007593,100346,2025-12-10,Card Issue,Low,Resolved,10.3
4007594,100880,2025-05-30,General Query,Low,Open,10.8
4007595,103049,2025-09-28,General Query,High,Resolved,34.1
4007596,102682,2025-07-29,General Query,Low,Resolved,4.6
4007597,104065,2025-08-21,Transaction Failure,Low,Resolved,5.6
4007598,102599,2025-04-28,Fraud Concern,Medium,Resolved,32.6
4007599,101284,2025-10-19,Transaction Failure,High,Resolved,43.9
4007600,100242,2025-10-25,Fraud Concern,Medium,Open,21.4
4007601,100018,2025-01-18,ATM Issue,Low,Resolved,12.4
4007602,100348,2025-06-09,Fraud Concern,High,Resolved,7.5
4007603,102213,2025-10-26,Transaction Failure,Low,Resolved,13.2
4007604,100689,2025-06-16,Transaction Failure,Low,Resolved,27.5
4007605,100522,2025-08-09,Account Access,High,Resolved,9.1
4007606,104512,2025-02-01,ATM Issue,Medium,Resolved,25.2
4007607,101226,2025-01-06,ATM Issue,Critical,Open,8.1
4007608,102012,2025-06-04,Payment Dispute,High,Resolved,13.7
4007609,102946,2025-07-19,Fraud Concern,Medium,Open,44.2
4007610,101352,2025-11-11,General Query,Low,Resolved,29.9
4007611,103576,2025-04-24,Card Issue,Medium,Resolved,25.8
4007612,102020,2025-12-21,Fraud Concern,Medium,Resolved,29.3
4007613,104260,2025-10-19,Card Issue,Low,Resolved,12.5
4007614,104721,2025-11-16,Fraud Concern,Low,Resolved,19.1
4007615,101632,2025-08-01,Fraud Concern,Low,Resolved,11.8
4007616,104368,2025-04-29,General Query,High,Resolved,17.7
4007617,103941,2025-12-17,Payment Dispute,Medium,Resolved,43.2
4007618,100502,2025-12-28,Transaction Failure,Low,Resolved,10.1
4007619,103975,2025-10-23,ATM Issue,Low,Resolved,24.1
4007620,104760,2025-06-28,ATM Issue,Medium,Resolved,19.1
4007621,103666,2025-05-21,Payment Dispute,Low,Resolved,31.6
4007622,100040,2025-09-01,Payment Dispute,Medium,Resolved,21.5
4007623,100233,2025-09-03,Account Access,Low,Resolved,6.8
4007624,102309,2025-01-25,Transaction Failure,High,Resolved,18.1
4007625,100950,2025-05-31,Payment Dispute,High,In Progress,15.4
4007626,103287,2025-12-13,Fraud Concern,Medium,In Progress,9.8
4007627,104501,2025-11-20,Account Access,High,Resolved,14.6
4007628,103977,2025-01-31,Card Issue,Low,Resolved,14.7
4007629,100963,2025-12-16,Account Access,Medium,Resolved,22.7
4007630,103498,2025-02-05,Payment Dispute,Medium,Resolved,25.7
4007631,103576,2025-10-14,Transaction Failure,Low,Resolved,18.8
4007632,102697,2025-07-12,Account Access,High,Resolved,11.6
4007633,100687,2025-11-19,Transaction Failure,Low,Resolved,18.4
4007634,100615,2025-07-07,Account Access,Low,Resolved,23.2
4007635,101140,2025-12-25,ATM Issue,High,Resolved,27.3
4007636,103228,2025-05-03,Transaction Failure,Low,Resolved,5.0
4007637,101247,2025-06-11,Transaction Failure,Medium,Resolved,34.4
4007638,102378,2025-08-15,Fraud Concern,High,Resolved,25.0
4007639,103102,2025-09-04,ATM Issue,Low,Resolved,5.6
4007640,102456,2025-08-21,General Query,Medium,Open,29.1
4007641,103999,2025-08-14,Account Access,Medium,Resolved,17.5
4007642,100094,2025-02-08,Payment Dispute,Medium,Resolved,26.8
4007643,104109,2025-04-16,ATM Issue,Medium,Resolved,22.2
4007644,100360,2025-02-22,Payment Dispute,High,Resolved,14.2
4007645,102542,2025-09-12,Card Issue,Low,Resolved,25.1
4007646,104890,2025-05-25,Fraud Concern,High,In Progress,30.7
4007647,103140,2025-04-07,Account Access,High,Resolved,16.5
4007648,103089,2025-10-31,Card Issue,Low,Resolved,11.1
4007649,100330,2025-11-02,Card Issue,Medium,Resolved,20.3
4007650,100191,2025-06-17,Card Issue,Medium,Resolved,58.7
4007651,102197,2025-08-04,Card Issue,Low,Resolved,11.7
4007652,102682,2025-06-26,Fraud Concern,Low,Resolved,10.7
4007653,102858,2025-02-18,Card Issue,Medium,Resolved,25.8
4007654,102837,2025-01-27,Card Issue,Low,In Progress,10.6
4007655,103318,2025-06-02,General Query,Medium,Resolved,9.8
4007656,101165,2025-03-24,Fraud Concern,Medium,Resolved,7.4
4007657,101070,2025-04-23,Card Issue,Medium,Resolved,22.0
4007658,100488,2025-12-26,Card Issue,Low,Open,25.5
4007659,103492,2025-11-05,Transaction Failure,Low,In Progress,5.0
4007660,101044,2025-01-19,Account Access,Medium,Resolved,10.2
4007661,101829,2025-11-09,Card Issue,Low,Resolved,9.9
4007662,101645,2025-02-02,Account Access,High,Open,9.9
4007663,103125,2025-07-17,Payment Dispute,Medium,Resolved,11.3
4007664,100980,2025-12-23,Fraud Concern,Medium,Resolved,25.4
4007665,101740,2025-04-29,Payment Dispute,High,Resolved,19.0
4007666,104884,2025-10-10,Transaction Failure,Medium,Resolved,19.8
4007667,101471,2025-10-25,Card Issue,Medium,Resolved,11.8
4007668,103452,2025-07-20,General Query,Medium,Resolved,16.5
4007669,101407,2025-07-15,ATM Issue,Low,Resolved,19.9
4007670,104794,2025-01-23,General Query,Medium,Resolved,15.9
4007671,102674,2025-02-22,Card Issue,Low,Resolved,72.9
4007672,101453,2025-04-09,Card Issue,Medium,Resolved,5.8
4007673,102557,2025-08-22,ATM Issue,Medium,Resolved,20.1
4007674,104728,2025-06-28,Transaction Failure,Low,Open,23.0
4007675,100977,2025-09-02,Card Issue,Low,Resolved,26.1
4007676,101015,2025-03-19,Card Issue,High,Resolved,15.1
4007677,100008,2025-10-14,General Query,High,Resolved,24.7
4007678,101369,2025-12-02,Payment Dispute,Medium,Resolved,18.1
4007679,104484,2025-02-03,Payment Dispute,Medium,Open,18.5
4007680,100919,2025-07-08,Fraud Concern,Medium,In Progress,11.3
4007681,103482,2025-10-12,Fraud Concern,Low,Resolved,18.6
4007682,101408,2025-08-08,Account Access,Low,Resolved,48.6
4007683,104142,2025-07-18,Transaction Failure,Medium,Resolved,26.6
4007684,100931,2025-10-20,Fraud Concern,Low,In Progress,15.7
4007685,103718,2025-01-15,Card Issue,Medium,Resolved,10.8
4007686,104068,2025-01-15,Card Issue,Low,Resolved,9.1
4007687,100409,2025-07-21,Transaction Failure,Medium,Resolved,13.1
4007688,101530,2025-01-16,Fraud Concern,Low,Resolved,3.8
4007689,103561,2025-10-17,General Query,High,In Progress,22.0
4007690,102976,2025-07-09,Card Issue,Low,Resolved,14.5
4007691,100054,2025-06-28,General Query,Low,Resolved,5.9
4007692,100334,2025-03-11,Card Issue,Low,Resolved,10.4
4007693,104016,2025-10-16,Account Access,Medium,Resolved,5.7
4007694,103403,2025-11-17,Card Issue,Low,Resolved,14.0
4007695,101345,2025-10-01,Card Issue,Medium,In Progress,15.6
4007696,102271,2025-01-12,Account Access,Medium,Resolved,13.5
4007697,100218,2025-09-15,Card Issue,Low,Resolved,2.7
4007698,104370,2025-11-24,General Query,Low,Open,11.6
4007699,103028,2025-05-16,Fraud Concern,High,Resolved,4.8
4007700,100846,2025-04-13,Card Issue,Low,Resolved,29.3
4007701,104705,2025-10-12,General Query,Low,Resolved,15.8
4007702,101911,2025-06-08,Transaction Failure,Low,Resolved,38.3
4007703,104846,2025-03-07,Account Access,High,In Progress,11.9
4007704,102412,2025-05-08,Account Access,Medium,Resolved,25.1
4007705,102464,2025-12-05,Card Issue,Low,Resolved,24.2
4007706,101121,2025-08-17,Card Issue,Medium,Resolved,19.6
4007707,102710,2025-04-29,Payment Dispute,Low,Resolved,43.3
4007708,102723,2025-04-21,Card Issue,Low,Resolved,2.7
4007709,100271,2025-12-20,Fraud Concern,Low,Resolved,23.6
4007710,103279,2025-02-08,Fraud Concern,Medium,Resolved,7.9
4007711,100321,2025-04-01,Payment Dispute,Low,Resolved,12.8
4007712,101644,2025-03-01,General Query,Medium,Resolved,5.2
4007713,103123,2025-09-09,ATM Issue,Medium,Resolved,6.3
4007714,104948,2025-04-17,Card Issue,Medium,Resolved,8.8
4007715,100911,2025-01-17,Card Issue,Medium,In Progress,4.2
4007716,100330,2025-05-04,Fraud Concern,Low,Resolved,10.4
4007717,104200,2025-06-07,General Query,Medium,Resolved,25.7
4007718,101560,2025-09-11,ATM Issue,Low,Resolved,17.9
4007719,101164,2025-01-13,Card Issue,Medium,Resolved,16.7
4007720,100779,2025-04-17,Account Access,Critical,Resolved,10.7
4007721,102317,2025-03-25,ATM Issue,High,Resolved,21.3
4007722,101776,2025-11-23,Fraud Concern,Medium,Resolved,33.0
4007723,100117,2025-12-30,Transaction Failure,High,Resolved,15.4
4007724,102789,2025-03-11,ATM Issue,Medium,In Progress,18.8
4007725,104725,2025-01-08,ATM Issue,Medium,In Progress,17.0
4007726,103704,2025-05-09,Transaction Failure,Low,Resolved,10.5
4007727,103500,2025-05-14,Account Access,High,Resolved,6.4
4007728,102595,2025-10-23,ATM Issue,Medium,Resolved,8.9
4007729,101184,2025-01-01,Account Access,Medium,Resolved,48.7
4007730,100709,2025-01-08,Card Issue,Low,Resolved,15.8
4007731,100109,2025-08-05,ATM Issue,High,Resolved,11.6
4007732,103968,2025-03-25,Fraud Concern,Medium,Resolved,6.9
4007733,100539,2025-06-11,Card Issue,Low,Resolved,8.4
4007734,100387,2025-02-05,Transaction Failure,High,Resolved,28.7
4007735,100972,2025-09-12,Transaction Failure,Low,Resolved,9.5
4007736,101667,2025-04-10,Fraud Concern,Low,Resolved,52.9
4007737,104264,2025-11-12,General Query,Medium,Open,17.0
4007738,104175,2025-03-30,Payment Dispute,Low,Resolved,6.1
4007739,103120,2025-02-10,Fraud Concern,Medium,Resolved,38.1
4007740,103546,2025-02-01,Transaction Failure,High,Resolved,21.1
4007741,103686,2025-09-10,ATM Issue,Medium,Resolved,14.8
4007742,103442,2025-05-11,Account Access,Low,Resolved,30.0
4007743,104798,2025-11-09,ATM Issue,Low,Resolved,2.9
4007744,101186,2025-08-31,General Query,Medium,Resolved,51.5
4007745,102127,2025-04-30,Payment Dispute,Medium,Resolved,6.7
4007746,104657,2025-04-29,Card Issue,Low,In Progress,19.3
4007747,102783,2025-03-25,Fraud Concern,Low,Resolved,9.9
4007748,101533,2025-01-28,Payment Dispute,High,Resolved,29.6
4007749,101882,2025-04-14,General Query,Medium,Resolved,9.4
4007750,100825,2025-06-18,Card Issue,Medium,Resolved,3.7
4007751,102389,2025-09-17,Account Access,Medium,Open,7.1
4007752,101924,2025-12-11,Account Access,Low,Resolved,11.6
4007753,102459,2025-04-20,Payment Dispute,Low,Resolved,8.3
4007754,102514,2025-11-24,General Query,Medium,Resolved,2.0
4007755,102893,2025-04-18,Account Access,Medium,Resolved,12.4
4007756,101623,2025-09-12,Fraud Concern,Medium,Resolved,12.2
4007757,102781,2025-04-14,Account Access,High,Resolved,26.9
4007758,103964,2025-12-22,Transaction Failure,Low,Resolved,11.0
4007759,103995,2025-05-07,ATM Issue,Medium,Resolved,15.8
4007760,102940,2025-12-09,General Query,Low,Resolved,11.1
4007761,104473,2025-10-20,Account Access,Low,Open,3.7
4007762,102837,2025-06-12,Account Access,Low,Resolved,18.4
4007763,104048,2025-11-11,Card Issue,Low,Resolved,30.6
4007764,102484,2025-05-03,ATM Issue,Low,Resolved,31.0
4007765,102753,2025-11-29,Account Access,Low,Resolved,17.0
4007766,101487,2025-12-31,Account Access,High,Resolved,6.8
4007767,102979,2025-08-01,Card Issue,Medium,Open,24.9
4007768,103956,2025-08-08,ATM Issue,Medium,In Progress,23.9
4007769,102821,2025-09-23,General Query,Medium,Open,9.0
4007770,103542,2025-03-27,Fraud Concern,Low,Resolved,48.1
4007771,104629,2025-07-08,Payment Dispute,Low,Resolved,18.3
4007772,104781,2025-05-04,Account Access,Medium,Resolved,21.7
4007773,103144,2025-06-04,ATM Issue,Medium,Resolved,9.2
4007774,103989,2025-07-04,Account Access,Low,In Progress,4.8
4007775,104652,2025-11-20,Transaction Failure,Medium,Resolved,4.5
4007776,102607,2025-12-15,Transaction Failure,Low,Resolved,14.8
4007777,100049,2025-09-07,Account Access,Medium,Resolved,40.2
4007778,102542,2025-07-26,Card Issue,Medium,Resolved,16.2
4007779,104668,2025-02-07,Card Issue,Medium,Resolved,22.6
4007780,102317,2025-06-16,Payment Dispute,Medium,Resolved,19.0
4007781,103448,2025-10-21,Transaction Failure,Medium,Resolved,33.8
4007782,104862,2025-08-07,Fraud Concern,Medium,Resolved,2.8
4007783,102060,2025-06-19,Transaction Failure,Medium,Resolved,21.6
4007784,102538,2025-07-11,Card Issue,Medium,Resolved,30.9
4007785,103791,2025-07-29,Account Access,Low,Resolved,47.2
4007786,103825,2025-07-30,Transaction Failure,High,Resolved,12.3
4007787,100826,2025-11-20,Fraud Concern,Medium,Resolved,31.8
4007788,102934,2025-11-03,Fraud Concern,Medium,Resolved,11.5
4007789,101162,2025-02-02,Transaction Failure,Low,Resolved,42.9
4007790,102447,2025-08-07,Fraud Concern,Medium,Resolved,17.0
4007791,100492,2025-06-19,Transaction Failure,Low,Open,15.2
4007792,100901,2025-11-05,Account Access,Medium,Resolved,20.0
4007793,100216,2025-12-02,Card Issue,Low,Resolved,6.1
4007794,104558,2025-08-07,ATM Issue,Critical,Open,34.0
4007795,102352,2025-01-06,Card Issue,Medium,Resolved,23.7
4007796,103402,2025-06-21,Payment Dispute,High,Open,20.0
4007797,100822,2025-08-20,Payment Dispute,Medium,Resolved,12.2
4007798,104735,2025-01-15,General Query,Low,Resolved,29.2
4007799,102037,2025-06-04,Card Issue,Medium,In Progress,34.7
4007800,101864,2025-07-03,General Query,Medium,Resolved,8.6
4007801,104709,2025-11-04,Payment Dispute,Low,Open,14.1
4007802,102190,2025-07-18,Fraud Concern,Critical,Resolved,12.9
4007803,100381,2025-08-20,ATM Issue,Medium,Resolved,10.7
4007804,102302,2025-11-21,Account Access,High,Resolved,22.0
4007805,104456,2025-12-18,ATM Issue,Medium,Resolved,3.0
4007806,103607,2025-08-27,Card Issue,Low,Resolved,24.1
4007807,101116,2025-12-21,Transaction Failure,Low,Resolved,25.1
4007808,102805,2025-09-16,Account Access,Medium,Resolved,14.9
4007809,102204,2025-05-24,Fraud Concern,Low,Resolved,5.3
4007810,102304,2025-02-10,Card Issue,High,Resolved,24.4
4007811,101366,2025-05-04,Payment Dispute,Medium,Resolved,18.0
4007812,103209,2025-07-26,Transaction Failure,Low,Resolved,3.2
4007813,101392,2025-09-13,General Query,Low,Resolved,8.6
4007814,101883,2025-09-14,General Query,Low,Open,6.5
4007815,100719,2025-06-13,ATM Issue,High,Resolved,27.0
4007816,101953,2025-03-07,Fraud Concern,Low,In Progress,16.5
4007817,103477,2025-09-09,Fraud Concern,Low,Resolved,30.8
4007818,104521,2025-09-09,Fraud Concern,Low,Open,44.6
4007819,100566,2025-05-26,Account Access,Low,Resolved,30.8
4007820,104045,2025-12-09,General Query,Medium,Resolved,21.2
4007821,103121,2025-08-10,Fraud Concern,Critical,Resolved,23.7
4007822,101745,2025-01-21,General Query,Low,Resolved,11.7
4007823,101610,2025-11-11,General Query,Medium,Resolved,21.4
4007824,104325,2025-12-16,General Query,Low,Resolved,13.9
4007825,103372,2025-12-01,General Query,Medium,Resolved,3.8
4007826,102249,2025-05-19,Transaction Failure,High,Resolved,20.5
4007827,104281,2025-10-25,Fraud Concern,Low,Resolved,10.6
4007828,104976,2025-02-14,Fraud Concern,Low,Resolved,28.7
4007829,102834,2025-03-27,ATM Issue,Medium,Resolved,18.9
4007830,100979,2025-08-14,Transaction Failure,Medium,Resolved,13.5
4007831,102317,2025-11-11,Account Access,Low,Resolved,27.1
4007832,103140,2025-12-20,Transaction Failure,Medium,Resolved,5.9
4007833,104421,2025-05-07,Payment Dispute,Low,Resolved,7.9
4007834,103627,2025-03-15,ATM Issue,Medium,Open,27.8
4007835,103611,2025-09-24,Fraud Concern,High,Resolved,12.9
4007836,101143,2025-12-15,Card Issue,Medium,Resolved,42.3
4007837,103519,2025-01-15,Transaction Failure,Medium,Open,27.8
4007838,104367,2025-01-09,General Query,High,Resolved,36.9
4007839,100346,2025-01-18,Fraud Concern,Medium,Resolved,7.8
4007840,100336,2025-03-05,Transaction Failure,Medium,Resolved,45.0
4007841,103996,2025-02-05,Transaction Failure,Medium,In Progress,10.7
4007842,104431,2025-11-10,Card Issue,Low,Resolved,12.8
4007843,104529,2025-06-20,Account Access,Medium,Resolved,39.5
4007844,104961,2025-01-17,Account Access,Medium,Resolved,14.5
4007845,104108,2025-12-15,Transaction Failure,Medium,Resolved,30.3
4007846,100286,2025-12-31,ATM Issue,Low,Resolved,4.4
4007847,103464,2025-02-25,Transaction Failure,Critical,Resolved,14.0
4007848,102376,2025-04-27,Payment Dispute,Low,Resolved,16.4
4007849,101946,2025-03-28,Transaction Failure,Medium,Resolved,27.5
4007850,103126,2025-01-24,Fraud Concern,High,Open,17.4
4007851,104039,2025-07-31,Fraud Concern,Low,Open,23.4
4007852,100112,2025-09-08,Transaction Failure,Medium,Resolved,20.5
4007853,101671,2025-09-26,Fraud Concern,High,Resolved,9.1
4007854,102364,2025-03-24,Transaction Failure,Medium,Resolved,1.7
4007855,101155,2025-10-15,Payment Dispute,Low,Resolved,20.5
4007856,100492,2025-11-23,Payment Dispute,Low,Resolved,8.8
4007857,103463,2025-03-09,Card Issue,Low,Resolved,40.1
4007858,103512,2025-05-07,Transaction Failure,Medium,In Progress,19.8
4007859,103348,2025-09-12,Account Access,Low,Resolved,4.6
4007860,104842,2025-03-25,Transaction Failure,Low,Resolved,20.9
4007861,103584,2025-02-05,General Query,High,Resolved,7.2
4007862,101328,2025-03-08,Transaction Failure,High,Open,27.9
4007863,103412,2025-02-26,Account Access,Medium,Resolved,6.5
4007864,104500,2025-06-12,Account Access,Low,Open,4.6
4007865,104049,2025-05-26,Fraud Concern,Low,Resolved,11.9
4007866,103644,2025-06-14,Transaction Failure,Low,Resolved,25.6
4007867,102826,2025-04-08,Payment Dispute,Medium,Resolved,8.4
4007868,102840,2025-01-08,Fraud Concern,Medium,Resolved,17.1
4007869,104889,2025-08-10,Card Issue,Low,Resolved,11.8
4007870,101633,2025-01-13,General Query,Medium,In Progress,12.7
4007871,100085,2025-04-11,General Query,Medium,Resolved,22.2
4007872,102845,2025-01-18,Transaction Failure,Low,Open,19.7
4007873,103741,2025-03-09,Account Access,High,Resolved,21.0
4007874,104540,2025-07-25,General Query,Low,Resolved,5.4
4007875,100484,2025-11-13,General Query,Medium,Resolved,25.3
4007876,103148,2025-01-18,Card Issue,High,Resolved,17.5
4007877,101858,2025-09-18,Transaction Failure,Medium,Resolved,17.2
4007878,100068,2025-01-02,General Query,Medium,Resolved,15.6
4007879,103778,2025-06-29,Fraud Concern,Medium,Resolved,4.1
4007880,102071,2025-08-20,Payment Dispute,Medium,Resolved,15.7
4007881,103700,2025-04-25,Card Issue,Medium,Resolved,71.2
4007882,101125,2025-09-29,General Query,Low,Resolved,16.3
4007883,104908,2025-05-25,Transaction Failure,Critical,Resolved,16.3
4007884,100713,2025-07-18,Card Issue,Low,Resolved,18.2
4007885,104960,2025-05-27,General Query,Medium,Resolved,19.2
4007886,103807,2025-04-05,Fraud Concern,High,Resolved,12.0
4007887,100937,2025-11-10,Transaction Failure,Medium,Resolved,16.7
4007888,102658,2025-05-09,Transaction Failure,Critical,Resolved,27.6
4007889,103630,2025-06-11,General Query,Low,Resolved,29.1
4007890,102199,2025-10-22,Card Issue,Medium,Resolved,11.7
4007891,100517,2025-06-23,Card Issue,Medium,Resolved,22.8
4007892,100224,2025-05-07,Fraud Concern,High,Resolved,22.8
4007893,103601,2025-05-28,Fraud Concern,Low,Resolved,16.3
4007894,102530,2025-06-18,Payment Dispute,Low,Open,22.9
4007895,102800,2025-04-18,Fraud Concern,Medium,In Progress,14.1
4007896,100544,2025-09-11,ATM Issue,Low,Resolved,5.4
4007897,104848,2025-11-23,Payment Dispute,Low,Resolved,11.4
4007898,102580,2025-08-20,General Query,Medium,Open,17.6
4007899,104564,2025-03-14,General Query,Low,Resolved,4.1
4007900,101416,2025-12-05,ATM Issue,Medium,Resolved,22.1
4007901,101159,2025-04-10,Card Issue,High,Resolved,19.5
4007902,101183,2025-03-14,Transaction Failure,Low,Resolved,9.2
4007903,103996,2025-01-27,Transaction Failure,Medium,Resolved,9.2
4007904,103195,2025-09-07,Fraud Concern,Medium,Resolved,9.9
4007905,103654,2025-12-06,ATM Issue,Low,Resolved,15.1
4007906,102007,2025-09-07,Transaction Failure,High,Resolved,39.6
4007907,102798,2025-05-16,Card Issue,Medium,Resolved,7.6
4007908,102158,2025-08-19,General Query,Low,Resolved,46.6
4007909,103936,2025-06-12,Fraud Concern,High,Resolved,7.6
4007910,102373,2025-10-14,Account Access,Low,Resolved,25.0
4007911,102353,2025-11-05,Transaction Failure,Low,Resolved,17.5
4007912,101549,2025-06-16,General Query,Low,Resolved,8.3
4007913,100690,2025-12-15,Card Issue,Medium,Resolved,23.7
4007914,101981,2025-05-23,Fraud Concern,High,Resolved,9.3
4007915,101695,2025-08-11,Transaction Failure,Low,Resolved,3.3
4007916,102442,2025-10-28,Card Issue,Low,Open,20.4
4007917,101811,2025-09-03,Card Issue,Medium,Resolved,19.9
4007918,104137,2025-12-25,Fraud Concern,High,Resolved,15.9
4007919,102321,2025-10-15,Transaction Failure,Medium,In Progress,27.7
4007920,103268,2025-05-18,Card Issue,Low,Resolved,39.1
4007921,100626,2025-12-21,ATM Issue,Low,Resolved,5.3
4007922,101184,2025-08-11,Fraud Concern,Low,Resolved,1.2
4007923,102783,2025-03-17,Transaction Failure,Medium,Resolved,19.5
4007924,101808,2025-06-30,ATM Issue,Medium,In Progress,1.7
4007925,104280,2025-08-07,Transaction Failure,Medium,Resolved,2.4
4007926,102278,2025-02-11,Card Issue,Medium,In Progress,17.4
4007927,104408,2025-05-22,Payment Dispute,Low,Resolved,28.5
4007928,104767,2025-06-22,Transaction Failure,High,Resolved,11.5
4007929,103511,2025-09-20,Transaction Failure,High,In Progress,18.9
4007930,103853,2025-07-04,Payment Dispute,Low,Resolved,32.1
4007931,100023,2025-02-24,General Query,Medium,Open,12.3
4007932,102018,2025-11-17,Transaction Failure,Medium,Resolved,15.7
4007933,100351,2025-03-23,ATM Issue,Medium,Resolved,30.8
4007934,103426,2025-05-27,ATM Issue,Medium,In Progress,19.2
4007935,100452,2025-02-04,Card Issue,Medium,Resolved,38.1
4007936,100652,2025-11-26,Fraud Concern,Medium,Resolved,8.5
4007937,104077,2025-01-11,Payment Dispute,Medium,Resolved,8.1
4007938,102914,2025-02-07,General Query,Medium,Open,24.8
4007939,103139,2025-01-07,Account Access,High,Resolved,22.6
4007940,101890,2025-09-20,Transaction Failure,Low,In Progress,47.0
4007941,104378,2025-01-09,Card Issue,Low,Resolved,28.2
4007942,100138,2025-01-31,Transaction Failure,Critical,In Progress,13.2
4007943,101001,2025-02-25,Fraud Concern,Low,Resolved,18.6
4007944,101510,2025-02-12,General Query,Low,Resolved,13.8
4007945,102567,2025-07-31,Card Issue,Low,Open,1.5
4007946,104642,2025-08-19,Transaction Failure,Medium,Resolved,20.6
4007947,104024,2025-08-11,ATM Issue,Critical,Resolved,91.4
4007948,102256,2025-02-20,Payment Dispute,High,Open,47.9
4007949,102122,2025-12-24,Transaction Failure,Low,Resolved,19.5
4007950,103637,2025-04-01,ATM Issue,Medium,Resolved,14.8
4007951,103532,2025-12-05,Card Issue,Low,Resolved,5.3
4007952,104626,2025-07-12,Payment Dispute,Low,Resolved,33.0
4007953,101332,2025-02-11,Card Issue,Low,Resolved,16.5
4007954,100745,2025-03-14,Account Access,Medium,Resolved,18.4
4007955,100413,2025-03-30,Transaction Failure,Low,Resolved,23.8
4007956,102386,2025-03-19,Account Access,Medium,Resolved,13.7
4007957,104463,2025-12-07,ATM Issue,High,Resolved,9.3
4007958,101804,2025-04-07,Transaction Failure,Low,Resolved,25.8
4007959,102531,2025-02-22,General Query,Medium,Resolved,4.6
4007960,103181,2025-08-12,Transaction Failure,Low,Open,0.5
4007961,100083,2025-12-21,Account Access,High,Resolved,6.5
4007962,104413,2025-12-18,General Query,Low,Open,13.3
4007963,102970,2025-03-06,Fraud Concern,Low,Resolved,6.3
4007964,100131,2025-03-18,General Query,High,Resolved,7.0
4007965,101288,2025-01-22,General Query,Low,Resolved,7.8
4007966,101475,2025-02-05,General Query,Medium,Resolved,5.3
4007967,101205,2025-09-20,Fraud Concern,High,Resolved,30.0
4007968,103430,2025-02-19,General Query,Medium,Resolved,17.3
4007969,104705,2025-09-16,Account Access,High,Resolved,10.0
4007970,101770,2025-08-13,Payment Dispute,Low,Resolved,11.1
4007971,103313,2025-02-06,Account Access,High,Resolved,7.9
4007972,103205,2025-04-19,Payment Dispute,Low,Resolved,17.9
4007973,104612,2025-07-27,Fraud Concern,Low,Resolved,1.4
4007974,101740,2025-10-08,Card Issue,Low,In Progress,26.1
4007975,101115,2025-04-28,Transaction Failure,Medium,Open,21.2
4007976,104945,2025-11-26,Account Access,Low,Open,7.2
4007977,103008,2025-11-02,General Query,Medium,Resolved,7.9
4007978,101540,2025-11-10,Card Issue,Medium,Resolved,14.2
4007979,100998,2025-08-14,General Query,Low,Resolved,12.1
4007980,102678,2025-01-11,Account Access,Low,Open,15.8
4007981,104952,2025-06-20,Card Issue,Low,Resolved,31.2
4007982,102753,2025-06-08,Card Issue,Medium,Resolved,34.3
4007983,104936,2025-01-08,General Query,Medium,Resolved,8.7
4007984,102372,2025-10-26,Account Access,Low,Resolved,11.7
4007985,102095,2025-03-18,Transaction Failure,Medium,Resolved,33.8
4007986,100330,2025-12-15,General Query,Medium,Resolved,13.8
4007987,100957,2025-01-25,General Query,Low,Resolved,19.5
4007988,103508,2025-10-05,Fraud Concern,High,Resolved,9.4
4007989,100680,2025-08-21,ATM Issue,Low,In Progress,1.3
4007990,102661,2025-02-27,Transaction Failure,Medium,Open,19.6
4007991,103078,2025-03-31,Fraud Concern,Medium,Open,17.7
4007992,102883,2025-11-17,Fraud Concern,High,Resolved,6.9
4007993,101643,2025-03-25,Payment Dispute,Medium,Resolved,20.8
4007994,100742,2025-12-14,Card Issue,Medium,Resolved,12.3
4007995,103750,2025-01-12,Account Access,Medium,Resolved,20.5
4007996,103829,2025-09-09,Account Access,Low,In Progress,17.5
4007997,104528,2025-04-28,Transaction Failure,Low,Resolved,4.0
4007998,104794,2025-11-20,General Query,Low,Resolved,15.9
4007999,103354,2025-02-12,Card Issue,Critical,Resolved,9.1
4008000,101230,2025-07-02,Card Issue,Low,Resolved,11.8
